Timestamp,Job Post Link,Job Title,Job Type,Seniority Level,Posted At,Company Name,Company Website,Salary,Description,Resume Path,Application URL,Relevance Score,Application Status,Notes
2026-02-07T23:14:03.135137,https://fr.linkedin.com/jobs/view/global-editorial-content-marketing-stage-intern-paris-at-cozycozy-com-4337099031?refId=TDT4kYD8Vj5nWFUYbH8V7g%3D%3D&trackingId=lQ3UhALmdZBf3pExPHbyxg%3D%3D&position=24&pageNum=0,"Global Editorial Content Marketing Stage / Intern, Paris",Internship,Not Applicable,2025-11-20,cozycozy.com,https://www.cozycozy.com,,,,https://fr.linkedin.com/jobs/view/global-editorial-content-marketing-stage-intern-paris-at-cozycozy-com-4337099031?refId=TDT4kYD8Vj5nWFUYbH8V7g%3D%3D&trackingId=lQ3UhALmdZBf3pExPHbyxg%3D%3D&position=24&pageNum=0,0,Skipped,Skipped: No job description available
2026-02-07T23:14:03.140528,https://fr.linkedin.com/jobs/view/strategy-consultant-internship-private-equity-lyon-f-h-at-indefi-4325718969?refId=TDT4kYD8Vj5nWFUYbH8V7g%3D%3D&trackingId=bM17Rl%2BXmOa2EV%2F7H6pJZg%3D%3D&position=25&pageNum=0,Strategy Consultant Internship - Private Equity - Lyon F/H,Internship,Internship,2025-12-04,INDEFI,http://www.indefi.com,,,,https://fr.linkedin.com/jobs/view/strategy-consultant-internship-private-equity-lyon-f-h-at-indefi-4325718969?refId=TDT4kYD8Vj5nWFUYbH8V7g%3D%3D&trackingId=bM17Rl%2BXmOa2EV%2F7H6pJZg%3D%3D&position=25&pageNum=0,0,Skipped,Skipped: No job description available
2026-02-07T23:14:03.145287,https://fr.linkedin.com/jobs/view/revenue-operations-intern-at-swan-4329689579?refId=TDT4kYD8Vj5nWFUYbH8V7g%3D%3D&trackingId=tsDtDVlfh43mSk37a6Zqzw%3D%3D&position=22&pageNum=0,Revenue Operations Intern,Internship,Internship,2025-12-31,Swan,https://swan.io,,,,https://fr.linkedin.com/jobs/view/revenue-operations-intern-at-swan-4329689579?refId=TDT4kYD8Vj5nWFUYbH8V7g%3D%3D&trackingId=tsDtDVlfh43mSk37a6Zqzw%3D%3D&position=22&pageNum=0,0,Skipped,Skipped: No job description available
2026-02-07T23:14:03.150799,https://fr.linkedin.com/jobs/view/intern-global-talent-acquisition-project-management-h-f-at-lacoste-4297589491?refId=TDT4kYD8Vj5nWFUYbH8V7g%3D%3D&trackingId=DUZqCHP9qjh1Rx60ZJ29Yw%3D%3D&position=23&pageNum=0,Intern Global Talent Acquisition Project Management (H/F),Full-time,Not Applicable,2025-09-08,Lacoste,https://corporate.lacoste.com/,,,,https://fr.linkedin.com/jobs/view/intern-global-talent-acquisition-project-management-h-f-at-lacoste-4297589491?refId=TDT4kYD8Vj5nWFUYbH8V7g%3D%3D&trackingId=DUZqCHP9qjh1Rx60ZJ29Yw%3D%3D&position=23&pageNum=0,0,Skipped,Skipped: No job description available
2026-02-07T23:14:03.155930,https://fr.linkedin.com/jobs/view/stage-assistant-consultant-paid-social-h-f-at-dentsu-4345376920?refId=TDT4kYD8Vj5nWFUYbH8V7g%3D%3D&trackingId=lHI%2BQV8K2ZFZfoU57CmqdA%3D%3D&position=19&pageNum=0,STAGE - Assistant Consultant Paid Social H/F,Full-time,Internship,2026-01-12,dentsu,https://bit.ly/3lDa6Ff,,,,https://fr.linkedin.com/jobs/view/stage-assistant-consultant-paid-social-h-f-at-dentsu-4345376920?refId=TDT4kYD8Vj5nWFUYbH8V7g%3D%3D&trackingId=lHI%2BQV8K2ZFZfoU57CmqdA%3D%3D&position=19&pageNum=0,0,Skipped,Skipped: No job description available
2026-02-07T23:14:03.161263,https://fr.linkedin.com/jobs/view/oliver-wyman-stage-2a-polytechnique-paris-france-at-oliver-wyman-4359427349?refId=TDT4kYD8Vj5nWFUYbH8V7g%3D%3D&trackingId=E0XVYRIzueZ%2B6SSqXnCXzg%3D%3D&position=20&pageNum=0,Oliver Wyman - Stage 2A Polytechnique - Paris (France),Internship,Not Applicable,2026-01-31,Oliver Wyman,http://www.oliverwyman.com,,,,https://fr.linkedin.com/jobs/view/oliver-wyman-stage-2a-polytechnique-paris-france-at-oliver-wyman-4359427349?refId=TDT4kYD8Vj5nWFUYbH8V7g%3D%3D&trackingId=E0XVYRIzueZ%2B6SSqXnCXzg%3D%3D&position=20&pageNum=0,0,Skipped,Skipped: No job description available
2026-02-07T23:14:03.167099,https://fr.linkedin.com/jobs/view/stage-marketing-operations-f-h-at-worldline-4332768064?refId=TDT4kYD8Vj5nWFUYbH8V7g%3D%3D&trackingId=6nDVxO%2FZXrKmawzQxLkpLA%3D%3D&position=21&pageNum=0,Stage - Marketing Operations (F/H),Internship,Entry level,2026-02-06,Worldline,http://worldline.com,,,,https://fr.linkedin.com/jobs/view/stage-marketing-operations-f-h-at-worldline-4332768064?refId=TDT4kYD8Vj5nWFUYbH8V7g%3D%3D&trackingId=6nDVxO%2FZXrKmawzQxLkpLA%3D%3D&position=21&pageNum=0,0,Skipped,Skipped: No job description available
2026-02-07T23:14:03.171233,https://fr.linkedin.com/jobs/view/kering-data-product-owner-stage-at-kering-4361320470?refId=TDT4kYD8Vj5nWFUYbH8V7g%3D%3D&trackingId=vtgAwIhg5Q0oIIwmHJbk7g%3D%3D&position=18&pageNum=0,KERING Data Product Owner (stage),Full-time,Internship,2026-01-13,Kering,https://www.kering.com/en,,,,https://fr.linkedin.com/jobs/view/kering-data-product-owner-stage-at-kering-4361320470?refId=TDT4kYD8Vj5nWFUYbH8V7g%3D%3D&trackingId=vtgAwIhg5Q0oIIwmHJbk7g%3D%3D&position=18&pageNum=0,0,Skipped,Skipped: No job description available
2026-02-07T23:14:03.175611,https://fr.linkedin.com/jobs/view/intern-web-editor-gq-at-cond%C3%A9-nast-4362960775?refId=TDT4kYD8Vj5nWFUYbH8V7g%3D%3D&trackingId=%2B%2FOY0Lc%2FB8PxGrRC33p4xQ%3D%3D&position=14&pageNum=0,Intern Web Editor GQ,Full-time,Internship,2026-02-05,Condé Nast,http://www.condenast.com,,,,https://fr.linkedin.com/jobs/view/intern-web-editor-gq-at-cond%C3%A9-nast-4362960775?refId=TDT4kYD8Vj5nWFUYbH8V7g%3D%3D&trackingId=%2B%2FOY0Lc%2FB8PxGrRC33p4xQ%3D%3D&position=14&pageNum=0,0,Skipped,Skipped: No job description available
2026-02-07T23:14:03.181906,https://fr.linkedin.com/jobs/view/stage-global-strategy-intern-h-f-at-edenred-4365982064?refId=TDT4kYD8Vj5nWFUYbH8V7g%3D%3D&trackingId=OBeWqKSWvLIT7If%2F6w1VSA%3D%3D&position=16&pageNum=0,Stage - Global Strategy Intern (H/F),Internship,Internship,2026-01-27,Edenred,https://www.edenred.com,,,,https://fr.linkedin.com/jobs/view/stage-global-strategy-intern-h-f-at-edenred-4365982064?refId=TDT4kYD8Vj5nWFUYbH8V7g%3D%3D&trackingId=OBeWqKSWvLIT7If%2F6w1VSA%3D%3D&position=16&pageNum=0,0,Skipped,Skipped: No job description available
2026-02-07T23:14:03.187080,https://fr.linkedin.com/jobs/view/strategy-consultant-internship-private-equity-paris-f-h-at-indefi-4362145931?refId=TDT4kYD8Vj5nWFUYbH8V7g%3D%3D&trackingId=kluoyr6MdGCacE0v0JN1pA%3D%3D&position=13&pageNum=0,Strategy Consultant Internship - Private Equity - Paris F/H,Internship,Internship,2026-01-22,INDEFI,http://www.indefi.com,,,,https://fr.linkedin.com/jobs/view/strategy-consultant-internship-private-equity-paris-f-h-at-indefi-4362145931?refId=TDT4kYD8Vj5nWFUYbH8V7g%3D%3D&trackingId=kluoyr6MdGCacE0v0JN1pA%3D%3D&position=13&pageNum=0,0,Skipped,Skipped: No job description available
2026-02-07T23:14:03.191309,https://fr.linkedin.com/jobs/view/corporate-strategy-analyst-stage-paris-at-papernest-4367849121?refId=TDT4kYD8Vj5nWFUYbH8V7g%3D%3D&trackingId=AeFL6bExzQ8Ks95jWICv5A%3D%3D&position=17&pageNum=0,Corporate Strategy Analyst - Stage - Paris,Other,Not Applicable,2026-01-21,papernest,http://www.papernest.com,,,,https://fr.linkedin.com/jobs/view/corporate-strategy-analyst-stage-paris-at-papernest-4367849121?refId=TDT4kYD8Vj5nWFUYbH8V7g%3D%3D&trackingId=AeFL6bExzQ8Ks95jWICv5A%3D%3D&position=17&pageNum=0,0,Skipped,Skipped: No job description available
2026-02-07T23:14:03.197082,https://fr.linkedin.com/jobs/view/data-science-internship-warehouse-optimisation-at-bigblue-4334828942?refId=TDT4kYD8Vj5nWFUYbH8V7g%3D%3D&trackingId=Kb2i9B9L1fZilp9KzpIEWw%3D%3D&position=15&pageNum=0,Data Science Internship - Warehouse optimisation,Internship,Not Applicable,2025-11-07,Bigblue,https://www.bigblue.co/,,,,https://fr.linkedin.com/jobs/view/data-science-internship-warehouse-optimisation-at-bigblue-4334828942?refId=TDT4kYD8Vj5nWFUYbH8V7g%3D%3D&trackingId=Kb2i9B9L1fZilp9KzpIEWw%3D%3D&position=15&pageNum=0,0,Skipped,Skipped: No job description available
2026-02-07T23:14:03.203198,https://fr.linkedin.com/jobs/view/data-analyst-assistant-operations-europe-stage-f-h-at-christian-dior-couture-4328475713?refId=TDT4kYD8Vj5nWFUYbH8V7g%3D%3D&trackingId=cAzGvHA2yNHZ2ccVYquH8w%3D%3D&position=8&pageNum=0,Data Analyst Assistant Operations Europe - Stage F/H,Full-time,Internship,2026-02-02,Christian Dior Couture,https://www.dior.com/carrieres/index.html,,,,https://fr.linkedin.com/jobs/view/data-analyst-assistant-operations-europe-stage-f-h-at-christian-dior-couture-4328475713?refId=TDT4kYD8Vj5nWFUYbH8V7g%3D%3D&trackingId=cAzGvHA2yNHZ2ccVYquH8w%3D%3D&position=8&pageNum=0,0,Skipped,Skipped: No job description available
2026-02-07T23:14:03.208625,https://fr.linkedin.com/jobs/view/vc-analyst-intern-at-wind-4353019038?refId=TDT4kYD8Vj5nWFUYbH8V7g%3D%3D&trackingId=iu%2B3C4iBlyDkhbup6EqcXw%3D%3D&position=12&pageNum=0,VC Analyst Intern,Internship,Internship,2026-01-15,Wind,http://wind.capital,,,,https://fr.linkedin.com/jobs/view/vc-analyst-intern-at-wind-4353019038?refId=TDT4kYD8Vj5nWFUYbH8V7g%3D%3D&trackingId=iu%2B3C4iBlyDkhbup6EqcXw%3D%3D&position=12&pageNum=0,0,Skipped,Skipped: No job description available
2026-02-07T23:14:03.213970,https://fr.linkedin.com/jobs/view/internship-chief-of-staff-at-twoway-4357429590?refId=TDT4kYD8Vj5nWFUYbH8V7g%3D%3D&trackingId=2%2FgPiHY1i%2Fy2o5AyZdxKrQ%3D%3D&position=9&pageNum=0,[Internship] Chief of Staff,Internship,Internship,2026-02-03,TwoWay,https://www.twoway.finance/,,,,https://fr.linkedin.com/jobs/view/internship-chief-of-staff-at-twoway-4357429590?refId=TDT4kYD8Vj5nWFUYbH8V7g%3D%3D&trackingId=2%2FgPiHY1i%2Fy2o5AyZdxKrQ%3D%3D&position=9&pageNum=0,0,Skipped,Skipped: No job description available
2026-02-07T23:14:03.219632,https://fr.linkedin.com/jobs/view/founder-associate-intern-at-n%C5%ABmi%C2%AE-4336590083?refId=TDT4kYD8Vj5nWFUYbH8V7g%3D%3D&trackingId=4U5L%2FZ5zntj%2BBZdRIH36AQ%3D%3D&position=10&pageNum=0,Founder associate intern,Internship,Internship,2025-10-23,Nūmi®,https://www.numi.life/,,,,https://fr.linkedin.com/jobs/view/founder-associate-intern-at-n%C5%ABmi%C2%AE-4336590083?refId=TDT4kYD8Vj5nWFUYbH8V7g%3D%3D&trackingId=4U5L%2FZ5zntj%2BBZdRIH36AQ%3D%3D&position=10&pageNum=0,0,Skipped,Skipped: No job description available
2026-02-07T23:14:03.225941,https://fr.linkedin.com/jobs/view/technology-growth-equity-investment-intern-starting-july-september-2026-for-6-months-at-revaia-4365517336?refId=TDT4kYD8Vj5nWFUYbH8V7g%3D%3D&trackingId=%2BhBFhY4DJR9%2F1H%2FQuyE9Ug%3D%3D&position=11&pageNum=0,Technology Growth Equity - Investment Intern - Starting July/September 2026 for 6 months,Internship,Internship,2026-01-23,Revaia,https://revaia.com,,,,https://fr.linkedin.com/jobs/view/technology-growth-equity-investment-intern-starting-july-september-2026-for-6-months-at-revaia-4365517336?refId=TDT4kYD8Vj5nWFUYbH8V7g%3D%3D&trackingId=%2BhBFhY4DJR9%2F1H%2FQuyE9Ug%3D%3D&position=11&pageNum=0,0,Skipped,Skipped: No job description available
2026-02-07T23:14:03.231709,https://fr.linkedin.com/jobs/view/intern-chinese-project-analyst-h-f-at-richemont-4360856769?refId=TDT4kYD8Vj5nWFUYbH8V7g%3D%3D&trackingId=9JI8hZwggGaIYhkx91%2BsXQ%3D%3D&position=6&pageNum=0,Intern - Chinese Project Analyst (H/F),Full-time,Internship,2026-01-19,Richemont,http://www.richemont.com/,,,,https://fr.linkedin.com/jobs/view/intern-chinese-project-analyst-h-f-at-richemont-4360856769?refId=TDT4kYD8Vj5nWFUYbH8V7g%3D%3D&trackingId=9JI8hZwggGaIYhkx91%2BsXQ%3D%3D&position=6&pageNum=0,0,Skipped,Skipped: No job description available
2026-02-07T23:14:03.237211,https://fr.linkedin.com/jobs/view/stage-marketing-analyst-consumer-insight-h-f-at-richemont-4368757407?refId=TDT4kYD8Vj5nWFUYbH8V7g%3D%3D&trackingId=%2FLkfwuAKrZxpVBMAoDYudg%3D%3D&position=5&pageNum=0,Stage - Marketing Analyst Consumer Insight (H/F),Full-time,Internship,2026-02-04,Richemont,http://www.richemont.com/,,,,https://fr.linkedin.com/jobs/view/stage-marketing-analyst-consumer-insight-h-f-at-richemont-4368757407?refId=TDT4kYD8Vj5nWFUYbH8V7g%3D%3D&trackingId=%2FLkfwuAKrZxpVBMAoDYudg%3D%3D&position=5&pageNum=0,0,Skipped,Skipped: No job description available
2026-02-07T23:14:03.241790,https://fr.linkedin.com/jobs/view/software-engineering-full-stack-intern-in-sydney-australia-at-inautalent-4366978981?refId=TDT4kYD8Vj5nWFUYbH8V7g%3D%3D&trackingId=2pKtRIGC4A%2FcHqrFOf89uA%3D%3D&position=3&pageNum=0,"Software Engineering (Full-Stack) Intern - in Sydney, Australia",Full-time,Internship,2026-01-29,INAUTALENT,https://inautalent.com/,,,,https://fr.linkedin.com/jobs/view/software-engineering-full-stack-intern-in-sydney-australia-at-inautalent-4366978981?refId=TDT4kYD8Vj5nWFUYbH8V7g%3D%3D&trackingId=2pKtRIGC4A%2FcHqrFOf89uA%3D%3D&position=3&pageNum=0,0,Skipped,Skipped: No job description available
2026-02-07T23:14:03.247061,https://fr.linkedin.com/jobs/view/stage-assistant-e-chef-de-projet-marketing-ev%C3%A8nementiel-horlogerie-joaillerie-europe-juillet-2026-at-chanel-4329220344?refId=TDT4kYD8Vj5nWFUYbH8V7g%3D%3D&trackingId=9adg51Ng8zLXDyPSTfoiYg%3D%3D&position=1&pageNum=0,STAGE - Assistant(e) Chef de Projet Marketing & Evènementiel - Horlogerie Joaillerie EUROPE - Juillet 2026,Full-time,Internship,2026-02-04,CHANEL,http://www.chanel.com,,,,https://fr.linkedin.com/jobs/view/stage-assistant-e-chef-de-projet-marketing-ev%C3%A8nementiel-horlogerie-joaillerie-europe-juillet-2026-at-chanel-4329220344?refId=TDT4kYD8Vj5nWFUYbH8V7g%3D%3D&trackingId=9adg51Ng8zLXDyPSTfoiYg%3D%3D&position=1&pageNum=0,0,Skipped,Skipped: No job description available
2026-02-07T23:14:03.251840,https://fr.linkedin.com/jobs/view/software-engineering-full-stack-intern-in-sydney-australia-at-inautalent-4366981885?refId=TDT4kYD8Vj5nWFUYbH8V7g%3D%3D&trackingId=Sqw4SyVslZJNoNVxLEdZNA%3D%3D&position=4&pageNum=0,"Software Engineering (Full-Stack) Intern - in Sydney, Australia",Full-time,Internship,2026-01-29,INAUTALENT,https://inautalent.com/,,,,https://fr.linkedin.com/jobs/view/software-engineering-full-stack-intern-in-sydney-australia-at-inautalent-4366981885?refId=TDT4kYD8Vj5nWFUYbH8V7g%3D%3D&trackingId=Sqw4SyVslZJNoNVxLEdZNA%3D%3D&position=4&pageNum=0,0,Skipped,Skipped: No job description available
2026-02-07T23:14:03.256793,https://fr.linkedin.com/jobs/view/stage-controlling-global-h-f-at-urgo-medical-4368275622?refId=TDT4kYD8Vj5nWFUYbH8V7g%3D%3D&trackingId=KyeLz%2FCnjBf4JvooFWukkw%3D%3D&position=7&pageNum=0,Stage Controlling Global (H/F),Internship,Internship,2026-02-03,Urgo Medical,http://urgomedical.com,,,,https://fr.linkedin.com/jobs/view/stage-controlling-global-h-f-at-urgo-medical-4368275622?refId=TDT4kYD8Vj5nWFUYbH8V7g%3D%3D&trackingId=KyeLz%2FCnjBf4JvooFWukkw%3D%3D&position=7&pageNum=0,0,Skipped,Skipped: No job description available
2026-02-07T23:14:03.262564,https://fr.linkedin.com/jobs/view/solutions-engineer-intern-at-bigblue-4332308160?refId=yFhH1xivIxDLvR09urA0ew%3D%3D&trackingId=a21eGsX%2BTYhkExJy2sNeyg%3D%3D&position=7&pageNum=1,Solutions Engineer intern,Internship,Not Applicable,2025-10-27,Bigblue,https://www.bigblue.co/,,,,https://fr.linkedin.com/jobs/view/solutions-engineer-intern-at-bigblue-4332308160?refId=yFhH1xivIxDLvR09urA0ew%3D%3D&trackingId=a21eGsX%2BTYhkExJy2sNeyg%3D%3D&position=7&pageNum=1,0,Skipped,Skipped: No job description available
2026-02-07T23:14:03.267283,https://fr.linkedin.com/jobs/view/operations-intern-r%C3%A9gion-centre-start-date-2026-at-amazon-4308670140?refId=yFhH1xivIxDLvR09urA0ew%3D%3D&trackingId=fMAlcvvNor83YcvyLt5BwQ%3D%3D&position=24&pageNum=1,Operations Intern - Région Centre - Start Date 2026,Full-time,Internship,2026-02-05,Amazon,https://www.aboutamazon.com/,,,,https://fr.linkedin.com/jobs/view/operations-intern-r%C3%A9gion-centre-start-date-2026-at-amazon-4308670140?refId=yFhH1xivIxDLvR09urA0ew%3D%3D&trackingId=fMAlcvvNor83YcvyLt5BwQ%3D%3D&position=24&pageNum=1,0,Skipped,Skipped: No job description available
2026-02-07T23:14:03.272138,https://fr.linkedin.com/jobs/view/intern-film-grain-analysis-at-interdigital-inc-4365350699?refId=yFhH1xivIxDLvR09urA0ew%3D%3D&trackingId=TTufTbIQwywO9TStZrC9gw%3D%3D&position=8&pageNum=1,"Intern, Film Grain Analysis",Internship,Internship,2026-01-22,"InterDigital, Inc.",http://www.interdigital.com,,,,https://fr.linkedin.com/jobs/view/intern-film-grain-analysis-at-interdigital-inc-4365350699?refId=yFhH1xivIxDLvR09urA0ew%3D%3D&trackingId=TTufTbIQwywO9TStZrC9gw%3D%3D&position=8&pageNum=1,0,Skipped,Skipped: No job description available
2026-02-07T23:14:03.276174,https://fr.linkedin.com/jobs/view/stage-aliad-venture-capital-operations-controller-intern-h-f-at-air-liquide-4369972084?refId=yFhH1xivIxDLvR09urA0ew%3D%3D&trackingId=iM%2Bhd5m4KtnVVwqxNEa3XQ%3D%3D&position=25&pageNum=1,Stage - ALIAD - Venture Capital & Operations Controller Intern H/F,Full-time,Internship,2026-02-06,Air Liquide,http://www.airliquide.com,,,,https://fr.linkedin.com/jobs/view/stage-aliad-venture-capital-operations-controller-intern-h-f-at-air-liquide-4369972084?refId=yFhH1xivIxDLvR09urA0ew%3D%3D&trackingId=iM%2Bhd5m4KtnVVwqxNEa3XQ%3D%3D&position=25&pageNum=1,0,Skipped,Skipped: No job description available
2026-02-07T23:14:03.280477,https://fr.linkedin.com/jobs/view/stage-ing%C3%A9nieur-e-data-science-6-mois-at-verder-scientific-4366727481?refId=yFhH1xivIxDLvR09urA0ew%3D%3D&trackingId=Bj6q2dEh%2BgkJDXWuAApfbw%3D%3D&position=23&pageNum=1,Stage ingénieur(e) Data Science - 6 mois,Full-time,Internship,2026-01-13,VERDER SCIENTIFIC,https://www.verder-scientific.com,,,,https://fr.linkedin.com/jobs/view/stage-ing%C3%A9nieur-e-data-science-6-mois-at-verder-scientific-4366727481?refId=yFhH1xivIxDLvR09urA0ew%3D%3D&trackingId=Bj6q2dEh%2BgkJDXWuAApfbw%3D%3D&position=23&pageNum=1,0,Skipped,Skipped: No job description available
2026-02-07T23:14:03.286370,https://fr.linkedin.com/jobs/view/stage-en-tourisme-at-indie-campers-4346307286?refId=yFhH1xivIxDLvR09urA0ew%3D%3D&trackingId=QrS%2BHMov5Y6o5O6QSC57tw%3D%3D&position=22&pageNum=1,Stage en Tourisme,Full-time,Internship,2025-12-26,Indie Campers,https://indiecampers.com,,,,https://fr.linkedin.com/jobs/view/stage-en-tourisme-at-indie-campers-4346307286?refId=yFhH1xivIxDLvR09urA0ew%3D%3D&trackingId=QrS%2BHMov5Y6o5O6QSC57tw%3D%3D&position=22&pageNum=1,0,Skipped,Skipped: No job description available
2026-02-07T23:14:03.291408,https://fr.linkedin.com/jobs/view/financial-analyst-intern-at-acca-careers-4365741298?refId=yFhH1xivIxDLvR09urA0ew%3D%3D&trackingId=rQ3egVgwyracXZgDzQZIcA%3D%3D&position=21&pageNum=1,Financial Analyst Intern,Internship,Internship,2026-01-23,ACCA Careers,https://jobs.accaglobal.com/,,,,https://fr.linkedin.com/jobs/view/financial-analyst-intern-at-acca-careers-4365741298?refId=yFhH1xivIxDLvR09urA0ew%3D%3D&trackingId=rQ3egVgwyracXZgDzQZIcA%3D%3D&position=21&pageNum=1,0,Skipped,Skipped: No job description available
2026-02-07T23:14:03.296064,https://fr.linkedin.com/jobs/view/fp-a-analyst-europe-apprentice-or-intern-f-h-at-catalina-marketing-costa-rica-4348313459?refId=yFhH1xivIxDLvR09urA0ew%3D%3D&trackingId=2M6B0KrPg%2BjfsZkLvbHPNg%3D%3D&position=20&pageNum=1,FP&A Analyst Europe Apprentice or Intern F/H,Internship,Internship,2025-12-03,Catalina Marketing Costa Rica,https://www.catalina.com,,,,https://fr.linkedin.com/jobs/view/fp-a-analyst-europe-apprentice-or-intern-f-h-at-catalina-marketing-costa-rica-4348313459?refId=yFhH1xivIxDLvR09urA0ew%3D%3D&trackingId=2M6B0KrPg%2BjfsZkLvbHPNg%3D%3D&position=20&pageNum=1,0,Skipped,Skipped: No job description available
2026-02-07T23:14:03.301019,https://fr.linkedin.com/jobs/view/stage-go-to-market-product-intern-at-havas-media-france-4265332688?refId=yFhH1xivIxDLvR09urA0ew%3D%3D&trackingId=IOtLtnlyWW2753%2FlTrm9pg%3D%3D&position=19&pageNum=1,STAGE - GO TO MARKET PRODUCT INTERN,Full-time,Internship,2025-09-11,Havas Media France,https://havasmedianetwork.com,,,,https://fr.linkedin.com/jobs/view/stage-go-to-market-product-intern-at-havas-media-france-4265332688?refId=yFhH1xivIxDLvR09urA0ew%3D%3D&trackingId=IOtLtnlyWW2753%2FlTrm9pg%3D%3D&position=19&pageNum=1,0,Skipped,Skipped: No job description available
2026-02-07T23:14:03.305220,https://fr.linkedin.com/jobs/view/strategy-operations-intern-paris-at-sunday-4362605280?refId=yFhH1xivIxDLvR09urA0ew%3D%3D&trackingId=sVfjHYZo4aen0TtssYg6Uw%3D%3D&position=18&pageNum=1,Strategy & Operations Intern - Paris,Full-time,Internship,2026-01-22,sunday,http://www.sundayapp.com,,,,https://fr.linkedin.com/jobs/view/strategy-operations-intern-paris-at-sunday-4362605280?refId=yFhH1xivIxDLvR09urA0ew%3D%3D&trackingId=sVfjHYZo4aen0TtssYg6Uw%3D%3D&position=18&pageNum=1,0,Skipped,Skipped: No job description available
2026-02-07T23:14:03.310079,https://fr.linkedin.com/jobs/view/stage-aliad-venture-capital-operations-controller-intern-h-f-at-air-liquide-4361372947?refId=yFhH1xivIxDLvR09urA0ew%3D%3D&trackingId=V%2F6DvbXlKbYbFyaoC5u2zw%3D%3D&position=13&pageNum=1,Stage - ALIAD - Venture Capital & Operations Controller Intern H/F,Full-time,Internship,2026-02-04,Air Liquide,http://www.airliquide.com,,,,https://fr.linkedin.com/jobs/view/stage-aliad-venture-capital-operations-controller-intern-h-f-at-air-liquide-4361372947?refId=yFhH1xivIxDLvR09urA0ew%3D%3D&trackingId=V%2F6DvbXlKbYbFyaoC5u2zw%3D%3D&position=13&pageNum=1,0,Skipped,Skipped: No job description available
2026-02-07T23:14:03.315732,https://fr.linkedin.com/jobs/view/stage-ai-program-coordination-sbs-paris-at-sbs-4366367552?refId=yFhH1xivIxDLvR09urA0ew%3D%3D&trackingId=UyWCOWzaZjU7rAwPzE%2FReA%3D%3D&position=17&pageNum=1,Stage - AI Program & Coordination - SBS - Paris,Full-time,Internship,2026-01-27,SBS,http://www.sbs-software.com,,,,https://fr.linkedin.com/jobs/view/stage-ai-program-coordination-sbs-paris-at-sbs-4366367552?refId=yFhH1xivIxDLvR09urA0ew%3D%3D&trackingId=UyWCOWzaZjU7rAwPzE%2FReA%3D%3D&position=17&pageNum=1,0,Skipped,Skipped: No job description available
2026-02-07T23:14:03.320194,https://fr.linkedin.com/jobs/view/intern-machine-learning-engineer-recommender-systems-all-genders-at-dailymotion-4359027957?refId=yFhH1xivIxDLvR09urA0ew%3D%3D&trackingId=gCTLIYZ8REEg0Qkw5mpyDQ%3D%3D&position=12&pageNum=1,Intern Machine Learning Engineer - Recommender Systems (All Genders),Full-time,Internship,2026-01-15,Dailymotion,http://www.dailymotion.com,,,,https://fr.linkedin.com/jobs/view/intern-machine-learning-engineer-recommender-systems-all-genders-at-dailymotion-4359027957?refId=yFhH1xivIxDLvR09urA0ew%3D%3D&trackingId=gCTLIYZ8REEg0Qkw5mpyDQ%3D%3D&position=12&pageNum=1,0,Skipped,Skipped: No job description available
2026-02-07T23:14:03.326215,https://fr.linkedin.com/jobs/view/talent-acquisition-coordinator-internship-at-alice-bob-4369951744?refId=yFhH1xivIxDLvR09urA0ew%3D%3D&trackingId=uNZR9yroR9f09CxN5gHYJw%3D%3D&position=14&pageNum=1,Talent Acquisition Coordinator - Internship,Internship,Not Applicable,2026-02-06,Alice & Bob,https://alice-bob.com/,,,,https://fr.linkedin.com/jobs/view/talent-acquisition-coordinator-internship-at-alice-bob-4369951744?refId=yFhH1xivIxDLvR09urA0ew%3D%3D&trackingId=uNZR9yroR9f09CxN5gHYJw%3D%3D&position=14&pageNum=1,0,Skipped,Skipped: No job description available
2026-02-07T23:14:03.331700,https://fr.linkedin.com/jobs/view/assistant-chef-de-projet-si-europe-f-h-stage-at-christian-dior-couture-4328665539?refId=TDT4kYD8Vj5nWFUYbH8V7g%3D%3D&trackingId=uU8kcnZDxsB1qIA3Bq2YhQ%3D%3D&position=2&pageNum=0,Assistant Chef de Projet SI Europe F/H - STAGE,Full-time,Internship,2026-02-02,Christian Dior Couture,https://www.dior.com/carrieres/index.html,,,,https://fr.linkedin.com/jobs/view/assistant-chef-de-projet-si-europe-f-h-stage-at-christian-dior-couture-4328665539?refId=TDT4kYD8Vj5nWFUYbH8V7g%3D%3D&trackingId=uU8kcnZDxsB1qIA3Bq2YhQ%3D%3D&position=2&pageNum=0,0,Skipped,Skipped: No job description available
2026-02-07T23:14:03.336279,https://fr.linkedin.com/jobs/view/business-program-management-apprentice-at-microsoft-4365270837?refId=yFhH1xivIxDLvR09urA0ew%3D%3D&trackingId=HuFaUqkwtL9bXDOeGiPszA%3D%3D&position=16&pageNum=1,Business Program Management Apprentice,Full-time,Not Applicable,2026-01-22,Microsoft,https://news.microsoft.com/,,,,https://fr.linkedin.com/jobs/view/business-program-management-apprentice-at-microsoft-4365270837?refId=yFhH1xivIxDLvR09urA0ew%3D%3D&trackingId=HuFaUqkwtL9bXDOeGiPszA%3D%3D&position=16&pageNum=1,0,Skipped,Skipped: No job description available
2026-02-07T23:14:03.340185,https://fr.linkedin.com/jobs/view/automotive-recruiter-intern-at-mechanics-body-shops-marketplace-4264768443?refId=yFhH1xivIxDLvR09urA0ew%3D%3D&trackingId=wx9GDqfvjpZ78sQRrfo2UA%3D%3D&position=11&pageNum=1,Automotive Recruiter Intern,Internship,Internship,2025-07-09,Mechanics & Body Shops Marketplace,https://www.mechanicsmarketplace.com,,,,https://fr.linkedin.com/jobs/view/automotive-recruiter-intern-at-mechanics-body-shops-marketplace-4264768443?refId=yFhH1xivIxDLvR09urA0ew%3D%3D&trackingId=wx9GDqfvjpZ78sQRrfo2UA%3D%3D&position=11&pageNum=1,0,Skipped,Skipped: No job description available
2026-02-07T23:14:03.345084,https://fr.linkedin.com/jobs/view/client-experience-retail-assistant-stage-h-f-at-lemaire-4358818219?refId=yFhH1xivIxDLvR09urA0ew%3D%3D&trackingId=a3EKdmiw9Y%2BrGL8aEZDOYw%3D%3D&position=15&pageNum=1,Client Experience Retail Assistant - Stage (H/F),Internship,Internship,2026-02-04,LEMAIRE,http://www.lemaire.fr/,,,,https://fr.linkedin.com/jobs/view/client-experience-retail-assistant-stage-h-f-at-lemaire-4358818219?refId=yFhH1xivIxDLvR09urA0ew%3D%3D&trackingId=a3EKdmiw9Y%2BrGL8aEZDOYw%3D%3D&position=15&pageNum=1,0,Skipped,Skipped: No job description available
2026-02-07T23:14:03.351033,https://fr.linkedin.com/jobs/view/balenciaga-e-commerce-content-production-intern-march-2026-f-h-at-balenciaga-4365087443?refId=yFhH1xivIxDLvR09urA0ew%3D%3D&trackingId=snc%2Br3Gvz9LRCKQF3Q76AA%3D%3D&position=4&pageNum=1,BALENCIAGA - E-Commerce Content Production Intern - March 2026 (F/H),Full-time,Not Applicable,2026-01-21,BALENCIAGA,http://www.balenciaga.com,,,,https://fr.linkedin.com/jobs/view/balenciaga-e-commerce-content-production-intern-march-2026-f-h-at-balenciaga-4365087443?refId=yFhH1xivIxDLvR09urA0ew%3D%3D&trackingId=snc%2Br3Gvz9LRCKQF3Q76AA%3D%3D&position=4&pageNum=1,0,Skipped,Skipped: No job description available
2026-02-07T23:14:03.355627,https://fr.linkedin.com/jobs/view/operations-intern-%C3%AEle-de-france-start-date-2026-at-amazon-4308423942?refId=yFhH1xivIxDLvR09urA0ew%3D%3D&trackingId=wV6Ufpd%2BdrxTJJQsAQXxjw%3D%3D&position=9&pageNum=1,Operations Intern - Île de France - Start Date 2026,Full-time,Internship,2026-02-06,Amazon,https://www.aboutamazon.com/,,,,https://fr.linkedin.com/jobs/view/operations-intern-%C3%AEle-de-france-start-date-2026-at-amazon-4308423942?refId=yFhH1xivIxDLvR09urA0ew%3D%3D&trackingId=wV6Ufpd%2BdrxTJJQsAQXxjw%3D%3D&position=9&pageNum=1,0,Skipped,Skipped: No job description available
2026-02-07T23:14:03.360022,https://fr.linkedin.com/jobs/view/operations-intern-%C3%AEle-de-france-start-date-2026-at-amazon-4308419993?refId=yFhH1xivIxDLvR09urA0ew%3D%3D&trackingId=PoSPAS88rAImWRFYqaQ%2BNA%3D%3D&position=6&pageNum=1,Operations Intern - Île de France - Start Date 2026,Full-time,Internship,2026-02-06,Amazon,https://www.aboutamazon.com/,,,,https://fr.linkedin.com/jobs/view/operations-intern-%C3%AEle-de-france-start-date-2026-at-amazon-4308419993?refId=yFhH1xivIxDLvR09urA0ew%3D%3D&trackingId=PoSPAS88rAImWRFYqaQ%2BNA%3D%3D&position=6&pageNum=1,0,Skipped,Skipped: No job description available
2026-02-07T23:14:03.365356,https://fr.linkedin.com/jobs/view/intern-analyst-portfolio-manager-assistant-active-advisory-at-ubs-4328860268?refId=yFhH1xivIxDLvR09urA0ew%3D%3D&trackingId=YCWavid5kzTp8bBc7T61Gg%3D%3D&position=10&pageNum=1,Intern - Analyst & Portfolio Manager Assistant - Active Advisory,Full-time,Entry level,2026-02-03,UBS,http://www.ubs.com/about,,,,https://fr.linkedin.com/jobs/view/intern-analyst-portfolio-manager-assistant-active-advisory-at-ubs-4328860268?refId=yFhH1xivIxDLvR09urA0ew%3D%3D&trackingId=YCWavid5kzTp8bBc7T61Gg%3D%3D&position=10&pageNum=1,0,Skipped,Skipped: No job description available
2026-02-07T23:14:03.369561,https://fr.linkedin.com/jobs/view/stage-engineering-compliance-h-f-at-klepierre-4366810515?refId=yFhH1xivIxDLvR09urA0ew%3D%3D&trackingId=aAAplg5cw%2FZxJCukZBCZNQ%3D%3D&position=5&pageNum=1,Stage - Engineering Compliance H/F,Internship,Internship,2026-01-29,KLEPIERRE,http://www.klepierre.com,,,,https://fr.linkedin.com/jobs/view/stage-engineering-compliance-h-f-at-klepierre-4366810515?refId=yFhH1xivIxDLvR09urA0ew%3D%3D&trackingId=aAAplg5cw%2FZxJCukZBCZNQ%3D%3D&position=5&pageNum=1,0,Skipped,Skipped: No job description available
2026-02-07T23:14:03.373463,https://fr.linkedin.com/jobs/view/intern-trader-assistant-at-engie-international-supply-energy-management-4350686142?refId=yFhH1xivIxDLvR09urA0ew%3D%3D&trackingId=aVgH1J%2BZmsbFHzed85wFOg%3D%3D&position=3&pageNum=1,Intern - Trader Assistant,Internship,Internship,2026-01-21,ENGIE - International Supply & Energy Management,https://gems.engie.com,,,,https://fr.linkedin.com/jobs/view/intern-trader-assistant-at-engie-international-supply-energy-management-4350686142?refId=yFhH1xivIxDLvR09urA0ew%3D%3D&trackingId=aVgH1J%2BZmsbFHzed85wFOg%3D%3D&position=3&pageNum=1,0,Skipped,Skipped: No job description available
2026-02-07T23:14:03.377409,https://fr.linkedin.com/jobs/view/stage-en-tourisme-at-indie-campers-4366942411?refId=OlFbuCuERjQrtvFzFrUiVg%3D%3D&trackingId=d9wNkn12%2Fr%2BZMV4EMt4t3w%3D%3D&position=25&pageNum=2,Stage en Tourisme,Full-time,Internship,2026-01-28,Indie Campers,https://indiecampers.com,,,,https://fr.linkedin.com/jobs/view/stage-en-tourisme-at-indie-campers-4366942411?refId=OlFbuCuERjQrtvFzFrUiVg%3D%3D&trackingId=d9wNkn12%2Fr%2BZMV4EMt4t3w%3D%3D&position=25&pageNum=2,0,Skipped,Skipped: No job description available
2026-02-07T23:14:03.382593,https://fr.linkedin.com/jobs/view/financial-analyst-intern-at-amazon-4335233610?refId=yFhH1xivIxDLvR09urA0ew%3D%3D&trackingId=t1G1aOVBkg1giLTzaRc3Ng%3D%3D&position=2&pageNum=1,Financial Analyst Intern,Full-time,Not Applicable,2026-02-04,Amazon,https://www.aboutamazon.com/,,,,https://fr.linkedin.com/jobs/view/financial-analyst-intern-at-amazon-4335233610?refId=yFhH1xivIxDLvR09urA0ew%3D%3D&trackingId=t1G1aOVBkg1giLTzaRc3Ng%3D%3D&position=2&pageNum=1,0,Skipped,Skipped: No job description available
2026-02-07T23:26:27.111109,https://fr.linkedin.com/jobs/view/global-editorial-content-marketing-stage-intern-paris-at-cozycozy-com-4337099031?refId=TDT4kYD8Vj5nWFUYbH8V7g%3D%3D&trackingId=lQ3UhALmdZBf3pExPHbyxg%3D%3D&position=24&pageNum=0,"Global Editorial Content Marketing Stage / Intern, Paris",Internship,Not Applicable,2025-11-20,cozycozy.com,https://www.cozycozy.com,,,,https://fr.linkedin.com/jobs/view/global-editorial-content-marketing-stage-intern-paris-at-cozycozy-com-4337099031?refId=TDT4kYD8Vj5nWFUYbH8V7g%3D%3D&trackingId=lQ3UhALmdZBf3pExPHbyxg%3D%3D&position=24&pageNum=0,7,Skipped,"Skipped: Title matches keywords: intern, machine learning engineer intern, data scientist intern, ai engineer intern, research intern"
2026-02-07T23:26:27.115464,https://fr.linkedin.com/jobs/view/strategy-consultant-internship-private-equity-lyon-f-h-at-indefi-4325718969?refId=TDT4kYD8Vj5nWFUYbH8V7g%3D%3D&trackingId=bM17Rl%2BXmOa2EV%2F7H6pJZg%3D%3D&position=25&pageNum=0,Strategy Consultant Internship - Private Equity - Lyon F/H,Internship,Internship,2025-12-04,INDEFI,http://www.indefi.com,,,,https://fr.linkedin.com/jobs/view/strategy-consultant-internship-private-equity-lyon-f-h-at-indefi-4325718969?refId=TDT4kYD8Vj5nWFUYbH8V7g%3D%3D&trackingId=bM17Rl%2BXmOa2EV%2F7H6pJZg%3D%3D&position=25&pageNum=0,7,Skipped,"Skipped: Title matches keywords: intern, machine learning engineer intern, data scientist intern, ai engineer intern, research intern"
2026-02-07T23:26:27.119385,https://fr.linkedin.com/jobs/view/revenue-operations-intern-at-swan-4329689579?refId=TDT4kYD8Vj5nWFUYbH8V7g%3D%3D&trackingId=tsDtDVlfh43mSk37a6Zqzw%3D%3D&position=22&pageNum=0,Revenue Operations Intern,Internship,Internship,2025-12-31,Swan,https://swan.io,,,,https://fr.linkedin.com/jobs/view/revenue-operations-intern-at-swan-4329689579?refId=TDT4kYD8Vj5nWFUYbH8V7g%3D%3D&trackingId=tsDtDVlfh43mSk37a6Zqzw%3D%3D&position=22&pageNum=0,7,Skipped,"Skipped: Title matches keywords: intern, machine learning engineer intern, data scientist intern, ai engineer intern, research intern"
2026-02-07T23:26:27.123355,https://fr.linkedin.com/jobs/view/intern-global-talent-acquisition-project-management-h-f-at-lacoste-4297589491?refId=TDT4kYD8Vj5nWFUYbH8V7g%3D%3D&trackingId=DUZqCHP9qjh1Rx60ZJ29Yw%3D%3D&position=23&pageNum=0,Intern Global Talent Acquisition Project Management (H/F),Full-time,Not Applicable,2025-09-08,Lacoste,https://corporate.lacoste.com/,,,,https://fr.linkedin.com/jobs/view/intern-global-talent-acquisition-project-management-h-f-at-lacoste-4297589491?refId=TDT4kYD8Vj5nWFUYbH8V7g%3D%3D&trackingId=DUZqCHP9qjh1Rx60ZJ29Yw%3D%3D&position=23&pageNum=0,7,Skipped,"Skipped: Title matches keywords: intern, machine learning engineer intern, data scientist intern, ai engineer intern, research intern"
2026-02-07T23:26:27.126873,https://fr.linkedin.com/jobs/view/stage-assistant-consultant-paid-social-h-f-at-dentsu-4345376920?refId=TDT4kYD8Vj5nWFUYbH8V7g%3D%3D&trackingId=lHI%2BQV8K2ZFZfoU57CmqdA%3D%3D&position=19&pageNum=0,STAGE - Assistant Consultant Paid Social H/F,Full-time,Internship,2026-01-12,dentsu,https://bit.ly/3lDa6Ff,,,,https://fr.linkedin.com/jobs/view/stage-assistant-consultant-paid-social-h-f-at-dentsu-4345376920?refId=TDT4kYD8Vj5nWFUYbH8V7g%3D%3D&trackingId=lHI%2BQV8K2ZFZfoU57CmqdA%3D%3D&position=19&pageNum=0,6,Skipped,Skipped: Title matches keywords: ai engineer intern
2026-02-07T23:26:27.130830,https://fr.linkedin.com/jobs/view/oliver-wyman-stage-2a-polytechnique-paris-france-at-oliver-wyman-4359427349?refId=TDT4kYD8Vj5nWFUYbH8V7g%3D%3D&trackingId=E0XVYRIzueZ%2B6SSqXnCXzg%3D%3D&position=20&pageNum=0,Oliver Wyman - Stage 2A Polytechnique - Paris (France),Internship,Not Applicable,2026-01-31,Oliver Wyman,http://www.oliverwyman.com,,,,https://fr.linkedin.com/jobs/view/oliver-wyman-stage-2a-polytechnique-paris-france-at-oliver-wyman-4359427349?refId=TDT4kYD8Vj5nWFUYbH8V7g%3D%3D&trackingId=E0XVYRIzueZ%2B6SSqXnCXzg%3D%3D&position=20&pageNum=0,0,Skipped,Skipped: Job title 'Oliver Wyman - Stage 2A Polytechnique - Paris (France)' doesn't match target keywords
2026-02-07T23:26:27.135217,https://fr.linkedin.com/jobs/view/stage-marketing-operations-f-h-at-worldline-4332768064?refId=TDT4kYD8Vj5nWFUYbH8V7g%3D%3D&trackingId=6nDVxO%2FZXrKmawzQxLkpLA%3D%3D&position=21&pageNum=0,Stage - Marketing Operations (F/H),Internship,Entry level,2026-02-06,Worldline,http://worldline.com,,,,https://fr.linkedin.com/jobs/view/stage-marketing-operations-f-h-at-worldline-4332768064?refId=TDT4kYD8Vj5nWFUYbH8V7g%3D%3D&trackingId=6nDVxO%2FZXrKmawzQxLkpLA%3D%3D&position=21&pageNum=0,0,Skipped,Skipped: Job title 'Stage - Marketing Operations (F/H)' doesn't match target keywords
2026-02-07T23:27:44.335938,https://fr.linkedin.com/jobs/view/global-editorial-content-marketing-stage-intern-paris-at-cozycozy-com-4337099031?refId=TDT4kYD8Vj5nWFUYbH8V7g%3D%3D&trackingId=lQ3UhALmdZBf3pExPHbyxg%3D%3D&position=24&pageNum=0,"Global Editorial Content Marketing Stage / Intern, Paris",Internship,Not Applicable,2025-11-20,cozycozy.com,https://www.cozycozy.com,,,,https://fr.linkedin.com/jobs/view/global-editorial-content-marketing-stage-intern-paris-at-cozycozy-com-4337099031?refId=TDT4kYD8Vj5nWFUYbH8V7g%3D%3D&trackingId=lQ3UhALmdZBf3pExPHbyxg%3D%3D&position=24&pageNum=0,5,Skipped,"Skipped: Role match but missing technical keywords: machine learning engineer intern, data scientist intern, ai engineer intern, research intern"
2026-02-07T23:27:44.340057,https://fr.linkedin.com/jobs/view/strategy-consultant-internship-private-equity-lyon-f-h-at-indefi-4325718969?refId=TDT4kYD8Vj5nWFUYbH8V7g%3D%3D&trackingId=bM17Rl%2BXmOa2EV%2F7H6pJZg%3D%3D&position=25&pageNum=0,Strategy Consultant Internship - Private Equity - Lyon F/H,Internship,Internship,2025-12-04,INDEFI,http://www.indefi.com,,,,https://fr.linkedin.com/jobs/view/strategy-consultant-internship-private-equity-lyon-f-h-at-indefi-4325718969?refId=TDT4kYD8Vj5nWFUYbH8V7g%3D%3D&trackingId=bM17Rl%2BXmOa2EV%2F7H6pJZg%3D%3D&position=25&pageNum=0,5,Skipped,"Skipped: Role match but missing technical keywords: machine learning engineer intern, data scientist intern, ai engineer intern, research intern"
2026-02-07T23:27:44.343929,https://fr.linkedin.com/jobs/view/revenue-operations-intern-at-swan-4329689579?refId=TDT4kYD8Vj5nWFUYbH8V7g%3D%3D&trackingId=tsDtDVlfh43mSk37a6Zqzw%3D%3D&position=22&pageNum=0,Revenue Operations Intern,Internship,Internship,2025-12-31,Swan,https://swan.io,,,,https://fr.linkedin.com/jobs/view/revenue-operations-intern-at-swan-4329689579?refId=TDT4kYD8Vj5nWFUYbH8V7g%3D%3D&trackingId=tsDtDVlfh43mSk37a6Zqzw%3D%3D&position=22&pageNum=0,5,Skipped,"Skipped: Role match but missing technical keywords: machine learning engineer intern, data scientist intern, ai engineer intern, research intern"
2026-02-07T23:27:44.348684,https://fr.linkedin.com/jobs/view/intern-global-talent-acquisition-project-management-h-f-at-lacoste-4297589491?refId=TDT4kYD8Vj5nWFUYbH8V7g%3D%3D&trackingId=DUZqCHP9qjh1Rx60ZJ29Yw%3D%3D&position=23&pageNum=0,Intern Global Talent Acquisition Project Management (H/F),Full-time,Not Applicable,2025-09-08,Lacoste,https://corporate.lacoste.com/,,,,https://fr.linkedin.com/jobs/view/intern-global-talent-acquisition-project-management-h-f-at-lacoste-4297589491?refId=TDT4kYD8Vj5nWFUYbH8V7g%3D%3D&trackingId=DUZqCHP9qjh1Rx60ZJ29Yw%3D%3D&position=23&pageNum=0,5,Skipped,"Skipped: Role match but missing technical keywords: machine learning engineer intern, data scientist intern, ai engineer intern, research intern"
2026-02-07T23:27:44.353307,https://fr.linkedin.com/jobs/view/stage-assistant-consultant-paid-social-h-f-at-dentsu-4345376920?refId=TDT4kYD8Vj5nWFUYbH8V7g%3D%3D&trackingId=lHI%2BQV8K2ZFZfoU57CmqdA%3D%3D&position=19&pageNum=0,STAGE - Assistant Consultant Paid Social H/F,Full-time,Internship,2026-01-12,dentsu,https://bit.ly/3lDa6Ff,,,,https://fr.linkedin.com/jobs/view/stage-assistant-consultant-paid-social-h-f-at-dentsu-4345376920?refId=TDT4kYD8Vj5nWFUYbH8V7g%3D%3D&trackingId=lHI%2BQV8K2ZFZfoU57CmqdA%3D%3D&position=19&pageNum=0,7,Skipped,Skipped: Title contains ML/Data keywords: ai
2026-02-07T23:27:44.357254,https://fr.linkedin.com/jobs/view/oliver-wyman-stage-2a-polytechnique-paris-france-at-oliver-wyman-4359427349?refId=TDT4kYD8Vj5nWFUYbH8V7g%3D%3D&trackingId=E0XVYRIzueZ%2B6SSqXnCXzg%3D%3D&position=20&pageNum=0,Oliver Wyman - Stage 2A Polytechnique - Paris (France),Internship,Not Applicable,2026-01-31,Oliver Wyman,http://www.oliverwyman.com,,,,https://fr.linkedin.com/jobs/view/oliver-wyman-stage-2a-polytechnique-paris-france-at-oliver-wyman-4359427349?refId=TDT4kYD8Vj5nWFUYbH8V7g%3D%3D&trackingId=E0XVYRIzueZ%2B6SSqXnCXzg%3D%3D&position=20&pageNum=0,0,Skipped,Skipped: Job title 'Oliver Wyman - Stage 2A Polytechnique - Paris (France)' doesn't match ML/Data keywords
2026-02-07T23:27:44.361234,https://fr.linkedin.com/jobs/view/stage-marketing-operations-f-h-at-worldline-4332768064?refId=TDT4kYD8Vj5nWFUYbH8V7g%3D%3D&trackingId=6nDVxO%2FZXrKmawzQxLkpLA%3D%3D&position=21&pageNum=0,Stage - Marketing Operations (F/H),Internship,Entry level,2026-02-06,Worldline,http://worldline.com,,,,https://fr.linkedin.com/jobs/view/stage-marketing-operations-f-h-at-worldline-4332768064?refId=TDT4kYD8Vj5nWFUYbH8V7g%3D%3D&trackingId=6nDVxO%2FZXrKmawzQxLkpLA%3D%3D&position=21&pageNum=0,0,Skipped,Skipped: Job title 'Stage - Marketing Operations (F/H)' doesn't match ML/Data keywords
2026-02-07T23:27:44.364040,https://fr.linkedin.com/jobs/view/kering-data-product-owner-stage-at-kering-4361320470?refId=TDT4kYD8Vj5nWFUYbH8V7g%3D%3D&trackingId=vtgAwIhg5Q0oIIwmHJbk7g%3D%3D&position=18&pageNum=0,KERING Data Product Owner (stage),Full-time,Internship,2026-01-13,Kering,https://www.kering.com/en,,,,https://fr.linkedin.com/jobs/view/kering-data-product-owner-stage-at-kering-4361320470?refId=TDT4kYD8Vj5nWFUYbH8V7g%3D%3D&trackingId=vtgAwIhg5Q0oIIwmHJbk7g%3D%3D&position=18&pageNum=0,5,Skipped,Skipped: Role match but missing technical keywords: data scientist intern
2026-02-07T23:27:44.366721,https://fr.linkedin.com/jobs/view/intern-web-editor-gq-at-cond%C3%A9-nast-4362960775?refId=TDT4kYD8Vj5nWFUYbH8V7g%3D%3D&trackingId=%2B%2FOY0Lc%2FB8PxGrRC33p4xQ%3D%3D&position=14&pageNum=0,Intern Web Editor GQ,Full-time,Internship,2026-02-05,Condé Nast,http://www.condenast.com,,,,https://fr.linkedin.com/jobs/view/intern-web-editor-gq-at-cond%C3%A9-nast-4362960775?refId=TDT4kYD8Vj5nWFUYbH8V7g%3D%3D&trackingId=%2B%2FOY0Lc%2FB8PxGrRC33p4xQ%3D%3D&position=14&pageNum=0,5,Skipped,"Skipped: Role match but missing technical keywords: machine learning engineer intern, data scientist intern, ai engineer intern, research intern"
2026-02-07T23:27:44.369319,https://fr.linkedin.com/jobs/view/stage-global-strategy-intern-h-f-at-edenred-4365982064?refId=TDT4kYD8Vj5nWFUYbH8V7g%3D%3D&trackingId=OBeWqKSWvLIT7If%2F6w1VSA%3D%3D&position=16&pageNum=0,Stage - Global Strategy Intern (H/F),Internship,Internship,2026-01-27,Edenred,https://www.edenred.com,,,,https://fr.linkedin.com/jobs/view/stage-global-strategy-intern-h-f-at-edenred-4365982064?refId=TDT4kYD8Vj5nWFUYbH8V7g%3D%3D&trackingId=OBeWqKSWvLIT7If%2F6w1VSA%3D%3D&position=16&pageNum=0,5,Skipped,"Skipped: Role match but missing technical keywords: machine learning engineer intern, data scientist intern, ai engineer intern, research intern"
2026-02-07T23:27:44.372128,https://fr.linkedin.com/jobs/view/strategy-consultant-internship-private-equity-paris-f-h-at-indefi-4362145931?refId=TDT4kYD8Vj5nWFUYbH8V7g%3D%3D&trackingId=kluoyr6MdGCacE0v0JN1pA%3D%3D&position=13&pageNum=0,Strategy Consultant Internship - Private Equity - Paris F/H,Internship,Internship,2026-01-22,INDEFI,http://www.indefi.com,,,,https://fr.linkedin.com/jobs/view/strategy-consultant-internship-private-equity-paris-f-h-at-indefi-4362145931?refId=TDT4kYD8Vj5nWFUYbH8V7g%3D%3D&trackingId=kluoyr6MdGCacE0v0JN1pA%3D%3D&position=13&pageNum=0,5,Skipped,"Skipped: Role match but missing technical keywords: machine learning engineer intern, data scientist intern, ai engineer intern, research intern"
2026-02-07T23:27:44.375364,https://fr.linkedin.com/jobs/view/corporate-strategy-analyst-stage-paris-at-papernest-4367849121?refId=TDT4kYD8Vj5nWFUYbH8V7g%3D%3D&trackingId=AeFL6bExzQ8Ks95jWICv5A%3D%3D&position=17&pageNum=0,Corporate Strategy Analyst - Stage - Paris,Other,Not Applicable,2026-01-21,papernest,http://www.papernest.com,,,,https://fr.linkedin.com/jobs/view/corporate-strategy-analyst-stage-paris-at-papernest-4367849121?refId=TDT4kYD8Vj5nWFUYbH8V7g%3D%3D&trackingId=AeFL6bExzQ8Ks95jWICv5A%3D%3D&position=17&pageNum=0,0,Skipped,Skipped: Job title 'Corporate Strategy Analyst - Stage - Paris' doesn't match ML/Data keywords
2026-02-07T23:27:44.378528,https://fr.linkedin.com/jobs/view/data-science-internship-warehouse-optimisation-at-bigblue-4334828942?refId=TDT4kYD8Vj5nWFUYbH8V7g%3D%3D&trackingId=Kb2i9B9L1fZilp9KzpIEWw%3D%3D&position=15&pageNum=0,Data Science Internship - Warehouse optimisation,Internship,Not Applicable,2025-11-07,Bigblue,https://www.bigblue.co/,,,,https://fr.linkedin.com/jobs/view/data-science-internship-warehouse-optimisation-at-bigblue-4334828942?refId=TDT4kYD8Vj5nWFUYbH8V7g%3D%3D&trackingId=Kb2i9B9L1fZilp9KzpIEWw%3D%3D&position=15&pageNum=0,7,Skipped,Skipped: Title contains ML/Data keywords: data scien
2026-02-07T23:27:44.381251,https://fr.linkedin.com/jobs/view/data-analyst-assistant-operations-europe-stage-f-h-at-christian-dior-couture-4328475713?refId=TDT4kYD8Vj5nWFUYbH8V7g%3D%3D&trackingId=cAzGvHA2yNHZ2ccVYquH8w%3D%3D&position=8&pageNum=0,Data Analyst Assistant Operations Europe - Stage F/H,Full-time,Internship,2026-02-02,Christian Dior Couture,https://www.dior.com/carrieres/index.html,,,,https://fr.linkedin.com/jobs/view/data-analyst-assistant-operations-europe-stage-f-h-at-christian-dior-couture-4328475713?refId=TDT4kYD8Vj5nWFUYbH8V7g%3D%3D&trackingId=cAzGvHA2yNHZ2ccVYquH8w%3D%3D&position=8&pageNum=0,5,Skipped,Skipped: Role match but missing technical keywords: data scientist intern
2026-02-07T23:27:44.384172,https://fr.linkedin.com/jobs/view/vc-analyst-intern-at-wind-4353019038?refId=TDT4kYD8Vj5nWFUYbH8V7g%3D%3D&trackingId=iu%2B3C4iBlyDkhbup6EqcXw%3D%3D&position=12&pageNum=0,VC Analyst Intern,Internship,Internship,2026-01-15,Wind,http://wind.capital,,,,https://fr.linkedin.com/jobs/view/vc-analyst-intern-at-wind-4353019038?refId=TDT4kYD8Vj5nWFUYbH8V7g%3D%3D&trackingId=iu%2B3C4iBlyDkhbup6EqcXw%3D%3D&position=12&pageNum=0,5,Skipped,"Skipped: Role match but missing technical keywords: machine learning engineer intern, data scientist intern, ai engineer intern, research intern"
2026-02-07T23:27:44.388270,https://fr.linkedin.com/jobs/view/internship-chief-of-staff-at-twoway-4357429590?refId=TDT4kYD8Vj5nWFUYbH8V7g%3D%3D&trackingId=2%2FgPiHY1i%2Fy2o5AyZdxKrQ%3D%3D&position=9&pageNum=0,[Internship] Chief of Staff,Internship,Internship,2026-02-03,TwoWay,https://www.twoway.finance/,,,,https://fr.linkedin.com/jobs/view/internship-chief-of-staff-at-twoway-4357429590?refId=TDT4kYD8Vj5nWFUYbH8V7g%3D%3D&trackingId=2%2FgPiHY1i%2Fy2o5AyZdxKrQ%3D%3D&position=9&pageNum=0,5,Skipped,"Skipped: Role match but missing technical keywords: machine learning engineer intern, data scientist intern, ai engineer intern, research intern"
2026-02-07T23:27:44.438657,https://fr.linkedin.com/jobs/view/founder-associate-intern-at-n%C5%ABmi%C2%AE-4336590083?refId=TDT4kYD8Vj5nWFUYbH8V7g%3D%3D&trackingId=4U5L%2FZ5zntj%2BBZdRIH36AQ%3D%3D&position=10&pageNum=0,Founder associate intern,Internship,Internship,2025-10-23,Nūmi®,https://www.numi.life/,,,,https://fr.linkedin.com/jobs/view/founder-associate-intern-at-n%C5%ABmi%C2%AE-4336590083?refId=TDT4kYD8Vj5nWFUYbH8V7g%3D%3D&trackingId=4U5L%2FZ5zntj%2BBZdRIH36AQ%3D%3D&position=10&pageNum=0,5,Skipped,"Skipped: Role match but missing technical keywords: machine learning engineer intern, data scientist intern, ai engineer intern, research intern"
2026-02-07T23:27:44.441072,https://fr.linkedin.com/jobs/view/technology-growth-equity-investment-intern-starting-july-september-2026-for-6-months-at-revaia-4365517336?refId=TDT4kYD8Vj5nWFUYbH8V7g%3D%3D&trackingId=%2BhBFhY4DJR9%2F1H%2FQuyE9Ug%3D%3D&position=11&pageNum=0,Technology Growth Equity - Investment Intern - Starting July/September 2026 for 6 months,Internship,Internship,2026-01-23,Revaia,https://revaia.com,,,,https://fr.linkedin.com/jobs/view/technology-growth-equity-investment-intern-starting-july-september-2026-for-6-months-at-revaia-4365517336?refId=TDT4kYD8Vj5nWFUYbH8V7g%3D%3D&trackingId=%2BhBFhY4DJR9%2F1H%2FQuyE9Ug%3D%3D&position=11&pageNum=0,5,Skipped,"Skipped: Role match but missing technical keywords: machine learning engineer intern, data scientist intern, ai engineer intern, research intern"
2026-02-07T23:27:44.443137,https://fr.linkedin.com/jobs/view/intern-chinese-project-analyst-h-f-at-richemont-4360856769?refId=TDT4kYD8Vj5nWFUYbH8V7g%3D%3D&trackingId=9JI8hZwggGaIYhkx91%2BsXQ%3D%3D&position=6&pageNum=0,Intern - Chinese Project Analyst (H/F),Full-time,Internship,2026-01-19,Richemont,http://www.richemont.com/,,,,https://fr.linkedin.com/jobs/view/intern-chinese-project-analyst-h-f-at-richemont-4360856769?refId=TDT4kYD8Vj5nWFUYbH8V7g%3D%3D&trackingId=9JI8hZwggGaIYhkx91%2BsXQ%3D%3D&position=6&pageNum=0,5,Skipped,"Skipped: Role match but missing technical keywords: machine learning engineer intern, data scientist intern, ai engineer intern, research intern"
2026-02-07T23:27:44.445292,https://fr.linkedin.com/jobs/view/stage-marketing-analyst-consumer-insight-h-f-at-richemont-4368757407?refId=TDT4kYD8Vj5nWFUYbH8V7g%3D%3D&trackingId=%2FLkfwuAKrZxpVBMAoDYudg%3D%3D&position=5&pageNum=0,Stage - Marketing Analyst Consumer Insight (H/F),Full-time,Internship,2026-02-04,Richemont,http://www.richemont.com/,,,,https://fr.linkedin.com/jobs/view/stage-marketing-analyst-consumer-insight-h-f-at-richemont-4368757407?refId=TDT4kYD8Vj5nWFUYbH8V7g%3D%3D&trackingId=%2FLkfwuAKrZxpVBMAoDYudg%3D%3D&position=5&pageNum=0,0,Skipped,Skipped: Job title 'Stage - Marketing Analyst Consumer Insight (H/F)' doesn't match ML/Data keywords
2026-02-07T23:27:44.447606,https://fr.linkedin.com/jobs/view/software-engineering-full-stack-intern-in-sydney-australia-at-inautalent-4366978981?refId=TDT4kYD8Vj5nWFUYbH8V7g%3D%3D&trackingId=2pKtRIGC4A%2FcHqrFOf89uA%3D%3D&position=3&pageNum=0,"Software Engineering (Full-Stack) Intern - in Sydney, Australia",Full-time,Internship,2026-01-29,INAUTALENT,https://inautalent.com/,,,,https://fr.linkedin.com/jobs/view/software-engineering-full-stack-intern-in-sydney-australia-at-inautalent-4366978981?refId=TDT4kYD8Vj5nWFUYbH8V7g%3D%3D&trackingId=2pKtRIGC4A%2FcHqrFOf89uA%3D%3D&position=3&pageNum=0,5,Skipped,"Skipped: Role match but missing technical keywords: machine learning engineer intern, data scientist intern, ai engineer intern, research intern"
2026-02-07T23:27:44.449879,https://fr.linkedin.com/jobs/view/stage-assistant-e-chef-de-projet-marketing-ev%C3%A8nementiel-horlogerie-joaillerie-europe-juillet-2026-at-chanel-4329220344?refId=TDT4kYD8Vj5nWFUYbH8V7g%3D%3D&trackingId=9adg51Ng8zLXDyPSTfoiYg%3D%3D&position=1&pageNum=0,STAGE - Assistant(e) Chef de Projet Marketing & Evènementiel - Horlogerie Joaillerie EUROPE - Juillet 2026,Full-time,Internship,2026-02-04,CHANEL,http://www.chanel.com,,,,https://fr.linkedin.com/jobs/view/stage-assistant-e-chef-de-projet-marketing-ev%C3%A8nementiel-horlogerie-joaillerie-europe-juillet-2026-at-chanel-4329220344?refId=TDT4kYD8Vj5nWFUYbH8V7g%3D%3D&trackingId=9adg51Ng8zLXDyPSTfoiYg%3D%3D&position=1&pageNum=0,7,Skipped,Skipped: Title contains ML/Data keywords: ai
2026-02-07T23:27:44.452273,https://fr.linkedin.com/jobs/view/software-engineering-full-stack-intern-in-sydney-australia-at-inautalent-4366981885?refId=TDT4kYD8Vj5nWFUYbH8V7g%3D%3D&trackingId=Sqw4SyVslZJNoNVxLEdZNA%3D%3D&position=4&pageNum=0,"Software Engineering (Full-Stack) Intern - in Sydney, Australia",Full-time,Internship,2026-01-29,INAUTALENT,https://inautalent.com/,,,,https://fr.linkedin.com/jobs/view/software-engineering-full-stack-intern-in-sydney-australia-at-inautalent-4366981885?refId=TDT4kYD8Vj5nWFUYbH8V7g%3D%3D&trackingId=Sqw4SyVslZJNoNVxLEdZNA%3D%3D&position=4&pageNum=0,5,Skipped,"Skipped: Role match but missing technical keywords: machine learning engineer intern, data scientist intern, ai engineer intern, research intern"
2026-02-07T23:27:44.454508,https://fr.linkedin.com/jobs/view/stage-controlling-global-h-f-at-urgo-medical-4368275622?refId=TDT4kYD8Vj5nWFUYbH8V7g%3D%3D&trackingId=KyeLz%2FCnjBf4JvooFWukkw%3D%3D&position=7&pageNum=0,Stage Controlling Global (H/F),Internship,Internship,2026-02-03,Urgo Medical,http://urgomedical.com,,,,https://fr.linkedin.com/jobs/view/stage-controlling-global-h-f-at-urgo-medical-4368275622?refId=TDT4kYD8Vj5nWFUYbH8V7g%3D%3D&trackingId=KyeLz%2FCnjBf4JvooFWukkw%3D%3D&position=7&pageNum=0,0,Skipped,Skipped: Job title 'Stage Controlling Global (H/F)' doesn't match ML/Data keywords
2026-02-07T23:27:44.456627,https://fr.linkedin.com/jobs/view/solutions-engineer-intern-at-bigblue-4332308160?refId=yFhH1xivIxDLvR09urA0ew%3D%3D&trackingId=a21eGsX%2BTYhkExJy2sNeyg%3D%3D&position=7&pageNum=1,Solutions Engineer intern,Internship,Not Applicable,2025-10-27,Bigblue,https://www.bigblue.co/,,,,https://fr.linkedin.com/jobs/view/solutions-engineer-intern-at-bigblue-4332308160?refId=yFhH1xivIxDLvR09urA0ew%3D%3D&trackingId=a21eGsX%2BTYhkExJy2sNeyg%3D%3D&position=7&pageNum=1,5,Skipped,"Skipped: Role match but missing technical keywords: machine learning engineer intern, data scientist intern, ai engineer intern, research intern"
2026-02-07T23:27:44.458786,https://fr.linkedin.com/jobs/view/operations-intern-r%C3%A9gion-centre-start-date-2026-at-amazon-4308670140?refId=yFhH1xivIxDLvR09urA0ew%3D%3D&trackingId=fMAlcvvNor83YcvyLt5BwQ%3D%3D&position=24&pageNum=1,Operations Intern - Région Centre - Start Date 2026,Full-time,Internship,2026-02-05,Amazon,https://www.aboutamazon.com/,,,,https://fr.linkedin.com/jobs/view/operations-intern-r%C3%A9gion-centre-start-date-2026-at-amazon-4308670140?refId=yFhH1xivIxDLvR09urA0ew%3D%3D&trackingId=fMAlcvvNor83YcvyLt5BwQ%3D%3D&position=24&pageNum=1,5,Skipped,"Skipped: Role match but missing technical keywords: machine learning engineer intern, data scientist intern, ai engineer intern, research intern"
2026-02-07T23:27:44.461029,https://fr.linkedin.com/jobs/view/intern-film-grain-analysis-at-interdigital-inc-4365350699?refId=yFhH1xivIxDLvR09urA0ew%3D%3D&trackingId=TTufTbIQwywO9TStZrC9gw%3D%3D&position=8&pageNum=1,"Intern, Film Grain Analysis",Internship,Internship,2026-01-22,"InterDigital, Inc.",http://www.interdigital.com,,,,https://fr.linkedin.com/jobs/view/intern-film-grain-analysis-at-interdigital-inc-4365350699?refId=yFhH1xivIxDLvR09urA0ew%3D%3D&trackingId=TTufTbIQwywO9TStZrC9gw%3D%3D&position=8&pageNum=1,7,Skipped,Skipped: Title contains ML/Data keywords: ai
2026-02-07T23:27:44.463190,https://fr.linkedin.com/jobs/view/stage-aliad-venture-capital-operations-controller-intern-h-f-at-air-liquide-4369972084?refId=yFhH1xivIxDLvR09urA0ew%3D%3D&trackingId=iM%2Bhd5m4KtnVVwqxNEa3XQ%3D%3D&position=25&pageNum=1,Stage - ALIAD - Venture Capital & Operations Controller Intern H/F,Full-time,Internship,2026-02-06,Air Liquide,http://www.airliquide.com,,,,https://fr.linkedin.com/jobs/view/stage-aliad-venture-capital-operations-controller-intern-h-f-at-air-liquide-4369972084?refId=yFhH1xivIxDLvR09urA0ew%3D%3D&trackingId=iM%2Bhd5m4KtnVVwqxNEa3XQ%3D%3D&position=25&pageNum=1,5,Skipped,"Skipped: Role match but missing technical keywords: machine learning engineer intern, data scientist intern, ai engineer intern, research intern"
2026-02-07T23:27:44.465516,https://fr.linkedin.com/jobs/view/stage-ing%C3%A9nieur-e-data-science-6-mois-at-verder-scientific-4366727481?refId=yFhH1xivIxDLvR09urA0ew%3D%3D&trackingId=Bj6q2dEh%2BgkJDXWuAApfbw%3D%3D&position=23&pageNum=1,Stage ingénieur(e) Data Science - 6 mois,Full-time,Internship,2026-01-13,VERDER SCIENTIFIC,https://www.verder-scientific.com,,,,https://fr.linkedin.com/jobs/view/stage-ing%C3%A9nieur-e-data-science-6-mois-at-verder-scientific-4366727481?refId=yFhH1xivIxDLvR09urA0ew%3D%3D&trackingId=Bj6q2dEh%2BgkJDXWuAApfbw%3D%3D&position=23&pageNum=1,7,Skipped,Skipped: Title contains ML/Data keywords: data scien
2026-02-07T23:27:44.467937,https://fr.linkedin.com/jobs/view/stage-en-tourisme-at-indie-campers-4346307286?refId=yFhH1xivIxDLvR09urA0ew%3D%3D&trackingId=QrS%2BHMov5Y6o5O6QSC57tw%3D%3D&position=22&pageNum=1,Stage en Tourisme,Full-time,Internship,2025-12-26,Indie Campers,https://indiecampers.com,,,,https://fr.linkedin.com/jobs/view/stage-en-tourisme-at-indie-campers-4346307286?refId=yFhH1xivIxDLvR09urA0ew%3D%3D&trackingId=QrS%2BHMov5Y6o5O6QSC57tw%3D%3D&position=22&pageNum=1,0,Skipped,Skipped: Job title 'Stage en Tourisme' doesn't match ML/Data keywords
2026-02-07T23:27:44.470212,https://fr.linkedin.com/jobs/view/financial-analyst-intern-at-acca-careers-4365741298?refId=yFhH1xivIxDLvR09urA0ew%3D%3D&trackingId=rQ3egVgwyracXZgDzQZIcA%3D%3D&position=21&pageNum=1,Financial Analyst Intern,Internship,Internship,2026-01-23,ACCA Careers,https://jobs.accaglobal.com/,,,,https://fr.linkedin.com/jobs/view/financial-analyst-intern-at-acca-careers-4365741298?refId=yFhH1xivIxDLvR09urA0ew%3D%3D&trackingId=rQ3egVgwyracXZgDzQZIcA%3D%3D&position=21&pageNum=1,5,Skipped,"Skipped: Role match but missing technical keywords: machine learning engineer intern, data scientist intern, ai engineer intern, research intern"
2026-02-07T23:27:44.472400,https://fr.linkedin.com/jobs/view/fp-a-analyst-europe-apprentice-or-intern-f-h-at-catalina-marketing-costa-rica-4348313459?refId=yFhH1xivIxDLvR09urA0ew%3D%3D&trackingId=2M6B0KrPg%2BjfsZkLvbHPNg%3D%3D&position=20&pageNum=1,FP&A Analyst Europe Apprentice or Intern F/H,Internship,Internship,2025-12-03,Catalina Marketing Costa Rica,https://www.catalina.com,,,,https://fr.linkedin.com/jobs/view/fp-a-analyst-europe-apprentice-or-intern-f-h-at-catalina-marketing-costa-rica-4348313459?refId=yFhH1xivIxDLvR09urA0ew%3D%3D&trackingId=2M6B0KrPg%2BjfsZkLvbHPNg%3D%3D&position=20&pageNum=1,5,Skipped,"Skipped: Role match but missing technical keywords: machine learning engineer intern, data scientist intern, ai engineer intern, research intern"
2026-02-07T23:27:44.474552,https://fr.linkedin.com/jobs/view/stage-go-to-market-product-intern-at-havas-media-france-4265332688?refId=yFhH1xivIxDLvR09urA0ew%3D%3D&trackingId=IOtLtnlyWW2753%2FlTrm9pg%3D%3D&position=19&pageNum=1,STAGE - GO TO MARKET PRODUCT INTERN,Full-time,Internship,2025-09-11,Havas Media France,https://havasmedianetwork.com,,,,https://fr.linkedin.com/jobs/view/stage-go-to-market-product-intern-at-havas-media-france-4265332688?refId=yFhH1xivIxDLvR09urA0ew%3D%3D&trackingId=IOtLtnlyWW2753%2FlTrm9pg%3D%3D&position=19&pageNum=1,5,Skipped,"Skipped: Role match but missing technical keywords: machine learning engineer intern, data scientist intern, ai engineer intern, research intern"
2026-02-07T23:27:44.476904,https://fr.linkedin.com/jobs/view/strategy-operations-intern-paris-at-sunday-4362605280?refId=yFhH1xivIxDLvR09urA0ew%3D%3D&trackingId=sVfjHYZo4aen0TtssYg6Uw%3D%3D&position=18&pageNum=1,Strategy & Operations Intern - Paris,Full-time,Internship,2026-01-22,sunday,http://www.sundayapp.com,,,,https://fr.linkedin.com/jobs/view/strategy-operations-intern-paris-at-sunday-4362605280?refId=yFhH1xivIxDLvR09urA0ew%3D%3D&trackingId=sVfjHYZo4aen0TtssYg6Uw%3D%3D&position=18&pageNum=1,5,Skipped,"Skipped: Role match but missing technical keywords: machine learning engineer intern, data scientist intern, ai engineer intern, research intern"
2026-02-07T23:27:44.479150,https://fr.linkedin.com/jobs/view/stage-aliad-venture-capital-operations-controller-intern-h-f-at-air-liquide-4361372947?refId=yFhH1xivIxDLvR09urA0ew%3D%3D&trackingId=V%2F6DvbXlKbYbFyaoC5u2zw%3D%3D&position=13&pageNum=1,Stage - ALIAD - Venture Capital & Operations Controller Intern H/F,Full-time,Internship,2026-02-04,Air Liquide,http://www.airliquide.com,,,,https://fr.linkedin.com/jobs/view/stage-aliad-venture-capital-operations-controller-intern-h-f-at-air-liquide-4361372947?refId=yFhH1xivIxDLvR09urA0ew%3D%3D&trackingId=V%2F6DvbXlKbYbFyaoC5u2zw%3D%3D&position=13&pageNum=1,5,Skipped,"Skipped: Role match but missing technical keywords: machine learning engineer intern, data scientist intern, ai engineer intern, research intern"
2026-02-07T23:27:44.481386,https://fr.linkedin.com/jobs/view/stage-ai-program-coordination-sbs-paris-at-sbs-4366367552?refId=yFhH1xivIxDLvR09urA0ew%3D%3D&trackingId=UyWCOWzaZjU7rAwPzE%2FReA%3D%3D&position=17&pageNum=1,Stage - AI Program & Coordination - SBS - Paris,Full-time,Internship,2026-01-27,SBS,http://www.sbs-software.com,,,,https://fr.linkedin.com/jobs/view/stage-ai-program-coordination-sbs-paris-at-sbs-4366367552?refId=yFhH1xivIxDLvR09urA0ew%3D%3D&trackingId=UyWCOWzaZjU7rAwPzE%2FReA%3D%3D&position=17&pageNum=1,7,Skipped,Skipped: Title contains ML/Data keywords: ai
2026-02-07T23:27:44.483713,https://fr.linkedin.com/jobs/view/intern-machine-learning-engineer-recommender-systems-all-genders-at-dailymotion-4359027957?refId=yFhH1xivIxDLvR09urA0ew%3D%3D&trackingId=gCTLIYZ8REEg0Qkw5mpyDQ%3D%3D&position=12&pageNum=1,Intern Machine Learning Engineer - Recommender Systems (All Genders),Full-time,Internship,2026-01-15,Dailymotion,http://www.dailymotion.com,,,,https://fr.linkedin.com/jobs/view/intern-machine-learning-engineer-recommender-systems-all-genders-at-dailymotion-4359027957?refId=yFhH1xivIxDLvR09urA0ew%3D%3D&trackingId=gCTLIYZ8REEg0Qkw5mpyDQ%3D%3D&position=12&pageNum=1,7,Skipped,Skipped: Title contains ML/Data keywords: machine learning
2026-02-07T23:27:44.485951,https://fr.linkedin.com/jobs/view/talent-acquisition-coordinator-internship-at-alice-bob-4369951744?refId=yFhH1xivIxDLvR09urA0ew%3D%3D&trackingId=uNZR9yroR9f09CxN5gHYJw%3D%3D&position=14&pageNum=1,Talent Acquisition Coordinator - Internship,Internship,Not Applicable,2026-02-06,Alice & Bob,https://alice-bob.com/,,,,https://fr.linkedin.com/jobs/view/talent-acquisition-coordinator-internship-at-alice-bob-4369951744?refId=yFhH1xivIxDLvR09urA0ew%3D%3D&trackingId=uNZR9yroR9f09CxN5gHYJw%3D%3D&position=14&pageNum=1,5,Skipped,"Skipped: Role match but missing technical keywords: machine learning engineer intern, data scientist intern, ai engineer intern, research intern"
2026-02-07T23:27:44.488376,https://fr.linkedin.com/jobs/view/assistant-chef-de-projet-si-europe-f-h-stage-at-christian-dior-couture-4328665539?refId=TDT4kYD8Vj5nWFUYbH8V7g%3D%3D&trackingId=uU8kcnZDxsB1qIA3Bq2YhQ%3D%3D&position=2&pageNum=0,Assistant Chef de Projet SI Europe F/H - STAGE,Full-time,Internship,2026-02-02,Christian Dior Couture,https://www.dior.com/carrieres/index.html,,,,https://fr.linkedin.com/jobs/view/assistant-chef-de-projet-si-europe-f-h-stage-at-christian-dior-couture-4328665539?refId=TDT4kYD8Vj5nWFUYbH8V7g%3D%3D&trackingId=uU8kcnZDxsB1qIA3Bq2YhQ%3D%3D&position=2&pageNum=0,0,Skipped,Skipped: Job title 'Assistant Chef de Projet SI Europe F/H - STAGE' doesn't match ML/Data keywords
2026-02-07T23:27:44.490600,https://fr.linkedin.com/jobs/view/business-program-management-apprentice-at-microsoft-4365270837?refId=yFhH1xivIxDLvR09urA0ew%3D%3D&trackingId=HuFaUqkwtL9bXDOeGiPszA%3D%3D&position=16&pageNum=1,Business Program Management Apprentice,Full-time,Not Applicable,2026-01-22,Microsoft,https://news.microsoft.com/,,,,https://fr.linkedin.com/jobs/view/business-program-management-apprentice-at-microsoft-4365270837?refId=yFhH1xivIxDLvR09urA0ew%3D%3D&trackingId=HuFaUqkwtL9bXDOeGiPszA%3D%3D&position=16&pageNum=1,0,Skipped,Skipped: Job title 'Business Program Management Apprentice' doesn't match ML/Data keywords
2026-02-07T23:27:44.492793,https://fr.linkedin.com/jobs/view/automotive-recruiter-intern-at-mechanics-body-shops-marketplace-4264768443?refId=yFhH1xivIxDLvR09urA0ew%3D%3D&trackingId=wx9GDqfvjpZ78sQRrfo2UA%3D%3D&position=11&pageNum=1,Automotive Recruiter Intern,Internship,Internship,2025-07-09,Mechanics & Body Shops Marketplace,https://www.mechanicsmarketplace.com,,,,https://fr.linkedin.com/jobs/view/automotive-recruiter-intern-at-mechanics-body-shops-marketplace-4264768443?refId=yFhH1xivIxDLvR09urA0ew%3D%3D&trackingId=wx9GDqfvjpZ78sQRrfo2UA%3D%3D&position=11&pageNum=1,5,Skipped,"Skipped: Role match but missing technical keywords: machine learning engineer intern, data scientist intern, ai engineer intern, research intern"
2026-02-07T23:27:44.494988,https://fr.linkedin.com/jobs/view/client-experience-retail-assistant-stage-h-f-at-lemaire-4358818219?refId=yFhH1xivIxDLvR09urA0ew%3D%3D&trackingId=a3EKdmiw9Y%2BrGL8aEZDOYw%3D%3D&position=15&pageNum=1,Client Experience Retail Assistant - Stage (H/F),Internship,Internship,2026-02-04,LEMAIRE,http://www.lemaire.fr/,,,,https://fr.linkedin.com/jobs/view/client-experience-retail-assistant-stage-h-f-at-lemaire-4358818219?refId=yFhH1xivIxDLvR09urA0ew%3D%3D&trackingId=a3EKdmiw9Y%2BrGL8aEZDOYw%3D%3D&position=15&pageNum=1,7,Skipped,Skipped: Title contains ML/Data keywords: ai
2026-02-07T23:27:44.497193,https://fr.linkedin.com/jobs/view/balenciaga-e-commerce-content-production-intern-march-2026-f-h-at-balenciaga-4365087443?refId=yFhH1xivIxDLvR09urA0ew%3D%3D&trackingId=snc%2Br3Gvz9LRCKQF3Q76AA%3D%3D&position=4&pageNum=1,BALENCIAGA - E-Commerce Content Production Intern - March 2026 (F/H),Full-time,Not Applicable,2026-01-21,BALENCIAGA,http://www.balenciaga.com,,,,https://fr.linkedin.com/jobs/view/balenciaga-e-commerce-content-production-intern-march-2026-f-h-at-balenciaga-4365087443?refId=yFhH1xivIxDLvR09urA0ew%3D%3D&trackingId=snc%2Br3Gvz9LRCKQF3Q76AA%3D%3D&position=4&pageNum=1,5,Skipped,"Skipped: Role match but missing technical keywords: machine learning engineer intern, data scientist intern, ai engineer intern, research intern"
2026-02-07T23:27:44.499874,https://fr.linkedin.com/jobs/view/operations-intern-%C3%AEle-de-france-start-date-2026-at-amazon-4308423942?refId=yFhH1xivIxDLvR09urA0ew%3D%3D&trackingId=wV6Ufpd%2BdrxTJJQsAQXxjw%3D%3D&position=9&pageNum=1,Operations Intern - Île de France - Start Date 2026,Full-time,Internship,2026-02-06,Amazon,https://www.aboutamazon.com/,,,,https://fr.linkedin.com/jobs/view/operations-intern-%C3%AEle-de-france-start-date-2026-at-amazon-4308423942?refId=yFhH1xivIxDLvR09urA0ew%3D%3D&trackingId=wV6Ufpd%2BdrxTJJQsAQXxjw%3D%3D&position=9&pageNum=1,5,Skipped,"Skipped: Role match but missing technical keywords: machine learning engineer intern, data scientist intern, ai engineer intern, research intern"
2026-02-07T23:27:44.502820,https://fr.linkedin.com/jobs/view/operations-intern-%C3%AEle-de-france-start-date-2026-at-amazon-4308419993?refId=yFhH1xivIxDLvR09urA0ew%3D%3D&trackingId=PoSPAS88rAImWRFYqaQ%2BNA%3D%3D&position=6&pageNum=1,Operations Intern - Île de France - Start Date 2026,Full-time,Internship,2026-02-06,Amazon,https://www.aboutamazon.com/,,,,https://fr.linkedin.com/jobs/view/operations-intern-%C3%AEle-de-france-start-date-2026-at-amazon-4308419993?refId=yFhH1xivIxDLvR09urA0ew%3D%3D&trackingId=PoSPAS88rAImWRFYqaQ%2BNA%3D%3D&position=6&pageNum=1,5,Skipped,"Skipped: Role match but missing technical keywords: machine learning engineer intern, data scientist intern, ai engineer intern, research intern"
2026-02-07T23:27:44.505508,https://fr.linkedin.com/jobs/view/intern-analyst-portfolio-manager-assistant-active-advisory-at-ubs-4328860268?refId=yFhH1xivIxDLvR09urA0ew%3D%3D&trackingId=YCWavid5kzTp8bBc7T61Gg%3D%3D&position=10&pageNum=1,Intern - Analyst & Portfolio Manager Assistant - Active Advisory,Full-time,Entry level,2026-02-03,UBS,http://www.ubs.com/about,,,,https://fr.linkedin.com/jobs/view/intern-analyst-portfolio-manager-assistant-active-advisory-at-ubs-4328860268?refId=yFhH1xivIxDLvR09urA0ew%3D%3D&trackingId=YCWavid5kzTp8bBc7T61Gg%3D%3D&position=10&pageNum=1,5,Skipped,"Skipped: Role match but missing technical keywords: machine learning engineer intern, data scientist intern, ai engineer intern, research intern"
2026-02-07T23:27:44.509484,https://fr.linkedin.com/jobs/view/stage-engineering-compliance-h-f-at-klepierre-4366810515?refId=yFhH1xivIxDLvR09urA0ew%3D%3D&trackingId=aAAplg5cw%2FZxJCukZBCZNQ%3D%3D&position=5&pageNum=1,Stage - Engineering Compliance H/F,Internship,Internship,2026-01-29,KLEPIERRE,http://www.klepierre.com,,,,https://fr.linkedin.com/jobs/view/stage-engineering-compliance-h-f-at-klepierre-4366810515?refId=yFhH1xivIxDLvR09urA0ew%3D%3D&trackingId=aAAplg5cw%2FZxJCukZBCZNQ%3D%3D&position=5&pageNum=1,5,Skipped,"Skipped: Role match but missing technical keywords: machine learning engineer intern, ai engineer intern"
2026-02-07T23:27:44.512057,https://fr.linkedin.com/jobs/view/intern-trader-assistant-at-engie-international-supply-energy-management-4350686142?refId=yFhH1xivIxDLvR09urA0ew%3D%3D&trackingId=aVgH1J%2BZmsbFHzed85wFOg%3D%3D&position=3&pageNum=1,Intern - Trader Assistant,Internship,Internship,2026-01-21,ENGIE - International Supply & Energy Management,https://gems.engie.com,,,,https://fr.linkedin.com/jobs/view/intern-trader-assistant-at-engie-international-supply-energy-management-4350686142?refId=yFhH1xivIxDLvR09urA0ew%3D%3D&trackingId=aVgH1J%2BZmsbFHzed85wFOg%3D%3D&position=3&pageNum=1,5,Skipped,"Skipped: Role match but missing technical keywords: machine learning engineer intern, data scientist intern, ai engineer intern, research intern"
2026-02-07T23:27:44.514551,https://fr.linkedin.com/jobs/view/stage-en-tourisme-at-indie-campers-4366942411?refId=OlFbuCuERjQrtvFzFrUiVg%3D%3D&trackingId=d9wNkn12%2Fr%2BZMV4EMt4t3w%3D%3D&position=25&pageNum=2,Stage en Tourisme,Full-time,Internship,2026-01-28,Indie Campers,https://indiecampers.com,,,,https://fr.linkedin.com/jobs/view/stage-en-tourisme-at-indie-campers-4366942411?refId=OlFbuCuERjQrtvFzFrUiVg%3D%3D&trackingId=d9wNkn12%2Fr%2BZMV4EMt4t3w%3D%3D&position=25&pageNum=2,0,Skipped,Skipped: Job title 'Stage en Tourisme' doesn't match ML/Data keywords
2026-02-07T23:27:44.517120,https://fr.linkedin.com/jobs/view/financial-analyst-intern-at-amazon-4335233610?refId=yFhH1xivIxDLvR09urA0ew%3D%3D&trackingId=t1G1aOVBkg1giLTzaRc3Ng%3D%3D&position=2&pageNum=1,Financial Analyst Intern,Full-time,Not Applicable,2026-02-04,Amazon,https://www.aboutamazon.com/,,,,https://fr.linkedin.com/jobs/view/financial-analyst-intern-at-amazon-4335233610?refId=yFhH1xivIxDLvR09urA0ew%3D%3D&trackingId=t1G1aOVBkg1giLTzaRc3Ng%3D%3D&position=2&pageNum=1,5,Skipped,"Skipped: Role match but missing technical keywords: machine learning engineer intern, data scientist intern, ai engineer intern, research intern"
2026-02-07T23:28:24.712589,https://fr.linkedin.com/jobs/view/global-editorial-content-marketing-stage-intern-paris-at-cozycozy-com-4337099031?refId=TDT4kYD8Vj5nWFUYbH8V7g%3D%3D&trackingId=lQ3UhALmdZBf3pExPHbyxg%3D%3D&position=24&pageNum=0,"Global Editorial Content Marketing Stage / Intern, Paris",Internship,Not Applicable,2025-11-20,cozycozy.com,https://www.cozycozy.com,,,,https://fr.linkedin.com/jobs/view/global-editorial-content-marketing-stage-intern-paris-at-cozycozy-com-4337099031?refId=TDT4kYD8Vj5nWFUYbH8V7g%3D%3D&trackingId=lQ3UhALmdZBf3pExPHbyxg%3D%3D&position=24&pageNum=0,5,Skipped,"Skipped: Role match but missing technical keywords: machine learning engineer intern, data scientist intern, ai engineer intern, research intern"
2026-02-07T23:28:24.715421,https://fr.linkedin.com/jobs/view/strategy-consultant-internship-private-equity-lyon-f-h-at-indefi-4325718969?refId=TDT4kYD8Vj5nWFUYbH8V7g%3D%3D&trackingId=bM17Rl%2BXmOa2EV%2F7H6pJZg%3D%3D&position=25&pageNum=0,Strategy Consultant Internship - Private Equity - Lyon F/H,Internship,Internship,2025-12-04,INDEFI,http://www.indefi.com,,,,https://fr.linkedin.com/jobs/view/strategy-consultant-internship-private-equity-lyon-f-h-at-indefi-4325718969?refId=TDT4kYD8Vj5nWFUYbH8V7g%3D%3D&trackingId=bM17Rl%2BXmOa2EV%2F7H6pJZg%3D%3D&position=25&pageNum=0,5,Skipped,"Skipped: Role match but missing technical keywords: machine learning engineer intern, data scientist intern, ai engineer intern, research intern"
2026-02-07T23:28:24.718066,https://fr.linkedin.com/jobs/view/revenue-operations-intern-at-swan-4329689579?refId=TDT4kYD8Vj5nWFUYbH8V7g%3D%3D&trackingId=tsDtDVlfh43mSk37a6Zqzw%3D%3D&position=22&pageNum=0,Revenue Operations Intern,Internship,Internship,2025-12-31,Swan,https://swan.io,,,,https://fr.linkedin.com/jobs/view/revenue-operations-intern-at-swan-4329689579?refId=TDT4kYD8Vj5nWFUYbH8V7g%3D%3D&trackingId=tsDtDVlfh43mSk37a6Zqzw%3D%3D&position=22&pageNum=0,5,Skipped,"Skipped: Role match but missing technical keywords: machine learning engineer intern, data scientist intern, ai engineer intern, research intern"
2026-02-07T23:28:24.720681,https://fr.linkedin.com/jobs/view/intern-global-talent-acquisition-project-management-h-f-at-lacoste-4297589491?refId=TDT4kYD8Vj5nWFUYbH8V7g%3D%3D&trackingId=DUZqCHP9qjh1Rx60ZJ29Yw%3D%3D&position=23&pageNum=0,Intern Global Talent Acquisition Project Management (H/F),Full-time,Not Applicable,2025-09-08,Lacoste,https://corporate.lacoste.com/,,,,https://fr.linkedin.com/jobs/view/intern-global-talent-acquisition-project-management-h-f-at-lacoste-4297589491?refId=TDT4kYD8Vj5nWFUYbH8V7g%3D%3D&trackingId=DUZqCHP9qjh1Rx60ZJ29Yw%3D%3D&position=23&pageNum=0,5,Skipped,"Skipped: Role match but missing technical keywords: machine learning engineer intern, data scientist intern, ai engineer intern, research intern"
2026-02-07T23:28:24.722922,https://fr.linkedin.com/jobs/view/stage-assistant-consultant-paid-social-h-f-at-dentsu-4345376920?refId=TDT4kYD8Vj5nWFUYbH8V7g%3D%3D&trackingId=lHI%2BQV8K2ZFZfoU57CmqdA%3D%3D&position=19&pageNum=0,STAGE - Assistant Consultant Paid Social H/F,Full-time,Internship,2026-01-12,dentsu,https://bit.ly/3lDa6Ff,,,,https://fr.linkedin.com/jobs/view/stage-assistant-consultant-paid-social-h-f-at-dentsu-4345376920?refId=TDT4kYD8Vj5nWFUYbH8V7g%3D%3D&trackingId=lHI%2BQV8K2ZFZfoU57CmqdA%3D%3D&position=19&pageNum=0,7,Skipped,Skipped: Title contains ML/Data keywords: ai
2026-02-07T23:28:24.725126,https://fr.linkedin.com/jobs/view/oliver-wyman-stage-2a-polytechnique-paris-france-at-oliver-wyman-4359427349?refId=TDT4kYD8Vj5nWFUYbH8V7g%3D%3D&trackingId=E0XVYRIzueZ%2B6SSqXnCXzg%3D%3D&position=20&pageNum=0,Oliver Wyman - Stage 2A Polytechnique - Paris (France),Internship,Not Applicable,2026-01-31,Oliver Wyman,http://www.oliverwyman.com,,,,https://fr.linkedin.com/jobs/view/oliver-wyman-stage-2a-polytechnique-paris-france-at-oliver-wyman-4359427349?refId=TDT4kYD8Vj5nWFUYbH8V7g%3D%3D&trackingId=E0XVYRIzueZ%2B6SSqXnCXzg%3D%3D&position=20&pageNum=0,0,Skipped,Skipped: Job title 'Oliver Wyman - Stage 2A Polytechnique - Paris (France)' doesn't match ML/Data keywords
2026-02-07T23:28:24.727451,https://fr.linkedin.com/jobs/view/stage-marketing-operations-f-h-at-worldline-4332768064?refId=TDT4kYD8Vj5nWFUYbH8V7g%3D%3D&trackingId=6nDVxO%2FZXrKmawzQxLkpLA%3D%3D&position=21&pageNum=0,Stage - Marketing Operations (F/H),Internship,Entry level,2026-02-06,Worldline,http://worldline.com,,,,https://fr.linkedin.com/jobs/view/stage-marketing-operations-f-h-at-worldline-4332768064?refId=TDT4kYD8Vj5nWFUYbH8V7g%3D%3D&trackingId=6nDVxO%2FZXrKmawzQxLkpLA%3D%3D&position=21&pageNum=0,0,Skipped,Skipped: Job title 'Stage - Marketing Operations (F/H)' doesn't match ML/Data keywords
2026-02-07T23:28:24.729565,https://fr.linkedin.com/jobs/view/kering-data-product-owner-stage-at-kering-4361320470?refId=TDT4kYD8Vj5nWFUYbH8V7g%3D%3D&trackingId=vtgAwIhg5Q0oIIwmHJbk7g%3D%3D&position=18&pageNum=0,KERING Data Product Owner (stage),Full-time,Internship,2026-01-13,Kering,https://www.kering.com/en,,,,https://fr.linkedin.com/jobs/view/kering-data-product-owner-stage-at-kering-4361320470?refId=TDT4kYD8Vj5nWFUYbH8V7g%3D%3D&trackingId=vtgAwIhg5Q0oIIwmHJbk7g%3D%3D&position=18&pageNum=0,5,Skipped,Skipped: Role match but missing technical keywords: data scientist intern
2026-02-07T23:28:24.731859,https://fr.linkedin.com/jobs/view/intern-web-editor-gq-at-cond%C3%A9-nast-4362960775?refId=TDT4kYD8Vj5nWFUYbH8V7g%3D%3D&trackingId=%2B%2FOY0Lc%2FB8PxGrRC33p4xQ%3D%3D&position=14&pageNum=0,Intern Web Editor GQ,Full-time,Internship,2026-02-05,Condé Nast,http://www.condenast.com,,,,https://fr.linkedin.com/jobs/view/intern-web-editor-gq-at-cond%C3%A9-nast-4362960775?refId=TDT4kYD8Vj5nWFUYbH8V7g%3D%3D&trackingId=%2B%2FOY0Lc%2FB8PxGrRC33p4xQ%3D%3D&position=14&pageNum=0,5,Skipped,"Skipped: Role match but missing technical keywords: machine learning engineer intern, data scientist intern, ai engineer intern, research intern"
2026-02-07T23:28:24.734357,https://fr.linkedin.com/jobs/view/stage-global-strategy-intern-h-f-at-edenred-4365982064?refId=TDT4kYD8Vj5nWFUYbH8V7g%3D%3D&trackingId=OBeWqKSWvLIT7If%2F6w1VSA%3D%3D&position=16&pageNum=0,Stage - Global Strategy Intern (H/F),Internship,Internship,2026-01-27,Edenred,https://www.edenred.com,,,,https://fr.linkedin.com/jobs/view/stage-global-strategy-intern-h-f-at-edenred-4365982064?refId=TDT4kYD8Vj5nWFUYbH8V7g%3D%3D&trackingId=OBeWqKSWvLIT7If%2F6w1VSA%3D%3D&position=16&pageNum=0,5,Skipped,"Skipped: Role match but missing technical keywords: machine learning engineer intern, data scientist intern, ai engineer intern, research intern"
2026-02-07T23:28:24.736735,https://fr.linkedin.com/jobs/view/strategy-consultant-internship-private-equity-paris-f-h-at-indefi-4362145931?refId=TDT4kYD8Vj5nWFUYbH8V7g%3D%3D&trackingId=kluoyr6MdGCacE0v0JN1pA%3D%3D&position=13&pageNum=0,Strategy Consultant Internship - Private Equity - Paris F/H,Internship,Internship,2026-01-22,INDEFI,http://www.indefi.com,,,,https://fr.linkedin.com/jobs/view/strategy-consultant-internship-private-equity-paris-f-h-at-indefi-4362145931?refId=TDT4kYD8Vj5nWFUYbH8V7g%3D%3D&trackingId=kluoyr6MdGCacE0v0JN1pA%3D%3D&position=13&pageNum=0,5,Skipped,"Skipped: Role match but missing technical keywords: machine learning engineer intern, data scientist intern, ai engineer intern, research intern"
2026-02-07T23:28:24.738920,https://fr.linkedin.com/jobs/view/corporate-strategy-analyst-stage-paris-at-papernest-4367849121?refId=TDT4kYD8Vj5nWFUYbH8V7g%3D%3D&trackingId=AeFL6bExzQ8Ks95jWICv5A%3D%3D&position=17&pageNum=0,Corporate Strategy Analyst - Stage - Paris,Other,Not Applicable,2026-01-21,papernest,http://www.papernest.com,,,,https://fr.linkedin.com/jobs/view/corporate-strategy-analyst-stage-paris-at-papernest-4367849121?refId=TDT4kYD8Vj5nWFUYbH8V7g%3D%3D&trackingId=AeFL6bExzQ8Ks95jWICv5A%3D%3D&position=17&pageNum=0,0,Skipped,Skipped: Job title 'Corporate Strategy Analyst - Stage - Paris' doesn't match ML/Data keywords
2026-02-07T23:28:24.741131,https://fr.linkedin.com/jobs/view/data-science-internship-warehouse-optimisation-at-bigblue-4334828942?refId=TDT4kYD8Vj5nWFUYbH8V7g%3D%3D&trackingId=Kb2i9B9L1fZilp9KzpIEWw%3D%3D&position=15&pageNum=0,Data Science Internship - Warehouse optimisation,Internship,Not Applicable,2025-11-07,Bigblue,https://www.bigblue.co/,,,,https://fr.linkedin.com/jobs/view/data-science-internship-warehouse-optimisation-at-bigblue-4334828942?refId=TDT4kYD8Vj5nWFUYbH8V7g%3D%3D&trackingId=Kb2i9B9L1fZilp9KzpIEWw%3D%3D&position=15&pageNum=0,7,Skipped,Skipped: Title contains ML/Data keywords: data scien
2026-02-07T23:28:24.743216,https://fr.linkedin.com/jobs/view/data-analyst-assistant-operations-europe-stage-f-h-at-christian-dior-couture-4328475713?refId=TDT4kYD8Vj5nWFUYbH8V7g%3D%3D&trackingId=cAzGvHA2yNHZ2ccVYquH8w%3D%3D&position=8&pageNum=0,Data Analyst Assistant Operations Europe - Stage F/H,Full-time,Internship,2026-02-02,Christian Dior Couture,https://www.dior.com/carrieres/index.html,,,,https://fr.linkedin.com/jobs/view/data-analyst-assistant-operations-europe-stage-f-h-at-christian-dior-couture-4328475713?refId=TDT4kYD8Vj5nWFUYbH8V7g%3D%3D&trackingId=cAzGvHA2yNHZ2ccVYquH8w%3D%3D&position=8&pageNum=0,5,Skipped,Skipped: Role match but missing technical keywords: data scientist intern
2026-02-07T23:28:24.745337,https://fr.linkedin.com/jobs/view/vc-analyst-intern-at-wind-4353019038?refId=TDT4kYD8Vj5nWFUYbH8V7g%3D%3D&trackingId=iu%2B3C4iBlyDkhbup6EqcXw%3D%3D&position=12&pageNum=0,VC Analyst Intern,Internship,Internship,2026-01-15,Wind,http://wind.capital,,,,https://fr.linkedin.com/jobs/view/vc-analyst-intern-at-wind-4353019038?refId=TDT4kYD8Vj5nWFUYbH8V7g%3D%3D&trackingId=iu%2B3C4iBlyDkhbup6EqcXw%3D%3D&position=12&pageNum=0,5,Skipped,"Skipped: Role match but missing technical keywords: machine learning engineer intern, data scientist intern, ai engineer intern, research intern"
2026-02-07T23:28:24.747652,https://fr.linkedin.com/jobs/view/internship-chief-of-staff-at-twoway-4357429590?refId=TDT4kYD8Vj5nWFUYbH8V7g%3D%3D&trackingId=2%2FgPiHY1i%2Fy2o5AyZdxKrQ%3D%3D&position=9&pageNum=0,[Internship] Chief of Staff,Internship,Internship,2026-02-03,TwoWay,https://www.twoway.finance/,,,,https://fr.linkedin.com/jobs/view/internship-chief-of-staff-at-twoway-4357429590?refId=TDT4kYD8Vj5nWFUYbH8V7g%3D%3D&trackingId=2%2FgPiHY1i%2Fy2o5AyZdxKrQ%3D%3D&position=9&pageNum=0,5,Skipped,"Skipped: Role match but missing technical keywords: machine learning engineer intern, data scientist intern, ai engineer intern, research intern"
2026-02-07T23:28:24.757846,https://fr.linkedin.com/jobs/view/founder-associate-intern-at-n%C5%ABmi%C2%AE-4336590083?refId=TDT4kYD8Vj5nWFUYbH8V7g%3D%3D&trackingId=4U5L%2FZ5zntj%2BBZdRIH36AQ%3D%3D&position=10&pageNum=0,Founder associate intern,Internship,Internship,2025-10-23,Nūmi®,https://www.numi.life/,,,,https://fr.linkedin.com/jobs/view/founder-associate-intern-at-n%C5%ABmi%C2%AE-4336590083?refId=TDT4kYD8Vj5nWFUYbH8V7g%3D%3D&trackingId=4U5L%2FZ5zntj%2BBZdRIH36AQ%3D%3D&position=10&pageNum=0,5,Skipped,"Skipped: Role match but missing technical keywords: machine learning engineer intern, data scientist intern, ai engineer intern, research intern"
2026-02-07T23:28:24.760228,https://fr.linkedin.com/jobs/view/technology-growth-equity-investment-intern-starting-july-september-2026-for-6-months-at-revaia-4365517336?refId=TDT4kYD8Vj5nWFUYbH8V7g%3D%3D&trackingId=%2BhBFhY4DJR9%2F1H%2FQuyE9Ug%3D%3D&position=11&pageNum=0,Technology Growth Equity - Investment Intern - Starting July/September 2026 for 6 months,Internship,Internship,2026-01-23,Revaia,https://revaia.com,,,,https://fr.linkedin.com/jobs/view/technology-growth-equity-investment-intern-starting-july-september-2026-for-6-months-at-revaia-4365517336?refId=TDT4kYD8Vj5nWFUYbH8V7g%3D%3D&trackingId=%2BhBFhY4DJR9%2F1H%2FQuyE9Ug%3D%3D&position=11&pageNum=0,5,Skipped,"Skipped: Role match but missing technical keywords: machine learning engineer intern, data scientist intern, ai engineer intern, research intern"
2026-02-07T23:28:24.762460,https://fr.linkedin.com/jobs/view/intern-chinese-project-analyst-h-f-at-richemont-4360856769?refId=TDT4kYD8Vj5nWFUYbH8V7g%3D%3D&trackingId=9JI8hZwggGaIYhkx91%2BsXQ%3D%3D&position=6&pageNum=0,Intern - Chinese Project Analyst (H/F),Full-time,Internship,2026-01-19,Richemont,http://www.richemont.com/,,,,https://fr.linkedin.com/jobs/view/intern-chinese-project-analyst-h-f-at-richemont-4360856769?refId=TDT4kYD8Vj5nWFUYbH8V7g%3D%3D&trackingId=9JI8hZwggGaIYhkx91%2BsXQ%3D%3D&position=6&pageNum=0,5,Skipped,"Skipped: Role match but missing technical keywords: machine learning engineer intern, data scientist intern, ai engineer intern, research intern"
2026-02-07T23:28:24.764805,https://fr.linkedin.com/jobs/view/stage-marketing-analyst-consumer-insight-h-f-at-richemont-4368757407?refId=TDT4kYD8Vj5nWFUYbH8V7g%3D%3D&trackingId=%2FLkfwuAKrZxpVBMAoDYudg%3D%3D&position=5&pageNum=0,Stage - Marketing Analyst Consumer Insight (H/F),Full-time,Internship,2026-02-04,Richemont,http://www.richemont.com/,,,,https://fr.linkedin.com/jobs/view/stage-marketing-analyst-consumer-insight-h-f-at-richemont-4368757407?refId=TDT4kYD8Vj5nWFUYbH8V7g%3D%3D&trackingId=%2FLkfwuAKrZxpVBMAoDYudg%3D%3D&position=5&pageNum=0,0,Skipped,Skipped: Job title 'Stage - Marketing Analyst Consumer Insight (H/F)' doesn't match ML/Data keywords
2026-02-07T23:28:24.767249,https://fr.linkedin.com/jobs/view/software-engineering-full-stack-intern-in-sydney-australia-at-inautalent-4366978981?refId=TDT4kYD8Vj5nWFUYbH8V7g%3D%3D&trackingId=2pKtRIGC4A%2FcHqrFOf89uA%3D%3D&position=3&pageNum=0,"Software Engineering (Full-Stack) Intern - in Sydney, Australia",Full-time,Internship,2026-01-29,INAUTALENT,https://inautalent.com/,,,,https://fr.linkedin.com/jobs/view/software-engineering-full-stack-intern-in-sydney-australia-at-inautalent-4366978981?refId=TDT4kYD8Vj5nWFUYbH8V7g%3D%3D&trackingId=2pKtRIGC4A%2FcHqrFOf89uA%3D%3D&position=3&pageNum=0,5,Skipped,"Skipped: Role match but missing technical keywords: machine learning engineer intern, data scientist intern, ai engineer intern, research intern"
2026-02-07T23:28:24.769953,https://fr.linkedin.com/jobs/view/stage-assistant-e-chef-de-projet-marketing-ev%C3%A8nementiel-horlogerie-joaillerie-europe-juillet-2026-at-chanel-4329220344?refId=TDT4kYD8Vj5nWFUYbH8V7g%3D%3D&trackingId=9adg51Ng8zLXDyPSTfoiYg%3D%3D&position=1&pageNum=0,STAGE - Assistant(e) Chef de Projet Marketing & Evènementiel - Horlogerie Joaillerie EUROPE - Juillet 2026,Full-time,Internship,2026-02-04,CHANEL,http://www.chanel.com,,,,https://fr.linkedin.com/jobs/view/stage-assistant-e-chef-de-projet-marketing-ev%C3%A8nementiel-horlogerie-joaillerie-europe-juillet-2026-at-chanel-4329220344?refId=TDT4kYD8Vj5nWFUYbH8V7g%3D%3D&trackingId=9adg51Ng8zLXDyPSTfoiYg%3D%3D&position=1&pageNum=0,7,Skipped,Skipped: Title contains ML/Data keywords: ai
2026-02-07T23:28:24.772214,https://fr.linkedin.com/jobs/view/software-engineering-full-stack-intern-in-sydney-australia-at-inautalent-4366981885?refId=TDT4kYD8Vj5nWFUYbH8V7g%3D%3D&trackingId=Sqw4SyVslZJNoNVxLEdZNA%3D%3D&position=4&pageNum=0,"Software Engineering (Full-Stack) Intern - in Sydney, Australia",Full-time,Internship,2026-01-29,INAUTALENT,https://inautalent.com/,,,,https://fr.linkedin.com/jobs/view/software-engineering-full-stack-intern-in-sydney-australia-at-inautalent-4366981885?refId=TDT4kYD8Vj5nWFUYbH8V7g%3D%3D&trackingId=Sqw4SyVslZJNoNVxLEdZNA%3D%3D&position=4&pageNum=0,5,Skipped,"Skipped: Role match but missing technical keywords: machine learning engineer intern, data scientist intern, ai engineer intern, research intern"
2026-02-07T23:28:24.774412,https://fr.linkedin.com/jobs/view/stage-controlling-global-h-f-at-urgo-medical-4368275622?refId=TDT4kYD8Vj5nWFUYbH8V7g%3D%3D&trackingId=KyeLz%2FCnjBf4JvooFWukkw%3D%3D&position=7&pageNum=0,Stage Controlling Global (H/F),Internship,Internship,2026-02-03,Urgo Medical,http://urgomedical.com,,,,https://fr.linkedin.com/jobs/view/stage-controlling-global-h-f-at-urgo-medical-4368275622?refId=TDT4kYD8Vj5nWFUYbH8V7g%3D%3D&trackingId=KyeLz%2FCnjBf4JvooFWukkw%3D%3D&position=7&pageNum=0,0,Skipped,Skipped: Job title 'Stage Controlling Global (H/F)' doesn't match ML/Data keywords
2026-02-07T23:28:24.776550,https://fr.linkedin.com/jobs/view/solutions-engineer-intern-at-bigblue-4332308160?refId=yFhH1xivIxDLvR09urA0ew%3D%3D&trackingId=a21eGsX%2BTYhkExJy2sNeyg%3D%3D&position=7&pageNum=1,Solutions Engineer intern,Internship,Not Applicable,2025-10-27,Bigblue,https://www.bigblue.co/,,,,https://fr.linkedin.com/jobs/view/solutions-engineer-intern-at-bigblue-4332308160?refId=yFhH1xivIxDLvR09urA0ew%3D%3D&trackingId=a21eGsX%2BTYhkExJy2sNeyg%3D%3D&position=7&pageNum=1,5,Skipped,"Skipped: Role match but missing technical keywords: machine learning engineer intern, data scientist intern, ai engineer intern, research intern"
2026-02-07T23:28:24.778713,https://fr.linkedin.com/jobs/view/operations-intern-r%C3%A9gion-centre-start-date-2026-at-amazon-4308670140?refId=yFhH1xivIxDLvR09urA0ew%3D%3D&trackingId=fMAlcvvNor83YcvyLt5BwQ%3D%3D&position=24&pageNum=1,Operations Intern - Région Centre - Start Date 2026,Full-time,Internship,2026-02-05,Amazon,https://www.aboutamazon.com/,,,,https://fr.linkedin.com/jobs/view/operations-intern-r%C3%A9gion-centre-start-date-2026-at-amazon-4308670140?refId=yFhH1xivIxDLvR09urA0ew%3D%3D&trackingId=fMAlcvvNor83YcvyLt5BwQ%3D%3D&position=24&pageNum=1,5,Skipped,"Skipped: Role match but missing technical keywords: machine learning engineer intern, data scientist intern, ai engineer intern, research intern"
2026-02-07T23:28:24.781003,https://fr.linkedin.com/jobs/view/intern-film-grain-analysis-at-interdigital-inc-4365350699?refId=yFhH1xivIxDLvR09urA0ew%3D%3D&trackingId=TTufTbIQwywO9TStZrC9gw%3D%3D&position=8&pageNum=1,"Intern, Film Grain Analysis",Internship,Internship,2026-01-22,"InterDigital, Inc.",http://www.interdigital.com,,,,https://fr.linkedin.com/jobs/view/intern-film-grain-analysis-at-interdigital-inc-4365350699?refId=yFhH1xivIxDLvR09urA0ew%3D%3D&trackingId=TTufTbIQwywO9TStZrC9gw%3D%3D&position=8&pageNum=1,7,Skipped,Skipped: Title contains ML/Data keywords: ai
2026-02-07T23:28:24.783937,https://fr.linkedin.com/jobs/view/stage-aliad-venture-capital-operations-controller-intern-h-f-at-air-liquide-4369972084?refId=yFhH1xivIxDLvR09urA0ew%3D%3D&trackingId=iM%2Bhd5m4KtnVVwqxNEa3XQ%3D%3D&position=25&pageNum=1,Stage - ALIAD - Venture Capital & Operations Controller Intern H/F,Full-time,Internship,2026-02-06,Air Liquide,http://www.airliquide.com,,,,https://fr.linkedin.com/jobs/view/stage-aliad-venture-capital-operations-controller-intern-h-f-at-air-liquide-4369972084?refId=yFhH1xivIxDLvR09urA0ew%3D%3D&trackingId=iM%2Bhd5m4KtnVVwqxNEa3XQ%3D%3D&position=25&pageNum=1,5,Skipped,"Skipped: Role match but missing technical keywords: machine learning engineer intern, data scientist intern, ai engineer intern, research intern"
2026-02-07T23:28:24.786264,https://fr.linkedin.com/jobs/view/stage-ing%C3%A9nieur-e-data-science-6-mois-at-verder-scientific-4366727481?refId=yFhH1xivIxDLvR09urA0ew%3D%3D&trackingId=Bj6q2dEh%2BgkJDXWuAApfbw%3D%3D&position=23&pageNum=1,Stage ingénieur(e) Data Science - 6 mois,Full-time,Internship,2026-01-13,VERDER SCIENTIFIC,https://www.verder-scientific.com,,,,https://fr.linkedin.com/jobs/view/stage-ing%C3%A9nieur-e-data-science-6-mois-at-verder-scientific-4366727481?refId=yFhH1xivIxDLvR09urA0ew%3D%3D&trackingId=Bj6q2dEh%2BgkJDXWuAApfbw%3D%3D&position=23&pageNum=1,7,Skipped,Skipped: Title contains ML/Data keywords: data scien
2026-02-07T23:28:24.788546,https://fr.linkedin.com/jobs/view/stage-en-tourisme-at-indie-campers-4346307286?refId=yFhH1xivIxDLvR09urA0ew%3D%3D&trackingId=QrS%2BHMov5Y6o5O6QSC57tw%3D%3D&position=22&pageNum=1,Stage en Tourisme,Full-time,Internship,2025-12-26,Indie Campers,https://indiecampers.com,,,,https://fr.linkedin.com/jobs/view/stage-en-tourisme-at-indie-campers-4346307286?refId=yFhH1xivIxDLvR09urA0ew%3D%3D&trackingId=QrS%2BHMov5Y6o5O6QSC57tw%3D%3D&position=22&pageNum=1,0,Skipped,Skipped: Job title 'Stage en Tourisme' doesn't match ML/Data keywords
2026-02-07T23:28:24.792524,https://fr.linkedin.com/jobs/view/financial-analyst-intern-at-acca-careers-4365741298?refId=yFhH1xivIxDLvR09urA0ew%3D%3D&trackingId=rQ3egVgwyracXZgDzQZIcA%3D%3D&position=21&pageNum=1,Financial Analyst Intern,Internship,Internship,2026-01-23,ACCA Careers,https://jobs.accaglobal.com/,,,,https://fr.linkedin.com/jobs/view/financial-analyst-intern-at-acca-careers-4365741298?refId=yFhH1xivIxDLvR09urA0ew%3D%3D&trackingId=rQ3egVgwyracXZgDzQZIcA%3D%3D&position=21&pageNum=1,5,Skipped,"Skipped: Role match but missing technical keywords: machine learning engineer intern, data scientist intern, ai engineer intern, research intern"
2026-02-07T23:28:24.795947,https://fr.linkedin.com/jobs/view/fp-a-analyst-europe-apprentice-or-intern-f-h-at-catalina-marketing-costa-rica-4348313459?refId=yFhH1xivIxDLvR09urA0ew%3D%3D&trackingId=2M6B0KrPg%2BjfsZkLvbHPNg%3D%3D&position=20&pageNum=1,FP&A Analyst Europe Apprentice or Intern F/H,Internship,Internship,2025-12-03,Catalina Marketing Costa Rica,https://www.catalina.com,,,,https://fr.linkedin.com/jobs/view/fp-a-analyst-europe-apprentice-or-intern-f-h-at-catalina-marketing-costa-rica-4348313459?refId=yFhH1xivIxDLvR09urA0ew%3D%3D&trackingId=2M6B0KrPg%2BjfsZkLvbHPNg%3D%3D&position=20&pageNum=1,5,Skipped,"Skipped: Role match but missing technical keywords: machine learning engineer intern, data scientist intern, ai engineer intern, research intern"
2026-02-07T23:28:24.799160,https://fr.linkedin.com/jobs/view/stage-go-to-market-product-intern-at-havas-media-france-4265332688?refId=yFhH1xivIxDLvR09urA0ew%3D%3D&trackingId=IOtLtnlyWW2753%2FlTrm9pg%3D%3D&position=19&pageNum=1,STAGE - GO TO MARKET PRODUCT INTERN,Full-time,Internship,2025-09-11,Havas Media France,https://havasmedianetwork.com,,,,https://fr.linkedin.com/jobs/view/stage-go-to-market-product-intern-at-havas-media-france-4265332688?refId=yFhH1xivIxDLvR09urA0ew%3D%3D&trackingId=IOtLtnlyWW2753%2FlTrm9pg%3D%3D&position=19&pageNum=1,5,Skipped,"Skipped: Role match but missing technical keywords: machine learning engineer intern, data scientist intern, ai engineer intern, research intern"
2026-02-07T23:28:24.802929,https://fr.linkedin.com/jobs/view/strategy-operations-intern-paris-at-sunday-4362605280?refId=yFhH1xivIxDLvR09urA0ew%3D%3D&trackingId=sVfjHYZo4aen0TtssYg6Uw%3D%3D&position=18&pageNum=1,Strategy & Operations Intern - Paris,Full-time,Internship,2026-01-22,sunday,http://www.sundayapp.com,,,,https://fr.linkedin.com/jobs/view/strategy-operations-intern-paris-at-sunday-4362605280?refId=yFhH1xivIxDLvR09urA0ew%3D%3D&trackingId=sVfjHYZo4aen0TtssYg6Uw%3D%3D&position=18&pageNum=1,5,Skipped,"Skipped: Role match but missing technical keywords: machine learning engineer intern, data scientist intern, ai engineer intern, research intern"
2026-02-07T23:28:24.806392,https://fr.linkedin.com/jobs/view/stage-aliad-venture-capital-operations-controller-intern-h-f-at-air-liquide-4361372947?refId=yFhH1xivIxDLvR09urA0ew%3D%3D&trackingId=V%2F6DvbXlKbYbFyaoC5u2zw%3D%3D&position=13&pageNum=1,Stage - ALIAD - Venture Capital & Operations Controller Intern H/F,Full-time,Internship,2026-02-04,Air Liquide,http://www.airliquide.com,,,,https://fr.linkedin.com/jobs/view/stage-aliad-venture-capital-operations-controller-intern-h-f-at-air-liquide-4361372947?refId=yFhH1xivIxDLvR09urA0ew%3D%3D&trackingId=V%2F6DvbXlKbYbFyaoC5u2zw%3D%3D&position=13&pageNum=1,5,Skipped,"Skipped: Role match but missing technical keywords: machine learning engineer intern, data scientist intern, ai engineer intern, research intern"
2026-02-07T23:28:24.809042,https://fr.linkedin.com/jobs/view/stage-ai-program-coordination-sbs-paris-at-sbs-4366367552?refId=yFhH1xivIxDLvR09urA0ew%3D%3D&trackingId=UyWCOWzaZjU7rAwPzE%2FReA%3D%3D&position=17&pageNum=1,Stage - AI Program & Coordination - SBS - Paris,Full-time,Internship,2026-01-27,SBS,http://www.sbs-software.com,,,,https://fr.linkedin.com/jobs/view/stage-ai-program-coordination-sbs-paris-at-sbs-4366367552?refId=yFhH1xivIxDLvR09urA0ew%3D%3D&trackingId=UyWCOWzaZjU7rAwPzE%2FReA%3D%3D&position=17&pageNum=1,7,Skipped,Skipped: Title contains ML/Data keywords: ai
2026-02-07T23:28:24.813139,https://fr.linkedin.com/jobs/view/intern-machine-learning-engineer-recommender-systems-all-genders-at-dailymotion-4359027957?refId=yFhH1xivIxDLvR09urA0ew%3D%3D&trackingId=gCTLIYZ8REEg0Qkw5mpyDQ%3D%3D&position=12&pageNum=1,Intern Machine Learning Engineer - Recommender Systems (All Genders),Full-time,Internship,2026-01-15,Dailymotion,http://www.dailymotion.com,,,,https://fr.linkedin.com/jobs/view/intern-machine-learning-engineer-recommender-systems-all-genders-at-dailymotion-4359027957?refId=yFhH1xivIxDLvR09urA0ew%3D%3D&trackingId=gCTLIYZ8REEg0Qkw5mpyDQ%3D%3D&position=12&pageNum=1,7,Skipped,Skipped: Title contains ML/Data keywords: machine learning
2026-02-07T23:28:24.816998,https://fr.linkedin.com/jobs/view/talent-acquisition-coordinator-internship-at-alice-bob-4369951744?refId=yFhH1xivIxDLvR09urA0ew%3D%3D&trackingId=uNZR9yroR9f09CxN5gHYJw%3D%3D&position=14&pageNum=1,Talent Acquisition Coordinator - Internship,Internship,Not Applicable,2026-02-06,Alice & Bob,https://alice-bob.com/,,,,https://fr.linkedin.com/jobs/view/talent-acquisition-coordinator-internship-at-alice-bob-4369951744?refId=yFhH1xivIxDLvR09urA0ew%3D%3D&trackingId=uNZR9yroR9f09CxN5gHYJw%3D%3D&position=14&pageNum=1,5,Skipped,"Skipped: Role match but missing technical keywords: machine learning engineer intern, data scientist intern, ai engineer intern, research intern"
2026-02-07T23:28:24.820877,https://fr.linkedin.com/jobs/view/assistant-chef-de-projet-si-europe-f-h-stage-at-christian-dior-couture-4328665539?refId=TDT4kYD8Vj5nWFUYbH8V7g%3D%3D&trackingId=uU8kcnZDxsB1qIA3Bq2YhQ%3D%3D&position=2&pageNum=0,Assistant Chef de Projet SI Europe F/H - STAGE,Full-time,Internship,2026-02-02,Christian Dior Couture,https://www.dior.com/carrieres/index.html,,,,https://fr.linkedin.com/jobs/view/assistant-chef-de-projet-si-europe-f-h-stage-at-christian-dior-couture-4328665539?refId=TDT4kYD8Vj5nWFUYbH8V7g%3D%3D&trackingId=uU8kcnZDxsB1qIA3Bq2YhQ%3D%3D&position=2&pageNum=0,0,Skipped,Skipped: Job title 'Assistant Chef de Projet SI Europe F/H - STAGE' doesn't match ML/Data keywords
2026-02-07T23:28:24.824523,https://fr.linkedin.com/jobs/view/business-program-management-apprentice-at-microsoft-4365270837?refId=yFhH1xivIxDLvR09urA0ew%3D%3D&trackingId=HuFaUqkwtL9bXDOeGiPszA%3D%3D&position=16&pageNum=1,Business Program Management Apprentice,Full-time,Not Applicable,2026-01-22,Microsoft,https://news.microsoft.com/,,,,https://fr.linkedin.com/jobs/view/business-program-management-apprentice-at-microsoft-4365270837?refId=yFhH1xivIxDLvR09urA0ew%3D%3D&trackingId=HuFaUqkwtL9bXDOeGiPszA%3D%3D&position=16&pageNum=1,0,Skipped,Skipped: Job title 'Business Program Management Apprentice' doesn't match ML/Data keywords
2026-02-07T23:28:24.828032,https://fr.linkedin.com/jobs/view/automotive-recruiter-intern-at-mechanics-body-shops-marketplace-4264768443?refId=yFhH1xivIxDLvR09urA0ew%3D%3D&trackingId=wx9GDqfvjpZ78sQRrfo2UA%3D%3D&position=11&pageNum=1,Automotive Recruiter Intern,Internship,Internship,2025-07-09,Mechanics & Body Shops Marketplace,https://www.mechanicsmarketplace.com,,,,https://fr.linkedin.com/jobs/view/automotive-recruiter-intern-at-mechanics-body-shops-marketplace-4264768443?refId=yFhH1xivIxDLvR09urA0ew%3D%3D&trackingId=wx9GDqfvjpZ78sQRrfo2UA%3D%3D&position=11&pageNum=1,5,Skipped,"Skipped: Role match but missing technical keywords: machine learning engineer intern, data scientist intern, ai engineer intern, research intern"
2026-02-07T23:28:24.830653,https://fr.linkedin.com/jobs/view/client-experience-retail-assistant-stage-h-f-at-lemaire-4358818219?refId=yFhH1xivIxDLvR09urA0ew%3D%3D&trackingId=a3EKdmiw9Y%2BrGL8aEZDOYw%3D%3D&position=15&pageNum=1,Client Experience Retail Assistant - Stage (H/F),Internship,Internship,2026-02-04,LEMAIRE,http://www.lemaire.fr/,,,,https://fr.linkedin.com/jobs/view/client-experience-retail-assistant-stage-h-f-at-lemaire-4358818219?refId=yFhH1xivIxDLvR09urA0ew%3D%3D&trackingId=a3EKdmiw9Y%2BrGL8aEZDOYw%3D%3D&position=15&pageNum=1,7,Skipped,Skipped: Title contains ML/Data keywords: ai
2026-02-07T23:28:24.834253,https://fr.linkedin.com/jobs/view/balenciaga-e-commerce-content-production-intern-march-2026-f-h-at-balenciaga-4365087443?refId=yFhH1xivIxDLvR09urA0ew%3D%3D&trackingId=snc%2Br3Gvz9LRCKQF3Q76AA%3D%3D&position=4&pageNum=1,BALENCIAGA - E-Commerce Content Production Intern - March 2026 (F/H),Full-time,Not Applicable,2026-01-21,BALENCIAGA,http://www.balenciaga.com,,,,https://fr.linkedin.com/jobs/view/balenciaga-e-commerce-content-production-intern-march-2026-f-h-at-balenciaga-4365087443?refId=yFhH1xivIxDLvR09urA0ew%3D%3D&trackingId=snc%2Br3Gvz9LRCKQF3Q76AA%3D%3D&position=4&pageNum=1,5,Skipped,"Skipped: Role match but missing technical keywords: machine learning engineer intern, data scientist intern, ai engineer intern, research intern"
2026-02-07T23:28:24.837794,https://fr.linkedin.com/jobs/view/operations-intern-%C3%AEle-de-france-start-date-2026-at-amazon-4308423942?refId=yFhH1xivIxDLvR09urA0ew%3D%3D&trackingId=wV6Ufpd%2BdrxTJJQsAQXxjw%3D%3D&position=9&pageNum=1,Operations Intern - Île de France - Start Date 2026,Full-time,Internship,2026-02-06,Amazon,https://www.aboutamazon.com/,,,,https://fr.linkedin.com/jobs/view/operations-intern-%C3%AEle-de-france-start-date-2026-at-amazon-4308423942?refId=yFhH1xivIxDLvR09urA0ew%3D%3D&trackingId=wV6Ufpd%2BdrxTJJQsAQXxjw%3D%3D&position=9&pageNum=1,5,Skipped,"Skipped: Role match but missing technical keywords: machine learning engineer intern, data scientist intern, ai engineer intern, research intern"
2026-02-07T23:28:24.841094,https://fr.linkedin.com/jobs/view/operations-intern-%C3%AEle-de-france-start-date-2026-at-amazon-4308419993?refId=yFhH1xivIxDLvR09urA0ew%3D%3D&trackingId=PoSPAS88rAImWRFYqaQ%2BNA%3D%3D&position=6&pageNum=1,Operations Intern - Île de France - Start Date 2026,Full-time,Internship,2026-02-06,Amazon,https://www.aboutamazon.com/,,,,https://fr.linkedin.com/jobs/view/operations-intern-%C3%AEle-de-france-start-date-2026-at-amazon-4308419993?refId=yFhH1xivIxDLvR09urA0ew%3D%3D&trackingId=PoSPAS88rAImWRFYqaQ%2BNA%3D%3D&position=6&pageNum=1,5,Skipped,"Skipped: Role match but missing technical keywords: machine learning engineer intern, data scientist intern, ai engineer intern, research intern"
2026-02-07T23:28:24.843473,https://fr.linkedin.com/jobs/view/intern-analyst-portfolio-manager-assistant-active-advisory-at-ubs-4328860268?refId=yFhH1xivIxDLvR09urA0ew%3D%3D&trackingId=YCWavid5kzTp8bBc7T61Gg%3D%3D&position=10&pageNum=1,Intern - Analyst & Portfolio Manager Assistant - Active Advisory,Full-time,Entry level,2026-02-03,UBS,http://www.ubs.com/about,,,,https://fr.linkedin.com/jobs/view/intern-analyst-portfolio-manager-assistant-active-advisory-at-ubs-4328860268?refId=yFhH1xivIxDLvR09urA0ew%3D%3D&trackingId=YCWavid5kzTp8bBc7T61Gg%3D%3D&position=10&pageNum=1,5,Skipped,"Skipped: Role match but missing technical keywords: machine learning engineer intern, data scientist intern, ai engineer intern, research intern"
2026-02-07T23:28:24.845663,https://fr.linkedin.com/jobs/view/stage-engineering-compliance-h-f-at-klepierre-4366810515?refId=yFhH1xivIxDLvR09urA0ew%3D%3D&trackingId=aAAplg5cw%2FZxJCukZBCZNQ%3D%3D&position=5&pageNum=1,Stage - Engineering Compliance H/F,Internship,Internship,2026-01-29,KLEPIERRE,http://www.klepierre.com,,,,https://fr.linkedin.com/jobs/view/stage-engineering-compliance-h-f-at-klepierre-4366810515?refId=yFhH1xivIxDLvR09urA0ew%3D%3D&trackingId=aAAplg5cw%2FZxJCukZBCZNQ%3D%3D&position=5&pageNum=1,5,Skipped,"Skipped: Role match but missing technical keywords: machine learning engineer intern, ai engineer intern"
2026-02-07T23:28:24.849308,https://fr.linkedin.com/jobs/view/intern-trader-assistant-at-engie-international-supply-energy-management-4350686142?refId=yFhH1xivIxDLvR09urA0ew%3D%3D&trackingId=aVgH1J%2BZmsbFHzed85wFOg%3D%3D&position=3&pageNum=1,Intern - Trader Assistant,Internship,Internship,2026-01-21,ENGIE - International Supply & Energy Management,https://gems.engie.com,,,,https://fr.linkedin.com/jobs/view/intern-trader-assistant-at-engie-international-supply-energy-management-4350686142?refId=yFhH1xivIxDLvR09urA0ew%3D%3D&trackingId=aVgH1J%2BZmsbFHzed85wFOg%3D%3D&position=3&pageNum=1,5,Skipped,"Skipped: Role match but missing technical keywords: machine learning engineer intern, data scientist intern, ai engineer intern, research intern"
2026-02-07T23:28:24.853382,https://fr.linkedin.com/jobs/view/stage-en-tourisme-at-indie-campers-4366942411?refId=OlFbuCuERjQrtvFzFrUiVg%3D%3D&trackingId=d9wNkn12%2Fr%2BZMV4EMt4t3w%3D%3D&position=25&pageNum=2,Stage en Tourisme,Full-time,Internship,2026-01-28,Indie Campers,https://indiecampers.com,,,,https://fr.linkedin.com/jobs/view/stage-en-tourisme-at-indie-campers-4366942411?refId=OlFbuCuERjQrtvFzFrUiVg%3D%3D&trackingId=d9wNkn12%2Fr%2BZMV4EMt4t3w%3D%3D&position=25&pageNum=2,0,Skipped,Skipped: Job title 'Stage en Tourisme' doesn't match ML/Data keywords
2026-02-07T23:28:24.857728,https://fr.linkedin.com/jobs/view/financial-analyst-intern-at-amazon-4335233610?refId=yFhH1xivIxDLvR09urA0ew%3D%3D&trackingId=t1G1aOVBkg1giLTzaRc3Ng%3D%3D&position=2&pageNum=1,Financial Analyst Intern,Full-time,Not Applicable,2026-02-04,Amazon,https://www.aboutamazon.com/,,,,https://fr.linkedin.com/jobs/view/financial-analyst-intern-at-amazon-4335233610?refId=yFhH1xivIxDLvR09urA0ew%3D%3D&trackingId=t1G1aOVBkg1giLTzaRc3Ng%3D%3D&position=2&pageNum=1,5,Skipped,"Skipped: Role match but missing technical keywords: machine learning engineer intern, data scientist intern, ai engineer intern, research intern"
2026-02-07T23:29:33.049298,https://fr.linkedin.com/jobs/view/global-editorial-content-marketing-stage-intern-paris-at-cozycozy-com-4337099031?refId=TDT4kYD8Vj5nWFUYbH8V7g%3D%3D&trackingId=lQ3UhALmdZBf3pExPHbyxg%3D%3D&position=24&pageNum=0,"Global Editorial Content Marketing Stage / Intern, Paris",Internship,Not Applicable,2025-11-20,cozycozy.com,https://www.cozycozy.com,,,,https://fr.linkedin.com/jobs/view/global-editorial-content-marketing-stage-intern-paris-at-cozycozy-com-4337099031?refId=TDT4kYD8Vj5nWFUYbH8V7g%3D%3D&trackingId=lQ3UhALmdZBf3pExPHbyxg%3D%3D&position=24&pageNum=0,5,Skipped,"Skipped: Role match but missing technical keywords: machine learning engineer intern, data scientist intern, ai engineer intern, research intern"
2026-02-07T23:29:33.055420,https://fr.linkedin.com/jobs/view/strategy-consultant-internship-private-equity-lyon-f-h-at-indefi-4325718969?refId=TDT4kYD8Vj5nWFUYbH8V7g%3D%3D&trackingId=bM17Rl%2BXmOa2EV%2F7H6pJZg%3D%3D&position=25&pageNum=0,Strategy Consultant Internship - Private Equity - Lyon F/H,Internship,Internship,2025-12-04,INDEFI,http://www.indefi.com,,,,https://fr.linkedin.com/jobs/view/strategy-consultant-internship-private-equity-lyon-f-h-at-indefi-4325718969?refId=TDT4kYD8Vj5nWFUYbH8V7g%3D%3D&trackingId=bM17Rl%2BXmOa2EV%2F7H6pJZg%3D%3D&position=25&pageNum=0,5,Skipped,"Skipped: Role match but missing technical keywords: machine learning engineer intern, data scientist intern, ai engineer intern, research intern"
2026-02-07T23:29:33.061075,https://fr.linkedin.com/jobs/view/revenue-operations-intern-at-swan-4329689579?refId=TDT4kYD8Vj5nWFUYbH8V7g%3D%3D&trackingId=tsDtDVlfh43mSk37a6Zqzw%3D%3D&position=22&pageNum=0,Revenue Operations Intern,Internship,Internship,2025-12-31,Swan,https://swan.io,,,,https://fr.linkedin.com/jobs/view/revenue-operations-intern-at-swan-4329689579?refId=TDT4kYD8Vj5nWFUYbH8V7g%3D%3D&trackingId=tsDtDVlfh43mSk37a6Zqzw%3D%3D&position=22&pageNum=0,5,Skipped,"Skipped: Role match but missing technical keywords: machine learning engineer intern, data scientist intern, ai engineer intern, research intern"
2026-02-07T23:29:33.066398,https://fr.linkedin.com/jobs/view/intern-global-talent-acquisition-project-management-h-f-at-lacoste-4297589491?refId=TDT4kYD8Vj5nWFUYbH8V7g%3D%3D&trackingId=DUZqCHP9qjh1Rx60ZJ29Yw%3D%3D&position=23&pageNum=0,Intern Global Talent Acquisition Project Management (H/F),Full-time,Not Applicable,2025-09-08,Lacoste,https://corporate.lacoste.com/,,,,https://fr.linkedin.com/jobs/view/intern-global-talent-acquisition-project-management-h-f-at-lacoste-4297589491?refId=TDT4kYD8Vj5nWFUYbH8V7g%3D%3D&trackingId=DUZqCHP9qjh1Rx60ZJ29Yw%3D%3D&position=23&pageNum=0,5,Skipped,"Skipped: Role match but missing technical keywords: machine learning engineer intern, data scientist intern, ai engineer intern, research intern"
2026-02-07T23:29:42.305782,https://fr.linkedin.com/jobs/view/oliver-wyman-stage-2a-polytechnique-paris-france-at-oliver-wyman-4359427349?refId=TDT4kYD8Vj5nWFUYbH8V7g%3D%3D&trackingId=E0XVYRIzueZ%2B6SSqXnCXzg%3D%3D&position=20&pageNum=0,Oliver Wyman - Stage 2A Polytechnique - Paris (France),Internship,Not Applicable,2026-01-31,Oliver Wyman,http://www.oliverwyman.com,,,,https://fr.linkedin.com/jobs/view/oliver-wyman-stage-2a-polytechnique-paris-france-at-oliver-wyman-4359427349?refId=TDT4kYD8Vj5nWFUYbH8V7g%3D%3D&trackingId=E0XVYRIzueZ%2B6SSqXnCXzg%3D%3D&position=20&pageNum=0,0,Skipped,Skipped: Job title 'Oliver Wyman - Stage 2A Polytechnique - Paris (France)' doesn't match ML/Data keywords
2026-02-07T23:29:42.310464,https://fr.linkedin.com/jobs/view/stage-marketing-operations-f-h-at-worldline-4332768064?refId=TDT4kYD8Vj5nWFUYbH8V7g%3D%3D&trackingId=6nDVxO%2FZXrKmawzQxLkpLA%3D%3D&position=21&pageNum=0,Stage - Marketing Operations (F/H),Internship,Entry level,2026-02-06,Worldline,http://worldline.com,,,,https://fr.linkedin.com/jobs/view/stage-marketing-operations-f-h-at-worldline-4332768064?refId=TDT4kYD8Vj5nWFUYbH8V7g%3D%3D&trackingId=6nDVxO%2FZXrKmawzQxLkpLA%3D%3D&position=21&pageNum=0,0,Skipped,Skipped: Job title 'Stage - Marketing Operations (F/H)' doesn't match ML/Data keywords
2026-02-07T23:29:42.314459,https://fr.linkedin.com/jobs/view/kering-data-product-owner-stage-at-kering-4361320470?refId=TDT4kYD8Vj5nWFUYbH8V7g%3D%3D&trackingId=vtgAwIhg5Q0oIIwmHJbk7g%3D%3D&position=18&pageNum=0,KERING Data Product Owner (stage),Full-time,Internship,2026-01-13,Kering,https://www.kering.com/en,,,,https://fr.linkedin.com/jobs/view/kering-data-product-owner-stage-at-kering-4361320470?refId=TDT4kYD8Vj5nWFUYbH8V7g%3D%3D&trackingId=vtgAwIhg5Q0oIIwmHJbk7g%3D%3D&position=18&pageNum=0,5,Skipped,Skipped: Role match but missing technical keywords: data scientist intern
2026-02-07T23:29:42.318591,https://fr.linkedin.com/jobs/view/intern-web-editor-gq-at-cond%C3%A9-nast-4362960775?refId=TDT4kYD8Vj5nWFUYbH8V7g%3D%3D&trackingId=%2B%2FOY0Lc%2FB8PxGrRC33p4xQ%3D%3D&position=14&pageNum=0,Intern Web Editor GQ,Full-time,Internship,2026-02-05,Condé Nast,http://www.condenast.com,,,,https://fr.linkedin.com/jobs/view/intern-web-editor-gq-at-cond%C3%A9-nast-4362960775?refId=TDT4kYD8Vj5nWFUYbH8V7g%3D%3D&trackingId=%2B%2FOY0Lc%2FB8PxGrRC33p4xQ%3D%3D&position=14&pageNum=0,5,Skipped,"Skipped: Role match but missing technical keywords: machine learning engineer intern, data scientist intern, ai engineer intern, research intern"
2026-02-07T23:29:42.323937,https://fr.linkedin.com/jobs/view/stage-global-strategy-intern-h-f-at-edenred-4365982064?refId=TDT4kYD8Vj5nWFUYbH8V7g%3D%3D&trackingId=OBeWqKSWvLIT7If%2F6w1VSA%3D%3D&position=16&pageNum=0,Stage - Global Strategy Intern (H/F),Internship,Internship,2026-01-27,Edenred,https://www.edenred.com,,,,https://fr.linkedin.com/jobs/view/stage-global-strategy-intern-h-f-at-edenred-4365982064?refId=TDT4kYD8Vj5nWFUYbH8V7g%3D%3D&trackingId=OBeWqKSWvLIT7If%2F6w1VSA%3D%3D&position=16&pageNum=0,5,Skipped,"Skipped: Role match but missing technical keywords: machine learning engineer intern, data scientist intern, ai engineer intern, research intern"
2026-02-07T23:29:42.328265,https://fr.linkedin.com/jobs/view/strategy-consultant-internship-private-equity-paris-f-h-at-indefi-4362145931?refId=TDT4kYD8Vj5nWFUYbH8V7g%3D%3D&trackingId=kluoyr6MdGCacE0v0JN1pA%3D%3D&position=13&pageNum=0,Strategy Consultant Internship - Private Equity - Paris F/H,Internship,Internship,2026-01-22,INDEFI,http://www.indefi.com,,,,https://fr.linkedin.com/jobs/view/strategy-consultant-internship-private-equity-paris-f-h-at-indefi-4362145931?refId=TDT4kYD8Vj5nWFUYbH8V7g%3D%3D&trackingId=kluoyr6MdGCacE0v0JN1pA%3D%3D&position=13&pageNum=0,5,Skipped,"Skipped: Role match but missing technical keywords: machine learning engineer intern, data scientist intern, ai engineer intern, research intern"
2026-02-07T23:29:42.332313,https://fr.linkedin.com/jobs/view/corporate-strategy-analyst-stage-paris-at-papernest-4367849121?refId=TDT4kYD8Vj5nWFUYbH8V7g%3D%3D&trackingId=AeFL6bExzQ8Ks95jWICv5A%3D%3D&position=17&pageNum=0,Corporate Strategy Analyst - Stage - Paris,Other,Not Applicable,2026-01-21,papernest,http://www.papernest.com,,,,https://fr.linkedin.com/jobs/view/corporate-strategy-analyst-stage-paris-at-papernest-4367849121?refId=TDT4kYD8Vj5nWFUYbH8V7g%3D%3D&trackingId=AeFL6bExzQ8Ks95jWICv5A%3D%3D&position=17&pageNum=0,0,Skipped,Skipped: Job title 'Corporate Strategy Analyst - Stage - Paris' doesn't match ML/Data keywords
2026-02-07T23:29:51.499046,https://fr.linkedin.com/jobs/view/data-analyst-assistant-operations-europe-stage-f-h-at-christian-dior-couture-4328475713?refId=TDT4kYD8Vj5nWFUYbH8V7g%3D%3D&trackingId=cAzGvHA2yNHZ2ccVYquH8w%3D%3D&position=8&pageNum=0,Data Analyst Assistant Operations Europe - Stage F/H,Full-time,Internship,2026-02-02,Christian Dior Couture,https://www.dior.com/carrieres/index.html,,,,https://fr.linkedin.com/jobs/view/data-analyst-assistant-operations-europe-stage-f-h-at-christian-dior-couture-4328475713?refId=TDT4kYD8Vj5nWFUYbH8V7g%3D%3D&trackingId=cAzGvHA2yNHZ2ccVYquH8w%3D%3D&position=8&pageNum=0,5,Skipped,Skipped: Role match but missing technical keywords: data scientist intern
2026-02-07T23:29:51.504258,https://fr.linkedin.com/jobs/view/vc-analyst-intern-at-wind-4353019038?refId=TDT4kYD8Vj5nWFUYbH8V7g%3D%3D&trackingId=iu%2B3C4iBlyDkhbup6EqcXw%3D%3D&position=12&pageNum=0,VC Analyst Intern,Internship,Internship,2026-01-15,Wind,http://wind.capital,,,,https://fr.linkedin.com/jobs/view/vc-analyst-intern-at-wind-4353019038?refId=TDT4kYD8Vj5nWFUYbH8V7g%3D%3D&trackingId=iu%2B3C4iBlyDkhbup6EqcXw%3D%3D&position=12&pageNum=0,5,Skipped,"Skipped: Role match but missing technical keywords: machine learning engineer intern, data scientist intern, ai engineer intern, research intern"
2026-02-07T23:29:51.509522,https://fr.linkedin.com/jobs/view/internship-chief-of-staff-at-twoway-4357429590?refId=TDT4kYD8Vj5nWFUYbH8V7g%3D%3D&trackingId=2%2FgPiHY1i%2Fy2o5AyZdxKrQ%3D%3D&position=9&pageNum=0,[Internship] Chief of Staff,Internship,Internship,2026-02-03,TwoWay,https://www.twoway.finance/,,,,https://fr.linkedin.com/jobs/view/internship-chief-of-staff-at-twoway-4357429590?refId=TDT4kYD8Vj5nWFUYbH8V7g%3D%3D&trackingId=2%2FgPiHY1i%2Fy2o5AyZdxKrQ%3D%3D&position=9&pageNum=0,5,Skipped,"Skipped: Role match but missing technical keywords: machine learning engineer intern, data scientist intern, ai engineer intern, research intern"
2026-02-07T23:29:51.513805,https://fr.linkedin.com/jobs/view/founder-associate-intern-at-n%C5%ABmi%C2%AE-4336590083?refId=TDT4kYD8Vj5nWFUYbH8V7g%3D%3D&trackingId=4U5L%2FZ5zntj%2BBZdRIH36AQ%3D%3D&position=10&pageNum=0,Founder associate intern,Internship,Internship,2025-10-23,Nūmi®,https://www.numi.life/,,,,https://fr.linkedin.com/jobs/view/founder-associate-intern-at-n%C5%ABmi%C2%AE-4336590083?refId=TDT4kYD8Vj5nWFUYbH8V7g%3D%3D&trackingId=4U5L%2FZ5zntj%2BBZdRIH36AQ%3D%3D&position=10&pageNum=0,5,Skipped,"Skipped: Role match but missing technical keywords: machine learning engineer intern, data scientist intern, ai engineer intern, research intern"
2026-02-07T23:29:51.518709,https://fr.linkedin.com/jobs/view/technology-growth-equity-investment-intern-starting-july-september-2026-for-6-months-at-revaia-4365517336?refId=TDT4kYD8Vj5nWFUYbH8V7g%3D%3D&trackingId=%2BhBFhY4DJR9%2F1H%2FQuyE9Ug%3D%3D&position=11&pageNum=0,Technology Growth Equity - Investment Intern - Starting July/September 2026 for 6 months,Internship,Internship,2026-01-23,Revaia,https://revaia.com,,,,https://fr.linkedin.com/jobs/view/technology-growth-equity-investment-intern-starting-july-september-2026-for-6-months-at-revaia-4365517336?refId=TDT4kYD8Vj5nWFUYbH8V7g%3D%3D&trackingId=%2BhBFhY4DJR9%2F1H%2FQuyE9Ug%3D%3D&position=11&pageNum=0,5,Skipped,"Skipped: Role match but missing technical keywords: machine learning engineer intern, data scientist intern, ai engineer intern, research intern"
2026-02-07T23:29:51.525585,https://fr.linkedin.com/jobs/view/intern-chinese-project-analyst-h-f-at-richemont-4360856769?refId=TDT4kYD8Vj5nWFUYbH8V7g%3D%3D&trackingId=9JI8hZwggGaIYhkx91%2BsXQ%3D%3D&position=6&pageNum=0,Intern - Chinese Project Analyst (H/F),Full-time,Internship,2026-01-19,Richemont,http://www.richemont.com/,,,,https://fr.linkedin.com/jobs/view/intern-chinese-project-analyst-h-f-at-richemont-4360856769?refId=TDT4kYD8Vj5nWFUYbH8V7g%3D%3D&trackingId=9JI8hZwggGaIYhkx91%2BsXQ%3D%3D&position=6&pageNum=0,5,Skipped,"Skipped: Role match but missing technical keywords: machine learning engineer intern, data scientist intern, ai engineer intern, research intern"
2026-02-07T23:29:51.530716,https://fr.linkedin.com/jobs/view/stage-marketing-analyst-consumer-insight-h-f-at-richemont-4368757407?refId=TDT4kYD8Vj5nWFUYbH8V7g%3D%3D&trackingId=%2FLkfwuAKrZxpVBMAoDYudg%3D%3D&position=5&pageNum=0,Stage - Marketing Analyst Consumer Insight (H/F),Full-time,Internship,2026-02-04,Richemont,http://www.richemont.com/,,,,https://fr.linkedin.com/jobs/view/stage-marketing-analyst-consumer-insight-h-f-at-richemont-4368757407?refId=TDT4kYD8Vj5nWFUYbH8V7g%3D%3D&trackingId=%2FLkfwuAKrZxpVBMAoDYudg%3D%3D&position=5&pageNum=0,0,Skipped,Skipped: Job title 'Stage - Marketing Analyst Consumer Insight (H/F)' doesn't match ML/Data keywords
2026-02-07T23:29:51.536334,https://fr.linkedin.com/jobs/view/software-engineering-full-stack-intern-in-sydney-australia-at-inautalent-4366978981?refId=TDT4kYD8Vj5nWFUYbH8V7g%3D%3D&trackingId=2pKtRIGC4A%2FcHqrFOf89uA%3D%3D&position=3&pageNum=0,"Software Engineering (Full-Stack) Intern - in Sydney, Australia",Full-time,Internship,2026-01-29,INAUTALENT,https://inautalent.com/,,,,https://fr.linkedin.com/jobs/view/software-engineering-full-stack-intern-in-sydney-australia-at-inautalent-4366978981?refId=TDT4kYD8Vj5nWFUYbH8V7g%3D%3D&trackingId=2pKtRIGC4A%2FcHqrFOf89uA%3D%3D&position=3&pageNum=0,5,Skipped,"Skipped: Role match but missing technical keywords: machine learning engineer intern, data scientist intern, ai engineer intern, research intern"
2026-02-07T23:30:00.748590,https://fr.linkedin.com/jobs/view/software-engineering-full-stack-intern-in-sydney-australia-at-inautalent-4366981885?refId=TDT4kYD8Vj5nWFUYbH8V7g%3D%3D&trackingId=Sqw4SyVslZJNoNVxLEdZNA%3D%3D&position=4&pageNum=0,"Software Engineering (Full-Stack) Intern - in Sydney, Australia",Full-time,Internship,2026-01-29,INAUTALENT,https://inautalent.com/,,,,https://fr.linkedin.com/jobs/view/software-engineering-full-stack-intern-in-sydney-australia-at-inautalent-4366981885?refId=TDT4kYD8Vj5nWFUYbH8V7g%3D%3D&trackingId=Sqw4SyVslZJNoNVxLEdZNA%3D%3D&position=4&pageNum=0,5,Skipped,"Skipped: Role match but missing technical keywords: machine learning engineer intern, data scientist intern, ai engineer intern, research intern"
2026-02-07T23:30:00.752738,https://fr.linkedin.com/jobs/view/stage-controlling-global-h-f-at-urgo-medical-4368275622?refId=TDT4kYD8Vj5nWFUYbH8V7g%3D%3D&trackingId=KyeLz%2FCnjBf4JvooFWukkw%3D%3D&position=7&pageNum=0,Stage Controlling Global (H/F),Internship,Internship,2026-02-03,Urgo Medical,http://urgomedical.com,,,,https://fr.linkedin.com/jobs/view/stage-controlling-global-h-f-at-urgo-medical-4368275622?refId=TDT4kYD8Vj5nWFUYbH8V7g%3D%3D&trackingId=KyeLz%2FCnjBf4JvooFWukkw%3D%3D&position=7&pageNum=0,0,Skipped,Skipped: Job title 'Stage Controlling Global (H/F)' doesn't match ML/Data keywords
2026-02-07T23:30:00.756391,https://fr.linkedin.com/jobs/view/solutions-engineer-intern-at-bigblue-4332308160?refId=yFhH1xivIxDLvR09urA0ew%3D%3D&trackingId=a21eGsX%2BTYhkExJy2sNeyg%3D%3D&position=7&pageNum=1,Solutions Engineer intern,Internship,Not Applicable,2025-10-27,Bigblue,https://www.bigblue.co/,,,,https://fr.linkedin.com/jobs/view/solutions-engineer-intern-at-bigblue-4332308160?refId=yFhH1xivIxDLvR09urA0ew%3D%3D&trackingId=a21eGsX%2BTYhkExJy2sNeyg%3D%3D&position=7&pageNum=1,5,Skipped,"Skipped: Role match but missing technical keywords: machine learning engineer intern, data scientist intern, ai engineer intern, research intern"
2026-02-07T23:30:00.761243,https://fr.linkedin.com/jobs/view/operations-intern-r%C3%A9gion-centre-start-date-2026-at-amazon-4308670140?refId=yFhH1xivIxDLvR09urA0ew%3D%3D&trackingId=fMAlcvvNor83YcvyLt5BwQ%3D%3D&position=24&pageNum=1,Operations Intern - Région Centre - Start Date 2026,Full-time,Internship,2026-02-05,Amazon,https://www.aboutamazon.com/,,,,https://fr.linkedin.com/jobs/view/operations-intern-r%C3%A9gion-centre-start-date-2026-at-amazon-4308670140?refId=yFhH1xivIxDLvR09urA0ew%3D%3D&trackingId=fMAlcvvNor83YcvyLt5BwQ%3D%3D&position=24&pageNum=1,5,Skipped,"Skipped: Role match but missing technical keywords: machine learning engineer intern, data scientist intern, ai engineer intern, research intern"
2026-02-07T23:30:09.821828,https://fr.linkedin.com/jobs/view/stage-aliad-venture-capital-operations-controller-intern-h-f-at-air-liquide-4369972084?refId=yFhH1xivIxDLvR09urA0ew%3D%3D&trackingId=iM%2Bhd5m4KtnVVwqxNEa3XQ%3D%3D&position=25&pageNum=1,Stage - ALIAD - Venture Capital & Operations Controller Intern H/F,Full-time,Internship,2026-02-06,Air Liquide,http://www.airliquide.com,,,,https://fr.linkedin.com/jobs/view/stage-aliad-venture-capital-operations-controller-intern-h-f-at-air-liquide-4369972084?refId=yFhH1xivIxDLvR09urA0ew%3D%3D&trackingId=iM%2Bhd5m4KtnVVwqxNEa3XQ%3D%3D&position=25&pageNum=1,5,Skipped,"Skipped: Role match but missing technical keywords: machine learning engineer intern, data scientist intern, ai engineer intern, research intern"
2026-02-07T23:32:40.093541,https://fr.linkedin.com/jobs/view/global-editorial-content-marketing-stage-intern-paris-at-cozycozy-com-4337099031?refId=TDT4kYD8Vj5nWFUYbH8V7g%3D%3D&trackingId=lQ3UhALmdZBf3pExPHbyxg%3D%3D&position=24&pageNum=0,"Global Editorial Content Marketing Stage / Intern, Paris",Internship,Not Applicable,2025-11-20,cozycozy.com,https://www.cozycozy.com,,,,https://fr.linkedin.com/jobs/view/global-editorial-content-marketing-stage-intern-paris-at-cozycozy-com-4337099031?refId=TDT4kYD8Vj5nWFUYbH8V7g%3D%3D&trackingId=lQ3UhALmdZBf3pExPHbyxg%3D%3D&position=24&pageNum=0,5,Skipped,"Skipped: Role match but missing technical keywords: machine learning engineer intern, data scientist intern, ai engineer intern, research intern"
2026-02-07T23:32:40.098520,https://fr.linkedin.com/jobs/view/strategy-consultant-internship-private-equity-lyon-f-h-at-indefi-4325718969?refId=TDT4kYD8Vj5nWFUYbH8V7g%3D%3D&trackingId=bM17Rl%2BXmOa2EV%2F7H6pJZg%3D%3D&position=25&pageNum=0,Strategy Consultant Internship - Private Equity - Lyon F/H,Internship,Internship,2025-12-04,INDEFI,http://www.indefi.com,,,,https://fr.linkedin.com/jobs/view/strategy-consultant-internship-private-equity-lyon-f-h-at-indefi-4325718969?refId=TDT4kYD8Vj5nWFUYbH8V7g%3D%3D&trackingId=bM17Rl%2BXmOa2EV%2F7H6pJZg%3D%3D&position=25&pageNum=0,5,Skipped,"Skipped: Role match but missing technical keywords: machine learning engineer intern, data scientist intern, ai engineer intern, research intern"
2026-02-07T23:32:40.102852,https://fr.linkedin.com/jobs/view/revenue-operations-intern-at-swan-4329689579?refId=TDT4kYD8Vj5nWFUYbH8V7g%3D%3D&trackingId=tsDtDVlfh43mSk37a6Zqzw%3D%3D&position=22&pageNum=0,Revenue Operations Intern,Internship,Internship,2025-12-31,Swan,https://swan.io,,,,https://fr.linkedin.com/jobs/view/revenue-operations-intern-at-swan-4329689579?refId=TDT4kYD8Vj5nWFUYbH8V7g%3D%3D&trackingId=tsDtDVlfh43mSk37a6Zqzw%3D%3D&position=22&pageNum=0,5,Skipped,"Skipped: Role match but missing technical keywords: machine learning engineer intern, data scientist intern, ai engineer intern, research intern"
2026-02-07T23:32:40.107248,https://fr.linkedin.com/jobs/view/intern-global-talent-acquisition-project-management-h-f-at-lacoste-4297589491?refId=TDT4kYD8Vj5nWFUYbH8V7g%3D%3D&trackingId=DUZqCHP9qjh1Rx60ZJ29Yw%3D%3D&position=23&pageNum=0,Intern Global Talent Acquisition Project Management (H/F),Full-time,Not Applicable,2025-09-08,Lacoste,https://corporate.lacoste.com/,,,,https://fr.linkedin.com/jobs/view/intern-global-talent-acquisition-project-management-h-f-at-lacoste-4297589491?refId=TDT4kYD8Vj5nWFUYbH8V7g%3D%3D&trackingId=DUZqCHP9qjh1Rx60ZJ29Yw%3D%3D&position=23&pageNum=0,5,Skipped,"Skipped: Role match but missing technical keywords: machine learning engineer intern, data scientist intern, ai engineer intern, research intern"
2026-02-07T23:32:40.111461,https://fr.linkedin.com/jobs/view/stage-assistant-consultant-paid-social-h-f-at-dentsu-4345376920?refId=TDT4kYD8Vj5nWFUYbH8V7g%3D%3D&trackingId=lHI%2BQV8K2ZFZfoU57CmqdA%3D%3D&position=19&pageNum=0,STAGE - Assistant Consultant Paid Social H/F,Full-time,Internship,2026-01-12,dentsu,https://bit.ly/3lDa6Ff,,,,https://fr.linkedin.com/jobs/view/stage-assistant-consultant-paid-social-h-f-at-dentsu-4345376920?refId=TDT4kYD8Vj5nWFUYbH8V7g%3D%3D&trackingId=lHI%2BQV8K2ZFZfoU57CmqdA%3D%3D&position=19&pageNum=0,0,Skipped,Skipped: Job title 'STAGE - Assistant Consultant Paid Social H/F' doesn't match ML/Data keywords
2026-02-07T23:32:40.115415,https://fr.linkedin.com/jobs/view/oliver-wyman-stage-2a-polytechnique-paris-france-at-oliver-wyman-4359427349?refId=TDT4kYD8Vj5nWFUYbH8V7g%3D%3D&trackingId=E0XVYRIzueZ%2B6SSqXnCXzg%3D%3D&position=20&pageNum=0,Oliver Wyman - Stage 2A Polytechnique - Paris (France),Internship,Not Applicable,2026-01-31,Oliver Wyman,http://www.oliverwyman.com,,,,https://fr.linkedin.com/jobs/view/oliver-wyman-stage-2a-polytechnique-paris-france-at-oliver-wyman-4359427349?refId=TDT4kYD8Vj5nWFUYbH8V7g%3D%3D&trackingId=E0XVYRIzueZ%2B6SSqXnCXzg%3D%3D&position=20&pageNum=0,0,Skipped,Skipped: Job title 'Oliver Wyman - Stage 2A Polytechnique - Paris (France)' doesn't match ML/Data keywords
2026-02-07T23:32:40.118327,https://fr.linkedin.com/jobs/view/stage-marketing-operations-f-h-at-worldline-4332768064?refId=TDT4kYD8Vj5nWFUYbH8V7g%3D%3D&trackingId=6nDVxO%2FZXrKmawzQxLkpLA%3D%3D&position=21&pageNum=0,Stage - Marketing Operations (F/H),Internship,Entry level,2026-02-06,Worldline,http://worldline.com,,,,https://fr.linkedin.com/jobs/view/stage-marketing-operations-f-h-at-worldline-4332768064?refId=TDT4kYD8Vj5nWFUYbH8V7g%3D%3D&trackingId=6nDVxO%2FZXrKmawzQxLkpLA%3D%3D&position=21&pageNum=0,0,Skipped,Skipped: Job title 'Stage - Marketing Operations (F/H)' doesn't match ML/Data keywords
2026-02-07T23:32:40.120543,https://fr.linkedin.com/jobs/view/kering-data-product-owner-stage-at-kering-4361320470?refId=TDT4kYD8Vj5nWFUYbH8V7g%3D%3D&trackingId=vtgAwIhg5Q0oIIwmHJbk7g%3D%3D&position=18&pageNum=0,KERING Data Product Owner (stage),Full-time,Internship,2026-01-13,Kering,https://www.kering.com/en,,,,https://fr.linkedin.com/jobs/view/kering-data-product-owner-stage-at-kering-4361320470?refId=TDT4kYD8Vj5nWFUYbH8V7g%3D%3D&trackingId=vtgAwIhg5Q0oIIwmHJbk7g%3D%3D&position=18&pageNum=0,5,Skipped,Skipped: Role match but missing technical keywords: data scientist intern
2026-02-07T23:32:40.124054,https://fr.linkedin.com/jobs/view/intern-web-editor-gq-at-cond%C3%A9-nast-4362960775?refId=TDT4kYD8Vj5nWFUYbH8V7g%3D%3D&trackingId=%2B%2FOY0Lc%2FB8PxGrRC33p4xQ%3D%3D&position=14&pageNum=0,Intern Web Editor GQ,Full-time,Internship,2026-02-05,Condé Nast,http://www.condenast.com,,,,https://fr.linkedin.com/jobs/view/intern-web-editor-gq-at-cond%C3%A9-nast-4362960775?refId=TDT4kYD8Vj5nWFUYbH8V7g%3D%3D&trackingId=%2B%2FOY0Lc%2FB8PxGrRC33p4xQ%3D%3D&position=14&pageNum=0,5,Skipped,"Skipped: Role match but missing technical keywords: machine learning engineer intern, data scientist intern, ai engineer intern, research intern"
2026-02-07T23:32:40.127654,https://fr.linkedin.com/jobs/view/stage-global-strategy-intern-h-f-at-edenred-4365982064?refId=TDT4kYD8Vj5nWFUYbH8V7g%3D%3D&trackingId=OBeWqKSWvLIT7If%2F6w1VSA%3D%3D&position=16&pageNum=0,Stage - Global Strategy Intern (H/F),Internship,Internship,2026-01-27,Edenred,https://www.edenred.com,,,,https://fr.linkedin.com/jobs/view/stage-global-strategy-intern-h-f-at-edenred-4365982064?refId=TDT4kYD8Vj5nWFUYbH8V7g%3D%3D&trackingId=OBeWqKSWvLIT7If%2F6w1VSA%3D%3D&position=16&pageNum=0,5,Skipped,"Skipped: Role match but missing technical keywords: machine learning engineer intern, data scientist intern, ai engineer intern, research intern"
2026-02-07T23:32:40.131140,https://fr.linkedin.com/jobs/view/strategy-consultant-internship-private-equity-paris-f-h-at-indefi-4362145931?refId=TDT4kYD8Vj5nWFUYbH8V7g%3D%3D&trackingId=kluoyr6MdGCacE0v0JN1pA%3D%3D&position=13&pageNum=0,Strategy Consultant Internship - Private Equity - Paris F/H,Internship,Internship,2026-01-22,INDEFI,http://www.indefi.com,,,,https://fr.linkedin.com/jobs/view/strategy-consultant-internship-private-equity-paris-f-h-at-indefi-4362145931?refId=TDT4kYD8Vj5nWFUYbH8V7g%3D%3D&trackingId=kluoyr6MdGCacE0v0JN1pA%3D%3D&position=13&pageNum=0,5,Skipped,"Skipped: Role match but missing technical keywords: machine learning engineer intern, data scientist intern, ai engineer intern, research intern"
2026-02-07T23:32:40.134420,https://fr.linkedin.com/jobs/view/corporate-strategy-analyst-stage-paris-at-papernest-4367849121?refId=TDT4kYD8Vj5nWFUYbH8V7g%3D%3D&trackingId=AeFL6bExzQ8Ks95jWICv5A%3D%3D&position=17&pageNum=0,Corporate Strategy Analyst - Stage - Paris,Other,Not Applicable,2026-01-21,papernest,http://www.papernest.com,,,,https://fr.linkedin.com/jobs/view/corporate-strategy-analyst-stage-paris-at-papernest-4367849121?refId=TDT4kYD8Vj5nWFUYbH8V7g%3D%3D&trackingId=AeFL6bExzQ8Ks95jWICv5A%3D%3D&position=17&pageNum=0,0,Skipped,Skipped: Job title 'Corporate Strategy Analyst - Stage - Paris' doesn't match ML/Data keywords
2026-02-07T23:32:40.137839,https://fr.linkedin.com/jobs/view/data-science-internship-warehouse-optimisation-at-bigblue-4334828942?refId=TDT4kYD8Vj5nWFUYbH8V7g%3D%3D&trackingId=Kb2i9B9L1fZilp9KzpIEWw%3D%3D&position=15&pageNum=0,Data Science Internship - Warehouse optimisation,Internship,Not Applicable,2025-11-07,Bigblue,https://www.bigblue.co/,,,,https://fr.linkedin.com/jobs/view/data-science-internship-warehouse-optimisation-at-bigblue-4334828942?refId=TDT4kYD8Vj5nWFUYbH8V7g%3D%3D&trackingId=Kb2i9B9L1fZilp9KzpIEWw%3D%3D&position=15&pageNum=0,7,Skipped,Skipped: Title contains ML/Data keywords: data scien
2026-02-07T23:32:40.141186,https://fr.linkedin.com/jobs/view/data-analyst-assistant-operations-europe-stage-f-h-at-christian-dior-couture-4328475713?refId=TDT4kYD8Vj5nWFUYbH8V7g%3D%3D&trackingId=cAzGvHA2yNHZ2ccVYquH8w%3D%3D&position=8&pageNum=0,Data Analyst Assistant Operations Europe - Stage F/H,Full-time,Internship,2026-02-02,Christian Dior Couture,https://www.dior.com/carrieres/index.html,,,,https://fr.linkedin.com/jobs/view/data-analyst-assistant-operations-europe-stage-f-h-at-christian-dior-couture-4328475713?refId=TDT4kYD8Vj5nWFUYbH8V7g%3D%3D&trackingId=cAzGvHA2yNHZ2ccVYquH8w%3D%3D&position=8&pageNum=0,5,Skipped,Skipped: Role match but missing technical keywords: data scientist intern
2026-02-07T23:32:40.144461,https://fr.linkedin.com/jobs/view/vc-analyst-intern-at-wind-4353019038?refId=TDT4kYD8Vj5nWFUYbH8V7g%3D%3D&trackingId=iu%2B3C4iBlyDkhbup6EqcXw%3D%3D&position=12&pageNum=0,VC Analyst Intern,Internship,Internship,2026-01-15,Wind,http://wind.capital,,,,https://fr.linkedin.com/jobs/view/vc-analyst-intern-at-wind-4353019038?refId=TDT4kYD8Vj5nWFUYbH8V7g%3D%3D&trackingId=iu%2B3C4iBlyDkhbup6EqcXw%3D%3D&position=12&pageNum=0,5,Skipped,"Skipped: Role match but missing technical keywords: machine learning engineer intern, data scientist intern, ai engineer intern, research intern"
2026-02-07T23:32:40.147639,https://fr.linkedin.com/jobs/view/internship-chief-of-staff-at-twoway-4357429590?refId=TDT4kYD8Vj5nWFUYbH8V7g%3D%3D&trackingId=2%2FgPiHY1i%2Fy2o5AyZdxKrQ%3D%3D&position=9&pageNum=0,[Internship] Chief of Staff,Internship,Internship,2026-02-03,TwoWay,https://www.twoway.finance/,,,,https://fr.linkedin.com/jobs/view/internship-chief-of-staff-at-twoway-4357429590?refId=TDT4kYD8Vj5nWFUYbH8V7g%3D%3D&trackingId=2%2FgPiHY1i%2Fy2o5AyZdxKrQ%3D%3D&position=9&pageNum=0,5,Skipped,"Skipped: Role match but missing technical keywords: machine learning engineer intern, data scientist intern, ai engineer intern, research intern"
2026-02-07T23:32:40.161273,https://fr.linkedin.com/jobs/view/founder-associate-intern-at-n%C5%ABmi%C2%AE-4336590083?refId=TDT4kYD8Vj5nWFUYbH8V7g%3D%3D&trackingId=4U5L%2FZ5zntj%2BBZdRIH36AQ%3D%3D&position=10&pageNum=0,Founder associate intern,Internship,Internship,2025-10-23,Nūmi®,https://www.numi.life/,,,,https://fr.linkedin.com/jobs/view/founder-associate-intern-at-n%C5%ABmi%C2%AE-4336590083?refId=TDT4kYD8Vj5nWFUYbH8V7g%3D%3D&trackingId=4U5L%2FZ5zntj%2BBZdRIH36AQ%3D%3D&position=10&pageNum=0,5,Skipped,"Skipped: Role match but missing technical keywords: machine learning engineer intern, data scientist intern, ai engineer intern, research intern"
2026-02-07T23:32:40.163639,https://fr.linkedin.com/jobs/view/technology-growth-equity-investment-intern-starting-july-september-2026-for-6-months-at-revaia-4365517336?refId=TDT4kYD8Vj5nWFUYbH8V7g%3D%3D&trackingId=%2BhBFhY4DJR9%2F1H%2FQuyE9Ug%3D%3D&position=11&pageNum=0,Technology Growth Equity - Investment Intern - Starting July/September 2026 for 6 months,Internship,Internship,2026-01-23,Revaia,https://revaia.com,,,,https://fr.linkedin.com/jobs/view/technology-growth-equity-investment-intern-starting-july-september-2026-for-6-months-at-revaia-4365517336?refId=TDT4kYD8Vj5nWFUYbH8V7g%3D%3D&trackingId=%2BhBFhY4DJR9%2F1H%2FQuyE9Ug%3D%3D&position=11&pageNum=0,5,Skipped,"Skipped: Role match but missing technical keywords: machine learning engineer intern, data scientist intern, ai engineer intern, research intern"
2026-02-07T23:32:40.165783,https://fr.linkedin.com/jobs/view/intern-chinese-project-analyst-h-f-at-richemont-4360856769?refId=TDT4kYD8Vj5nWFUYbH8V7g%3D%3D&trackingId=9JI8hZwggGaIYhkx91%2BsXQ%3D%3D&position=6&pageNum=0,Intern - Chinese Project Analyst (H/F),Full-time,Internship,2026-01-19,Richemont,http://www.richemont.com/,,,,https://fr.linkedin.com/jobs/view/intern-chinese-project-analyst-h-f-at-richemont-4360856769?refId=TDT4kYD8Vj5nWFUYbH8V7g%3D%3D&trackingId=9JI8hZwggGaIYhkx91%2BsXQ%3D%3D&position=6&pageNum=0,5,Skipped,"Skipped: Role match but missing technical keywords: machine learning engineer intern, data scientist intern, ai engineer intern, research intern"
2026-02-07T23:32:40.168106,https://fr.linkedin.com/jobs/view/stage-marketing-analyst-consumer-insight-h-f-at-richemont-4368757407?refId=TDT4kYD8Vj5nWFUYbH8V7g%3D%3D&trackingId=%2FLkfwuAKrZxpVBMAoDYudg%3D%3D&position=5&pageNum=0,Stage - Marketing Analyst Consumer Insight (H/F),Full-time,Internship,2026-02-04,Richemont,http://www.richemont.com/,,,,https://fr.linkedin.com/jobs/view/stage-marketing-analyst-consumer-insight-h-f-at-richemont-4368757407?refId=TDT4kYD8Vj5nWFUYbH8V7g%3D%3D&trackingId=%2FLkfwuAKrZxpVBMAoDYudg%3D%3D&position=5&pageNum=0,0,Skipped,Skipped: Job title 'Stage - Marketing Analyst Consumer Insight (H/F)' doesn't match ML/Data keywords
2026-02-07T23:32:40.170643,https://fr.linkedin.com/jobs/view/software-engineering-full-stack-intern-in-sydney-australia-at-inautalent-4366978981?refId=TDT4kYD8Vj5nWFUYbH8V7g%3D%3D&trackingId=2pKtRIGC4A%2FcHqrFOf89uA%3D%3D&position=3&pageNum=0,"Software Engineering (Full-Stack) Intern - in Sydney, Australia",Full-time,Internship,2026-01-29,INAUTALENT,https://inautalent.com/,,,,https://fr.linkedin.com/jobs/view/software-engineering-full-stack-intern-in-sydney-australia-at-inautalent-4366978981?refId=TDT4kYD8Vj5nWFUYbH8V7g%3D%3D&trackingId=2pKtRIGC4A%2FcHqrFOf89uA%3D%3D&position=3&pageNum=0,5,Skipped,"Skipped: Role match but missing technical keywords: machine learning engineer intern, data scientist intern, ai engineer intern, research intern"
2026-02-07T23:32:40.174272,https://fr.linkedin.com/jobs/view/stage-assistant-e-chef-de-projet-marketing-ev%C3%A8nementiel-horlogerie-joaillerie-europe-juillet-2026-at-chanel-4329220344?refId=TDT4kYD8Vj5nWFUYbH8V7g%3D%3D&trackingId=9adg51Ng8zLXDyPSTfoiYg%3D%3D&position=1&pageNum=0,STAGE - Assistant(e) Chef de Projet Marketing & Evènementiel - Horlogerie Joaillerie EUROPE - Juillet 2026,Full-time,Internship,2026-02-04,CHANEL,http://www.chanel.com,,,,https://fr.linkedin.com/jobs/view/stage-assistant-e-chef-de-projet-marketing-ev%C3%A8nementiel-horlogerie-joaillerie-europe-juillet-2026-at-chanel-4329220344?refId=TDT4kYD8Vj5nWFUYbH8V7g%3D%3D&trackingId=9adg51Ng8zLXDyPSTfoiYg%3D%3D&position=1&pageNum=0,0,Skipped,Skipped: Job title 'STAGE - Assistant(e) Chef de Projet Marketing & Evènementiel - Horlogerie Joaillerie EUROPE - Juillet 2026' doesn't match ML/Data keywords
2026-02-07T23:32:40.177005,https://fr.linkedin.com/jobs/view/software-engineering-full-stack-intern-in-sydney-australia-at-inautalent-4366981885?refId=TDT4kYD8Vj5nWFUYbH8V7g%3D%3D&trackingId=Sqw4SyVslZJNoNVxLEdZNA%3D%3D&position=4&pageNum=0,"Software Engineering (Full-Stack) Intern - in Sydney, Australia",Full-time,Internship,2026-01-29,INAUTALENT,https://inautalent.com/,,,,https://fr.linkedin.com/jobs/view/software-engineering-full-stack-intern-in-sydney-australia-at-inautalent-4366981885?refId=TDT4kYD8Vj5nWFUYbH8V7g%3D%3D&trackingId=Sqw4SyVslZJNoNVxLEdZNA%3D%3D&position=4&pageNum=0,5,Skipped,"Skipped: Role match but missing technical keywords: machine learning engineer intern, data scientist intern, ai engineer intern, research intern"
2026-02-07T23:32:40.180130,https://fr.linkedin.com/jobs/view/stage-controlling-global-h-f-at-urgo-medical-4368275622?refId=TDT4kYD8Vj5nWFUYbH8V7g%3D%3D&trackingId=KyeLz%2FCnjBf4JvooFWukkw%3D%3D&position=7&pageNum=0,Stage Controlling Global (H/F),Internship,Internship,2026-02-03,Urgo Medical,http://urgomedical.com,,,,https://fr.linkedin.com/jobs/view/stage-controlling-global-h-f-at-urgo-medical-4368275622?refId=TDT4kYD8Vj5nWFUYbH8V7g%3D%3D&trackingId=KyeLz%2FCnjBf4JvooFWukkw%3D%3D&position=7&pageNum=0,0,Skipped,Skipped: Job title 'Stage Controlling Global (H/F)' doesn't match ML/Data keywords
2026-02-07T23:32:40.182661,https://fr.linkedin.com/jobs/view/solutions-engineer-intern-at-bigblue-4332308160?refId=yFhH1xivIxDLvR09urA0ew%3D%3D&trackingId=a21eGsX%2BTYhkExJy2sNeyg%3D%3D&position=7&pageNum=1,Solutions Engineer intern,Internship,Not Applicable,2025-10-27,Bigblue,https://www.bigblue.co/,,,,https://fr.linkedin.com/jobs/view/solutions-engineer-intern-at-bigblue-4332308160?refId=yFhH1xivIxDLvR09urA0ew%3D%3D&trackingId=a21eGsX%2BTYhkExJy2sNeyg%3D%3D&position=7&pageNum=1,5,Skipped,"Skipped: Role match but missing technical keywords: machine learning engineer intern, data scientist intern, ai engineer intern, research intern"
2026-02-07T23:32:40.185023,https://fr.linkedin.com/jobs/view/operations-intern-r%C3%A9gion-centre-start-date-2026-at-amazon-4308670140?refId=yFhH1xivIxDLvR09urA0ew%3D%3D&trackingId=fMAlcvvNor83YcvyLt5BwQ%3D%3D&position=24&pageNum=1,Operations Intern - Région Centre - Start Date 2026,Full-time,Internship,2026-02-05,Amazon,https://www.aboutamazon.com/,,,,https://fr.linkedin.com/jobs/view/operations-intern-r%C3%A9gion-centre-start-date-2026-at-amazon-4308670140?refId=yFhH1xivIxDLvR09urA0ew%3D%3D&trackingId=fMAlcvvNor83YcvyLt5BwQ%3D%3D&position=24&pageNum=1,5,Skipped,"Skipped: Role match but missing technical keywords: machine learning engineer intern, data scientist intern, ai engineer intern, research intern"
2026-02-07T23:32:40.187599,https://fr.linkedin.com/jobs/view/intern-film-grain-analysis-at-interdigital-inc-4365350699?refId=yFhH1xivIxDLvR09urA0ew%3D%3D&trackingId=TTufTbIQwywO9TStZrC9gw%3D%3D&position=8&pageNum=1,"Intern, Film Grain Analysis",Internship,Internship,2026-01-22,"InterDigital, Inc.",http://www.interdigital.com,,,,https://fr.linkedin.com/jobs/view/intern-film-grain-analysis-at-interdigital-inc-4365350699?refId=yFhH1xivIxDLvR09urA0ew%3D%3D&trackingId=TTufTbIQwywO9TStZrC9gw%3D%3D&position=8&pageNum=1,5,Skipped,"Skipped: Role match but missing technical keywords: machine learning engineer intern, data scientist intern, ai engineer intern, research intern"
2026-02-07T23:32:40.190345,https://fr.linkedin.com/jobs/view/stage-aliad-venture-capital-operations-controller-intern-h-f-at-air-liquide-4369972084?refId=yFhH1xivIxDLvR09urA0ew%3D%3D&trackingId=iM%2Bhd5m4KtnVVwqxNEa3XQ%3D%3D&position=25&pageNum=1,Stage - ALIAD - Venture Capital & Operations Controller Intern H/F,Full-time,Internship,2026-02-06,Air Liquide,http://www.airliquide.com,,,,https://fr.linkedin.com/jobs/view/stage-aliad-venture-capital-operations-controller-intern-h-f-at-air-liquide-4369972084?refId=yFhH1xivIxDLvR09urA0ew%3D%3D&trackingId=iM%2Bhd5m4KtnVVwqxNEa3XQ%3D%3D&position=25&pageNum=1,5,Skipped,"Skipped: Role match but missing technical keywords: machine learning engineer intern, data scientist intern, ai engineer intern, research intern"
2026-02-07T23:32:40.193017,https://fr.linkedin.com/jobs/view/stage-ing%C3%A9nieur-e-data-science-6-mois-at-verder-scientific-4366727481?refId=yFhH1xivIxDLvR09urA0ew%3D%3D&trackingId=Bj6q2dEh%2BgkJDXWuAApfbw%3D%3D&position=23&pageNum=1,Stage ingénieur(e) Data Science - 6 mois,Full-time,Internship,2026-01-13,VERDER SCIENTIFIC,https://www.verder-scientific.com,,,,https://fr.linkedin.com/jobs/view/stage-ing%C3%A9nieur-e-data-science-6-mois-at-verder-scientific-4366727481?refId=yFhH1xivIxDLvR09urA0ew%3D%3D&trackingId=Bj6q2dEh%2BgkJDXWuAApfbw%3D%3D&position=23&pageNum=1,7,Skipped,Skipped: Title contains ML/Data keywords: data scien
2026-02-07T23:32:40.195440,https://fr.linkedin.com/jobs/view/stage-en-tourisme-at-indie-campers-4346307286?refId=yFhH1xivIxDLvR09urA0ew%3D%3D&trackingId=QrS%2BHMov5Y6o5O6QSC57tw%3D%3D&position=22&pageNum=1,Stage en Tourisme,Full-time,Internship,2025-12-26,Indie Campers,https://indiecampers.com,,,,https://fr.linkedin.com/jobs/view/stage-en-tourisme-at-indie-campers-4346307286?refId=yFhH1xivIxDLvR09urA0ew%3D%3D&trackingId=QrS%2BHMov5Y6o5O6QSC57tw%3D%3D&position=22&pageNum=1,0,Skipped,Skipped: Job title 'Stage en Tourisme' doesn't match ML/Data keywords
2026-02-07T23:32:40.198603,https://fr.linkedin.com/jobs/view/financial-analyst-intern-at-acca-careers-4365741298?refId=yFhH1xivIxDLvR09urA0ew%3D%3D&trackingId=rQ3egVgwyracXZgDzQZIcA%3D%3D&position=21&pageNum=1,Financial Analyst Intern,Internship,Internship,2026-01-23,ACCA Careers,https://jobs.accaglobal.com/,,,,https://fr.linkedin.com/jobs/view/financial-analyst-intern-at-acca-careers-4365741298?refId=yFhH1xivIxDLvR09urA0ew%3D%3D&trackingId=rQ3egVgwyracXZgDzQZIcA%3D%3D&position=21&pageNum=1,5,Skipped,"Skipped: Role match but missing technical keywords: machine learning engineer intern, data scientist intern, ai engineer intern, research intern"
2026-02-07T23:32:40.202344,https://fr.linkedin.com/jobs/view/fp-a-analyst-europe-apprentice-or-intern-f-h-at-catalina-marketing-costa-rica-4348313459?refId=yFhH1xivIxDLvR09urA0ew%3D%3D&trackingId=2M6B0KrPg%2BjfsZkLvbHPNg%3D%3D&position=20&pageNum=1,FP&A Analyst Europe Apprentice or Intern F/H,Internship,Internship,2025-12-03,Catalina Marketing Costa Rica,https://www.catalina.com,,,,https://fr.linkedin.com/jobs/view/fp-a-analyst-europe-apprentice-or-intern-f-h-at-catalina-marketing-costa-rica-4348313459?refId=yFhH1xivIxDLvR09urA0ew%3D%3D&trackingId=2M6B0KrPg%2BjfsZkLvbHPNg%3D%3D&position=20&pageNum=1,5,Skipped,"Skipped: Role match but missing technical keywords: machine learning engineer intern, data scientist intern, ai engineer intern, research intern"
2026-02-07T23:32:40.206150,https://fr.linkedin.com/jobs/view/stage-go-to-market-product-intern-at-havas-media-france-4265332688?refId=yFhH1xivIxDLvR09urA0ew%3D%3D&trackingId=IOtLtnlyWW2753%2FlTrm9pg%3D%3D&position=19&pageNum=1,STAGE - GO TO MARKET PRODUCT INTERN,Full-time,Internship,2025-09-11,Havas Media France,https://havasmedianetwork.com,,,,https://fr.linkedin.com/jobs/view/stage-go-to-market-product-intern-at-havas-media-france-4265332688?refId=yFhH1xivIxDLvR09urA0ew%3D%3D&trackingId=IOtLtnlyWW2753%2FlTrm9pg%3D%3D&position=19&pageNum=1,5,Skipped,"Skipped: Role match but missing technical keywords: machine learning engineer intern, data scientist intern, ai engineer intern, research intern"
2026-02-07T23:32:40.210213,https://fr.linkedin.com/jobs/view/strategy-operations-intern-paris-at-sunday-4362605280?refId=yFhH1xivIxDLvR09urA0ew%3D%3D&trackingId=sVfjHYZo4aen0TtssYg6Uw%3D%3D&position=18&pageNum=1,Strategy & Operations Intern - Paris,Full-time,Internship,2026-01-22,sunday,http://www.sundayapp.com,,,,https://fr.linkedin.com/jobs/view/strategy-operations-intern-paris-at-sunday-4362605280?refId=yFhH1xivIxDLvR09urA0ew%3D%3D&trackingId=sVfjHYZo4aen0TtssYg6Uw%3D%3D&position=18&pageNum=1,5,Skipped,"Skipped: Role match but missing technical keywords: machine learning engineer intern, data scientist intern, ai engineer intern, research intern"
2026-02-07T23:32:40.214495,https://fr.linkedin.com/jobs/view/stage-aliad-venture-capital-operations-controller-intern-h-f-at-air-liquide-4361372947?refId=yFhH1xivIxDLvR09urA0ew%3D%3D&trackingId=V%2F6DvbXlKbYbFyaoC5u2zw%3D%3D&position=13&pageNum=1,Stage - ALIAD - Venture Capital & Operations Controller Intern H/F,Full-time,Internship,2026-02-04,Air Liquide,http://www.airliquide.com,,,,https://fr.linkedin.com/jobs/view/stage-aliad-venture-capital-operations-controller-intern-h-f-at-air-liquide-4361372947?refId=yFhH1xivIxDLvR09urA0ew%3D%3D&trackingId=V%2F6DvbXlKbYbFyaoC5u2zw%3D%3D&position=13&pageNum=1,5,Skipped,"Skipped: Role match but missing technical keywords: machine learning engineer intern, data scientist intern, ai engineer intern, research intern"
2026-02-07T23:32:40.219053,https://fr.linkedin.com/jobs/view/stage-ai-program-coordination-sbs-paris-at-sbs-4366367552?refId=yFhH1xivIxDLvR09urA0ew%3D%3D&trackingId=UyWCOWzaZjU7rAwPzE%2FReA%3D%3D&position=17&pageNum=1,Stage - AI Program & Coordination - SBS - Paris,Full-time,Internship,2026-01-27,SBS,http://www.sbs-software.com,,,,https://fr.linkedin.com/jobs/view/stage-ai-program-coordination-sbs-paris-at-sbs-4366367552?refId=yFhH1xivIxDLvR09urA0ew%3D%3D&trackingId=UyWCOWzaZjU7rAwPzE%2FReA%3D%3D&position=17&pageNum=1,7,Skipped,Skipped: Title contains ML/Data keywords: AI
2026-02-07T23:32:40.223036,https://fr.linkedin.com/jobs/view/intern-machine-learning-engineer-recommender-systems-all-genders-at-dailymotion-4359027957?refId=yFhH1xivIxDLvR09urA0ew%3D%3D&trackingId=gCTLIYZ8REEg0Qkw5mpyDQ%3D%3D&position=12&pageNum=1,Intern Machine Learning Engineer - Recommender Systems (All Genders),Full-time,Internship,2026-01-15,Dailymotion,http://www.dailymotion.com,,,,https://fr.linkedin.com/jobs/view/intern-machine-learning-engineer-recommender-systems-all-genders-at-dailymotion-4359027957?refId=yFhH1xivIxDLvR09urA0ew%3D%3D&trackingId=gCTLIYZ8REEg0Qkw5mpyDQ%3D%3D&position=12&pageNum=1,7,Skipped,Skipped: Title contains ML/Data keywords: machine learning
2026-02-07T23:32:40.226771,https://fr.linkedin.com/jobs/view/talent-acquisition-coordinator-internship-at-alice-bob-4369951744?refId=yFhH1xivIxDLvR09urA0ew%3D%3D&trackingId=uNZR9yroR9f09CxN5gHYJw%3D%3D&position=14&pageNum=1,Talent Acquisition Coordinator - Internship,Internship,Not Applicable,2026-02-06,Alice & Bob,https://alice-bob.com/,,,,https://fr.linkedin.com/jobs/view/talent-acquisition-coordinator-internship-at-alice-bob-4369951744?refId=yFhH1xivIxDLvR09urA0ew%3D%3D&trackingId=uNZR9yroR9f09CxN5gHYJw%3D%3D&position=14&pageNum=1,5,Skipped,"Skipped: Role match but missing technical keywords: machine learning engineer intern, data scientist intern, ai engineer intern, research intern"
2026-02-07T23:32:40.229661,https://fr.linkedin.com/jobs/view/assistant-chef-de-projet-si-europe-f-h-stage-at-christian-dior-couture-4328665539?refId=TDT4kYD8Vj5nWFUYbH8V7g%3D%3D&trackingId=uU8kcnZDxsB1qIA3Bq2YhQ%3D%3D&position=2&pageNum=0,Assistant Chef de Projet SI Europe F/H - STAGE,Full-time,Internship,2026-02-02,Christian Dior Couture,https://www.dior.com/carrieres/index.html,,,,https://fr.linkedin.com/jobs/view/assistant-chef-de-projet-si-europe-f-h-stage-at-christian-dior-couture-4328665539?refId=TDT4kYD8Vj5nWFUYbH8V7g%3D%3D&trackingId=uU8kcnZDxsB1qIA3Bq2YhQ%3D%3D&position=2&pageNum=0,0,Skipped,Skipped: Job title 'Assistant Chef de Projet SI Europe F/H - STAGE' doesn't match ML/Data keywords
2026-02-07T23:32:40.232242,https://fr.linkedin.com/jobs/view/business-program-management-apprentice-at-microsoft-4365270837?refId=yFhH1xivIxDLvR09urA0ew%3D%3D&trackingId=HuFaUqkwtL9bXDOeGiPszA%3D%3D&position=16&pageNum=1,Business Program Management Apprentice,Full-time,Not Applicable,2026-01-22,Microsoft,https://news.microsoft.com/,,,,https://fr.linkedin.com/jobs/view/business-program-management-apprentice-at-microsoft-4365270837?refId=yFhH1xivIxDLvR09urA0ew%3D%3D&trackingId=HuFaUqkwtL9bXDOeGiPszA%3D%3D&position=16&pageNum=1,0,Skipped,Skipped: Job title 'Business Program Management Apprentice' doesn't match ML/Data keywords
2026-02-07T23:32:40.234996,https://fr.linkedin.com/jobs/view/automotive-recruiter-intern-at-mechanics-body-shops-marketplace-4264768443?refId=yFhH1xivIxDLvR09urA0ew%3D%3D&trackingId=wx9GDqfvjpZ78sQRrfo2UA%3D%3D&position=11&pageNum=1,Automotive Recruiter Intern,Internship,Internship,2025-07-09,Mechanics & Body Shops Marketplace,https://www.mechanicsmarketplace.com,,,,https://fr.linkedin.com/jobs/view/automotive-recruiter-intern-at-mechanics-body-shops-marketplace-4264768443?refId=yFhH1xivIxDLvR09urA0ew%3D%3D&trackingId=wx9GDqfvjpZ78sQRrfo2UA%3D%3D&position=11&pageNum=1,5,Skipped,"Skipped: Role match but missing technical keywords: machine learning engineer intern, data scientist intern, ai engineer intern, research intern"
2026-02-07T23:32:40.239067,https://fr.linkedin.com/jobs/view/client-experience-retail-assistant-stage-h-f-at-lemaire-4358818219?refId=yFhH1xivIxDLvR09urA0ew%3D%3D&trackingId=a3EKdmiw9Y%2BrGL8aEZDOYw%3D%3D&position=15&pageNum=1,Client Experience Retail Assistant - Stage (H/F),Internship,Internship,2026-02-04,LEMAIRE,http://www.lemaire.fr/,,,,https://fr.linkedin.com/jobs/view/client-experience-retail-assistant-stage-h-f-at-lemaire-4358818219?refId=yFhH1xivIxDLvR09urA0ew%3D%3D&trackingId=a3EKdmiw9Y%2BrGL8aEZDOYw%3D%3D&position=15&pageNum=1,0,Skipped,Skipped: Job title 'Client Experience Retail Assistant - Stage (H/F)' doesn't match ML/Data keywords
2026-02-07T23:32:40.242621,https://fr.linkedin.com/jobs/view/balenciaga-e-commerce-content-production-intern-march-2026-f-h-at-balenciaga-4365087443?refId=yFhH1xivIxDLvR09urA0ew%3D%3D&trackingId=snc%2Br3Gvz9LRCKQF3Q76AA%3D%3D&position=4&pageNum=1,BALENCIAGA - E-Commerce Content Production Intern - March 2026 (F/H),Full-time,Not Applicable,2026-01-21,BALENCIAGA,http://www.balenciaga.com,,,,https://fr.linkedin.com/jobs/view/balenciaga-e-commerce-content-production-intern-march-2026-f-h-at-balenciaga-4365087443?refId=yFhH1xivIxDLvR09urA0ew%3D%3D&trackingId=snc%2Br3Gvz9LRCKQF3Q76AA%3D%3D&position=4&pageNum=1,5,Skipped,"Skipped: Role match but missing technical keywords: machine learning engineer intern, data scientist intern, ai engineer intern, research intern"
2026-02-07T23:32:40.246382,https://fr.linkedin.com/jobs/view/operations-intern-%C3%AEle-de-france-start-date-2026-at-amazon-4308423942?refId=yFhH1xivIxDLvR09urA0ew%3D%3D&trackingId=wV6Ufpd%2BdrxTJJQsAQXxjw%3D%3D&position=9&pageNum=1,Operations Intern - Île de France - Start Date 2026,Full-time,Internship,2026-02-06,Amazon,https://www.aboutamazon.com/,,,,https://fr.linkedin.com/jobs/view/operations-intern-%C3%AEle-de-france-start-date-2026-at-amazon-4308423942?refId=yFhH1xivIxDLvR09urA0ew%3D%3D&trackingId=wV6Ufpd%2BdrxTJJQsAQXxjw%3D%3D&position=9&pageNum=1,5,Skipped,"Skipped: Role match but missing technical keywords: machine learning engineer intern, data scientist intern, ai engineer intern, research intern"
2026-02-07T23:32:40.250695,https://fr.linkedin.com/jobs/view/operations-intern-%C3%AEle-de-france-start-date-2026-at-amazon-4308419993?refId=yFhH1xivIxDLvR09urA0ew%3D%3D&trackingId=PoSPAS88rAImWRFYqaQ%2BNA%3D%3D&position=6&pageNum=1,Operations Intern - Île de France - Start Date 2026,Full-time,Internship,2026-02-06,Amazon,https://www.aboutamazon.com/,,,,https://fr.linkedin.com/jobs/view/operations-intern-%C3%AEle-de-france-start-date-2026-at-amazon-4308419993?refId=yFhH1xivIxDLvR09urA0ew%3D%3D&trackingId=PoSPAS88rAImWRFYqaQ%2BNA%3D%3D&position=6&pageNum=1,5,Skipped,"Skipped: Role match but missing technical keywords: machine learning engineer intern, data scientist intern, ai engineer intern, research intern"
2026-02-07T23:32:40.254631,https://fr.linkedin.com/jobs/view/intern-analyst-portfolio-manager-assistant-active-advisory-at-ubs-4328860268?refId=yFhH1xivIxDLvR09urA0ew%3D%3D&trackingId=YCWavid5kzTp8bBc7T61Gg%3D%3D&position=10&pageNum=1,Intern - Analyst & Portfolio Manager Assistant - Active Advisory,Full-time,Entry level,2026-02-03,UBS,http://www.ubs.com/about,,,,https://fr.linkedin.com/jobs/view/intern-analyst-portfolio-manager-assistant-active-advisory-at-ubs-4328860268?refId=yFhH1xivIxDLvR09urA0ew%3D%3D&trackingId=YCWavid5kzTp8bBc7T61Gg%3D%3D&position=10&pageNum=1,5,Skipped,"Skipped: Role match but missing technical keywords: machine learning engineer intern, data scientist intern, ai engineer intern, research intern"
2026-02-07T23:32:40.258728,https://fr.linkedin.com/jobs/view/stage-engineering-compliance-h-f-at-klepierre-4366810515?refId=yFhH1xivIxDLvR09urA0ew%3D%3D&trackingId=aAAplg5cw%2FZxJCukZBCZNQ%3D%3D&position=5&pageNum=1,Stage - Engineering Compliance H/F,Internship,Internship,2026-01-29,KLEPIERRE,http://www.klepierre.com,,,,https://fr.linkedin.com/jobs/view/stage-engineering-compliance-h-f-at-klepierre-4366810515?refId=yFhH1xivIxDLvR09urA0ew%3D%3D&trackingId=aAAplg5cw%2FZxJCukZBCZNQ%3D%3D&position=5&pageNum=1,5,Skipped,"Skipped: Role match but missing technical keywords: machine learning engineer intern, ai engineer intern"
2026-02-07T23:32:40.262309,https://fr.linkedin.com/jobs/view/intern-trader-assistant-at-engie-international-supply-energy-management-4350686142?refId=yFhH1xivIxDLvR09urA0ew%3D%3D&trackingId=aVgH1J%2BZmsbFHzed85wFOg%3D%3D&position=3&pageNum=1,Intern - Trader Assistant,Internship,Internship,2026-01-21,ENGIE - International Supply & Energy Management,https://gems.engie.com,,,,https://fr.linkedin.com/jobs/view/intern-trader-assistant-at-engie-international-supply-energy-management-4350686142?refId=yFhH1xivIxDLvR09urA0ew%3D%3D&trackingId=aVgH1J%2BZmsbFHzed85wFOg%3D%3D&position=3&pageNum=1,5,Skipped,"Skipped: Role match but missing technical keywords: machine learning engineer intern, data scientist intern, ai engineer intern, research intern"
2026-02-07T23:32:40.265193,https://fr.linkedin.com/jobs/view/stage-en-tourisme-at-indie-campers-4366942411?refId=OlFbuCuERjQrtvFzFrUiVg%3D%3D&trackingId=d9wNkn12%2Fr%2BZMV4EMt4t3w%3D%3D&position=25&pageNum=2,Stage en Tourisme,Full-time,Internship,2026-01-28,Indie Campers,https://indiecampers.com,,,,https://fr.linkedin.com/jobs/view/stage-en-tourisme-at-indie-campers-4366942411?refId=OlFbuCuERjQrtvFzFrUiVg%3D%3D&trackingId=d9wNkn12%2Fr%2BZMV4EMt4t3w%3D%3D&position=25&pageNum=2,0,Skipped,Skipped: Job title 'Stage en Tourisme' doesn't match ML/Data keywords
2026-02-07T23:32:40.268364,https://fr.linkedin.com/jobs/view/financial-analyst-intern-at-amazon-4335233610?refId=yFhH1xivIxDLvR09urA0ew%3D%3D&trackingId=t1G1aOVBkg1giLTzaRc3Ng%3D%3D&position=2&pageNum=1,Financial Analyst Intern,Full-time,Not Applicable,2026-02-04,Amazon,https://www.aboutamazon.com/,,,,https://fr.linkedin.com/jobs/view/financial-analyst-intern-at-amazon-4335233610?refId=yFhH1xivIxDLvR09urA0ew%3D%3D&trackingId=t1G1aOVBkg1giLTzaRc3Ng%3D%3D&position=2&pageNum=1,5,Skipped,"Skipped: Role match but missing technical keywords: machine learning engineer intern, data scientist intern, ai engineer intern, research intern"
2026-02-07T23:33:27.259020,https://fr.linkedin.com/jobs/view/global-editorial-content-marketing-stage-intern-paris-at-cozycozy-com-4337099031?refId=TDT4kYD8Vj5nWFUYbH8V7g%3D%3D&trackingId=lQ3UhALmdZBf3pExPHbyxg%3D%3D&position=24&pageNum=0,"Global Editorial Content Marketing Stage / Intern, Paris",Internship,Not Applicable,2025-11-20,cozycozy.com,https://www.cozycozy.com,,,,https://fr.linkedin.com/jobs/view/global-editorial-content-marketing-stage-intern-paris-at-cozycozy-com-4337099031?refId=TDT4kYD8Vj5nWFUYbH8V7g%3D%3D&trackingId=lQ3UhALmdZBf3pExPHbyxg%3D%3D&position=24&pageNum=0,5,Skipped,"Skipped: Role match but missing technical keywords: machine learning engineer intern, data scientist intern, ai engineer intern, research intern"
2026-02-07T23:33:27.261700,https://fr.linkedin.com/jobs/view/strategy-consultant-internship-private-equity-lyon-f-h-at-indefi-4325718969?refId=TDT4kYD8Vj5nWFUYbH8V7g%3D%3D&trackingId=bM17Rl%2BXmOa2EV%2F7H6pJZg%3D%3D&position=25&pageNum=0,Strategy Consultant Internship - Private Equity - Lyon F/H,Internship,Internship,2025-12-04,INDEFI,http://www.indefi.com,,,,https://fr.linkedin.com/jobs/view/strategy-consultant-internship-private-equity-lyon-f-h-at-indefi-4325718969?refId=TDT4kYD8Vj5nWFUYbH8V7g%3D%3D&trackingId=bM17Rl%2BXmOa2EV%2F7H6pJZg%3D%3D&position=25&pageNum=0,5,Skipped,"Skipped: Role match but missing technical keywords: machine learning engineer intern, data scientist intern, ai engineer intern, research intern"
2026-02-07T23:33:27.264187,https://fr.linkedin.com/jobs/view/revenue-operations-intern-at-swan-4329689579?refId=TDT4kYD8Vj5nWFUYbH8V7g%3D%3D&trackingId=tsDtDVlfh43mSk37a6Zqzw%3D%3D&position=22&pageNum=0,Revenue Operations Intern,Internship,Internship,2025-12-31,Swan,https://swan.io,,,,https://fr.linkedin.com/jobs/view/revenue-operations-intern-at-swan-4329689579?refId=TDT4kYD8Vj5nWFUYbH8V7g%3D%3D&trackingId=tsDtDVlfh43mSk37a6Zqzw%3D%3D&position=22&pageNum=0,5,Skipped,"Skipped: Role match but missing technical keywords: machine learning engineer intern, data scientist intern, ai engineer intern, research intern"
2026-02-07T23:33:27.266455,https://fr.linkedin.com/jobs/view/intern-global-talent-acquisition-project-management-h-f-at-lacoste-4297589491?refId=TDT4kYD8Vj5nWFUYbH8V7g%3D%3D&trackingId=DUZqCHP9qjh1Rx60ZJ29Yw%3D%3D&position=23&pageNum=0,Intern Global Talent Acquisition Project Management (H/F),Full-time,Not Applicable,2025-09-08,Lacoste,https://corporate.lacoste.com/,,,,https://fr.linkedin.com/jobs/view/intern-global-talent-acquisition-project-management-h-f-at-lacoste-4297589491?refId=TDT4kYD8Vj5nWFUYbH8V7g%3D%3D&trackingId=DUZqCHP9qjh1Rx60ZJ29Yw%3D%3D&position=23&pageNum=0,5,Skipped,"Skipped: Role match but missing technical keywords: machine learning engineer intern, data scientist intern, ai engineer intern, research intern"
2026-02-07T23:33:27.268991,https://fr.linkedin.com/jobs/view/stage-assistant-consultant-paid-social-h-f-at-dentsu-4345376920?refId=TDT4kYD8Vj5nWFUYbH8V7g%3D%3D&trackingId=lHI%2BQV8K2ZFZfoU57CmqdA%3D%3D&position=19&pageNum=0,STAGE - Assistant Consultant Paid Social H/F,Full-time,Internship,2026-01-12,dentsu,https://bit.ly/3lDa6Ff,,,,https://fr.linkedin.com/jobs/view/stage-assistant-consultant-paid-social-h-f-at-dentsu-4345376920?refId=TDT4kYD8Vj5nWFUYbH8V7g%3D%3D&trackingId=lHI%2BQV8K2ZFZfoU57CmqdA%3D%3D&position=19&pageNum=0,0,Skipped,Skipped: Job title 'STAGE - Assistant Consultant Paid Social H/F' doesn't match ML/Data keywords
2026-02-07T23:33:27.271189,https://fr.linkedin.com/jobs/view/oliver-wyman-stage-2a-polytechnique-paris-france-at-oliver-wyman-4359427349?refId=TDT4kYD8Vj5nWFUYbH8V7g%3D%3D&trackingId=E0XVYRIzueZ%2B6SSqXnCXzg%3D%3D&position=20&pageNum=0,Oliver Wyman - Stage 2A Polytechnique - Paris (France),Internship,Not Applicable,2026-01-31,Oliver Wyman,http://www.oliverwyman.com,,,,https://fr.linkedin.com/jobs/view/oliver-wyman-stage-2a-polytechnique-paris-france-at-oliver-wyman-4359427349?refId=TDT4kYD8Vj5nWFUYbH8V7g%3D%3D&trackingId=E0XVYRIzueZ%2B6SSqXnCXzg%3D%3D&position=20&pageNum=0,0,Skipped,Skipped: Job title 'Oliver Wyman - Stage 2A Polytechnique - Paris (France)' doesn't match ML/Data keywords
2026-02-07T23:33:27.273190,https://fr.linkedin.com/jobs/view/stage-marketing-operations-f-h-at-worldline-4332768064?refId=TDT4kYD8Vj5nWFUYbH8V7g%3D%3D&trackingId=6nDVxO%2FZXrKmawzQxLkpLA%3D%3D&position=21&pageNum=0,Stage - Marketing Operations (F/H),Internship,Entry level,2026-02-06,Worldline,http://worldline.com,,,,https://fr.linkedin.com/jobs/view/stage-marketing-operations-f-h-at-worldline-4332768064?refId=TDT4kYD8Vj5nWFUYbH8V7g%3D%3D&trackingId=6nDVxO%2FZXrKmawzQxLkpLA%3D%3D&position=21&pageNum=0,0,Skipped,Skipped: Job title 'Stage - Marketing Operations (F/H)' doesn't match ML/Data keywords
2026-02-07T23:33:27.275353,https://fr.linkedin.com/jobs/view/kering-data-product-owner-stage-at-kering-4361320470?refId=TDT4kYD8Vj5nWFUYbH8V7g%3D%3D&trackingId=vtgAwIhg5Q0oIIwmHJbk7g%3D%3D&position=18&pageNum=0,KERING Data Product Owner (stage),Full-time,Internship,2026-01-13,Kering,https://www.kering.com/en,,,,https://fr.linkedin.com/jobs/view/kering-data-product-owner-stage-at-kering-4361320470?refId=TDT4kYD8Vj5nWFUYbH8V7g%3D%3D&trackingId=vtgAwIhg5Q0oIIwmHJbk7g%3D%3D&position=18&pageNum=0,5,Skipped,Skipped: Role match but missing technical keywords: data scientist intern
2026-02-07T23:33:27.278065,https://fr.linkedin.com/jobs/view/intern-web-editor-gq-at-cond%C3%A9-nast-4362960775?refId=TDT4kYD8Vj5nWFUYbH8V7g%3D%3D&trackingId=%2B%2FOY0Lc%2FB8PxGrRC33p4xQ%3D%3D&position=14&pageNum=0,Intern Web Editor GQ,Full-time,Internship,2026-02-05,Condé Nast,http://www.condenast.com,,,,https://fr.linkedin.com/jobs/view/intern-web-editor-gq-at-cond%C3%A9-nast-4362960775?refId=TDT4kYD8Vj5nWFUYbH8V7g%3D%3D&trackingId=%2B%2FOY0Lc%2FB8PxGrRC33p4xQ%3D%3D&position=14&pageNum=0,5,Skipped,"Skipped: Role match but missing technical keywords: machine learning engineer intern, data scientist intern, ai engineer intern, research intern"
2026-02-07T23:33:27.280880,https://fr.linkedin.com/jobs/view/stage-global-strategy-intern-h-f-at-edenred-4365982064?refId=TDT4kYD8Vj5nWFUYbH8V7g%3D%3D&trackingId=OBeWqKSWvLIT7If%2F6w1VSA%3D%3D&position=16&pageNum=0,Stage - Global Strategy Intern (H/F),Internship,Internship,2026-01-27,Edenred,https://www.edenred.com,,,,https://fr.linkedin.com/jobs/view/stage-global-strategy-intern-h-f-at-edenred-4365982064?refId=TDT4kYD8Vj5nWFUYbH8V7g%3D%3D&trackingId=OBeWqKSWvLIT7If%2F6w1VSA%3D%3D&position=16&pageNum=0,5,Skipped,"Skipped: Role match but missing technical keywords: machine learning engineer intern, data scientist intern, ai engineer intern, research intern"
2026-02-07T23:33:27.283235,https://fr.linkedin.com/jobs/view/strategy-consultant-internship-private-equity-paris-f-h-at-indefi-4362145931?refId=TDT4kYD8Vj5nWFUYbH8V7g%3D%3D&trackingId=kluoyr6MdGCacE0v0JN1pA%3D%3D&position=13&pageNum=0,Strategy Consultant Internship - Private Equity - Paris F/H,Internship,Internship,2026-01-22,INDEFI,http://www.indefi.com,,,,https://fr.linkedin.com/jobs/view/strategy-consultant-internship-private-equity-paris-f-h-at-indefi-4362145931?refId=TDT4kYD8Vj5nWFUYbH8V7g%3D%3D&trackingId=kluoyr6MdGCacE0v0JN1pA%3D%3D&position=13&pageNum=0,5,Skipped,"Skipped: Role match but missing technical keywords: machine learning engineer intern, data scientist intern, ai engineer intern, research intern"
2026-02-07T23:33:27.285608,https://fr.linkedin.com/jobs/view/corporate-strategy-analyst-stage-paris-at-papernest-4367849121?refId=TDT4kYD8Vj5nWFUYbH8V7g%3D%3D&trackingId=AeFL6bExzQ8Ks95jWICv5A%3D%3D&position=17&pageNum=0,Corporate Strategy Analyst - Stage - Paris,Other,Not Applicable,2026-01-21,papernest,http://www.papernest.com,,,,https://fr.linkedin.com/jobs/view/corporate-strategy-analyst-stage-paris-at-papernest-4367849121?refId=TDT4kYD8Vj5nWFUYbH8V7g%3D%3D&trackingId=AeFL6bExzQ8Ks95jWICv5A%3D%3D&position=17&pageNum=0,0,Skipped,Skipped: Job title 'Corporate Strategy Analyst - Stage - Paris' doesn't match ML/Data keywords
2026-02-07T23:33:27.288727,https://fr.linkedin.com/jobs/view/data-science-internship-warehouse-optimisation-at-bigblue-4334828942?refId=TDT4kYD8Vj5nWFUYbH8V7g%3D%3D&trackingId=Kb2i9B9L1fZilp9KzpIEWw%3D%3D&position=15&pageNum=0,Data Science Internship - Warehouse optimisation,Internship,Not Applicable,2025-11-07,Bigblue,https://www.bigblue.co/,,,,https://fr.linkedin.com/jobs/view/data-science-internship-warehouse-optimisation-at-bigblue-4334828942?refId=TDT4kYD8Vj5nWFUYbH8V7g%3D%3D&trackingId=Kb2i9B9L1fZilp9KzpIEWw%3D%3D&position=15&pageNum=0,7,Skipped,Skipped: Title contains ML/Data keywords: data scien
2026-02-07T23:33:27.291036,https://fr.linkedin.com/jobs/view/data-analyst-assistant-operations-europe-stage-f-h-at-christian-dior-couture-4328475713?refId=TDT4kYD8Vj5nWFUYbH8V7g%3D%3D&trackingId=cAzGvHA2yNHZ2ccVYquH8w%3D%3D&position=8&pageNum=0,Data Analyst Assistant Operations Europe - Stage F/H,Full-time,Internship,2026-02-02,Christian Dior Couture,https://www.dior.com/carrieres/index.html,,,,https://fr.linkedin.com/jobs/view/data-analyst-assistant-operations-europe-stage-f-h-at-christian-dior-couture-4328475713?refId=TDT4kYD8Vj5nWFUYbH8V7g%3D%3D&trackingId=cAzGvHA2yNHZ2ccVYquH8w%3D%3D&position=8&pageNum=0,5,Skipped,Skipped: Role match but missing technical keywords: data scientist intern
2026-02-07T23:33:27.293131,https://fr.linkedin.com/jobs/view/vc-analyst-intern-at-wind-4353019038?refId=TDT4kYD8Vj5nWFUYbH8V7g%3D%3D&trackingId=iu%2B3C4iBlyDkhbup6EqcXw%3D%3D&position=12&pageNum=0,VC Analyst Intern,Internship,Internship,2026-01-15,Wind,http://wind.capital,,,,https://fr.linkedin.com/jobs/view/vc-analyst-intern-at-wind-4353019038?refId=TDT4kYD8Vj5nWFUYbH8V7g%3D%3D&trackingId=iu%2B3C4iBlyDkhbup6EqcXw%3D%3D&position=12&pageNum=0,5,Skipped,"Skipped: Role match but missing technical keywords: machine learning engineer intern, data scientist intern, ai engineer intern, research intern"
2026-02-07T23:33:27.295224,https://fr.linkedin.com/jobs/view/internship-chief-of-staff-at-twoway-4357429590?refId=TDT4kYD8Vj5nWFUYbH8V7g%3D%3D&trackingId=2%2FgPiHY1i%2Fy2o5AyZdxKrQ%3D%3D&position=9&pageNum=0,[Internship] Chief of Staff,Internship,Internship,2026-02-03,TwoWay,https://www.twoway.finance/,,,,https://fr.linkedin.com/jobs/view/internship-chief-of-staff-at-twoway-4357429590?refId=TDT4kYD8Vj5nWFUYbH8V7g%3D%3D&trackingId=2%2FgPiHY1i%2Fy2o5AyZdxKrQ%3D%3D&position=9&pageNum=0,5,Skipped,"Skipped: Role match but missing technical keywords: machine learning engineer intern, data scientist intern, ai engineer intern, research intern"
2026-02-07T23:33:27.304632,https://fr.linkedin.com/jobs/view/founder-associate-intern-at-n%C5%ABmi%C2%AE-4336590083?refId=TDT4kYD8Vj5nWFUYbH8V7g%3D%3D&trackingId=4U5L%2FZ5zntj%2BBZdRIH36AQ%3D%3D&position=10&pageNum=0,Founder associate intern,Internship,Internship,2025-10-23,Nūmi®,https://www.numi.life/,,,,https://fr.linkedin.com/jobs/view/founder-associate-intern-at-n%C5%ABmi%C2%AE-4336590083?refId=TDT4kYD8Vj5nWFUYbH8V7g%3D%3D&trackingId=4U5L%2FZ5zntj%2BBZdRIH36AQ%3D%3D&position=10&pageNum=0,5,Skipped,"Skipped: Role match but missing technical keywords: machine learning engineer intern, data scientist intern, ai engineer intern, research intern"
2026-02-07T23:33:27.307079,https://fr.linkedin.com/jobs/view/technology-growth-equity-investment-intern-starting-july-september-2026-for-6-months-at-revaia-4365517336?refId=TDT4kYD8Vj5nWFUYbH8V7g%3D%3D&trackingId=%2BhBFhY4DJR9%2F1H%2FQuyE9Ug%3D%3D&position=11&pageNum=0,Technology Growth Equity - Investment Intern - Starting July/September 2026 for 6 months,Internship,Internship,2026-01-23,Revaia,https://revaia.com,,,,https://fr.linkedin.com/jobs/view/technology-growth-equity-investment-intern-starting-july-september-2026-for-6-months-at-revaia-4365517336?refId=TDT4kYD8Vj5nWFUYbH8V7g%3D%3D&trackingId=%2BhBFhY4DJR9%2F1H%2FQuyE9Ug%3D%3D&position=11&pageNum=0,5,Skipped,"Skipped: Role match but missing technical keywords: machine learning engineer intern, data scientist intern, ai engineer intern, research intern"
2026-02-07T23:33:27.309255,https://fr.linkedin.com/jobs/view/intern-chinese-project-analyst-h-f-at-richemont-4360856769?refId=TDT4kYD8Vj5nWFUYbH8V7g%3D%3D&trackingId=9JI8hZwggGaIYhkx91%2BsXQ%3D%3D&position=6&pageNum=0,Intern - Chinese Project Analyst (H/F),Full-time,Internship,2026-01-19,Richemont,http://www.richemont.com/,,,,https://fr.linkedin.com/jobs/view/intern-chinese-project-analyst-h-f-at-richemont-4360856769?refId=TDT4kYD8Vj5nWFUYbH8V7g%3D%3D&trackingId=9JI8hZwggGaIYhkx91%2BsXQ%3D%3D&position=6&pageNum=0,5,Skipped,"Skipped: Role match but missing technical keywords: machine learning engineer intern, data scientist intern, ai engineer intern, research intern"
2026-02-07T23:33:27.311525,https://fr.linkedin.com/jobs/view/stage-marketing-analyst-consumer-insight-h-f-at-richemont-4368757407?refId=TDT4kYD8Vj5nWFUYbH8V7g%3D%3D&trackingId=%2FLkfwuAKrZxpVBMAoDYudg%3D%3D&position=5&pageNum=0,Stage - Marketing Analyst Consumer Insight (H/F),Full-time,Internship,2026-02-04,Richemont,http://www.richemont.com/,,,,https://fr.linkedin.com/jobs/view/stage-marketing-analyst-consumer-insight-h-f-at-richemont-4368757407?refId=TDT4kYD8Vj5nWFUYbH8V7g%3D%3D&trackingId=%2FLkfwuAKrZxpVBMAoDYudg%3D%3D&position=5&pageNum=0,0,Skipped,Skipped: Job title 'Stage - Marketing Analyst Consumer Insight (H/F)' doesn't match ML/Data keywords
2026-02-07T23:33:27.313618,https://fr.linkedin.com/jobs/view/software-engineering-full-stack-intern-in-sydney-australia-at-inautalent-4366978981?refId=TDT4kYD8Vj5nWFUYbH8V7g%3D%3D&trackingId=2pKtRIGC4A%2FcHqrFOf89uA%3D%3D&position=3&pageNum=0,"Software Engineering (Full-Stack) Intern - in Sydney, Australia",Full-time,Internship,2026-01-29,INAUTALENT,https://inautalent.com/,,,,https://fr.linkedin.com/jobs/view/software-engineering-full-stack-intern-in-sydney-australia-at-inautalent-4366978981?refId=TDT4kYD8Vj5nWFUYbH8V7g%3D%3D&trackingId=2pKtRIGC4A%2FcHqrFOf89uA%3D%3D&position=3&pageNum=0,5,Skipped,"Skipped: Role match but missing technical keywords: machine learning engineer intern, data scientist intern, ai engineer intern, research intern"
2026-02-07T23:33:27.315674,https://fr.linkedin.com/jobs/view/stage-assistant-e-chef-de-projet-marketing-ev%C3%A8nementiel-horlogerie-joaillerie-europe-juillet-2026-at-chanel-4329220344?refId=TDT4kYD8Vj5nWFUYbH8V7g%3D%3D&trackingId=9adg51Ng8zLXDyPSTfoiYg%3D%3D&position=1&pageNum=0,STAGE - Assistant(e) Chef de Projet Marketing & Evènementiel - Horlogerie Joaillerie EUROPE - Juillet 2026,Full-time,Internship,2026-02-04,CHANEL,http://www.chanel.com,,,,https://fr.linkedin.com/jobs/view/stage-assistant-e-chef-de-projet-marketing-ev%C3%A8nementiel-horlogerie-joaillerie-europe-juillet-2026-at-chanel-4329220344?refId=TDT4kYD8Vj5nWFUYbH8V7g%3D%3D&trackingId=9adg51Ng8zLXDyPSTfoiYg%3D%3D&position=1&pageNum=0,0,Skipped,Skipped: Job title 'STAGE - Assistant(e) Chef de Projet Marketing & Evènementiel - Horlogerie Joaillerie EUROPE - Juillet 2026' doesn't match ML/Data keywords
2026-02-07T23:33:27.317737,https://fr.linkedin.com/jobs/view/software-engineering-full-stack-intern-in-sydney-australia-at-inautalent-4366981885?refId=TDT4kYD8Vj5nWFUYbH8V7g%3D%3D&trackingId=Sqw4SyVslZJNoNVxLEdZNA%3D%3D&position=4&pageNum=0,"Software Engineering (Full-Stack) Intern - in Sydney, Australia",Full-time,Internship,2026-01-29,INAUTALENT,https://inautalent.com/,,,,https://fr.linkedin.com/jobs/view/software-engineering-full-stack-intern-in-sydney-australia-at-inautalent-4366981885?refId=TDT4kYD8Vj5nWFUYbH8V7g%3D%3D&trackingId=Sqw4SyVslZJNoNVxLEdZNA%3D%3D&position=4&pageNum=0,5,Skipped,"Skipped: Role match but missing technical keywords: machine learning engineer intern, data scientist intern, ai engineer intern, research intern"
2026-02-07T23:33:27.321088,https://fr.linkedin.com/jobs/view/stage-controlling-global-h-f-at-urgo-medical-4368275622?refId=TDT4kYD8Vj5nWFUYbH8V7g%3D%3D&trackingId=KyeLz%2FCnjBf4JvooFWukkw%3D%3D&position=7&pageNum=0,Stage Controlling Global (H/F),Internship,Internship,2026-02-03,Urgo Medical,http://urgomedical.com,,,,https://fr.linkedin.com/jobs/view/stage-controlling-global-h-f-at-urgo-medical-4368275622?refId=TDT4kYD8Vj5nWFUYbH8V7g%3D%3D&trackingId=KyeLz%2FCnjBf4JvooFWukkw%3D%3D&position=7&pageNum=0,0,Skipped,Skipped: Job title 'Stage Controlling Global (H/F)' doesn't match ML/Data keywords
2026-02-07T23:33:27.324533,https://fr.linkedin.com/jobs/view/solutions-engineer-intern-at-bigblue-4332308160?refId=yFhH1xivIxDLvR09urA0ew%3D%3D&trackingId=a21eGsX%2BTYhkExJy2sNeyg%3D%3D&position=7&pageNum=1,Solutions Engineer intern,Internship,Not Applicable,2025-10-27,Bigblue,https://www.bigblue.co/,,,,https://fr.linkedin.com/jobs/view/solutions-engineer-intern-at-bigblue-4332308160?refId=yFhH1xivIxDLvR09urA0ew%3D%3D&trackingId=a21eGsX%2BTYhkExJy2sNeyg%3D%3D&position=7&pageNum=1,5,Skipped,"Skipped: Role match but missing technical keywords: machine learning engineer intern, data scientist intern, ai engineer intern, research intern"
2026-02-07T23:33:27.327988,https://fr.linkedin.com/jobs/view/operations-intern-r%C3%A9gion-centre-start-date-2026-at-amazon-4308670140?refId=yFhH1xivIxDLvR09urA0ew%3D%3D&trackingId=fMAlcvvNor83YcvyLt5BwQ%3D%3D&position=24&pageNum=1,Operations Intern - Région Centre - Start Date 2026,Full-time,Internship,2026-02-05,Amazon,https://www.aboutamazon.com/,,,,https://fr.linkedin.com/jobs/view/operations-intern-r%C3%A9gion-centre-start-date-2026-at-amazon-4308670140?refId=yFhH1xivIxDLvR09urA0ew%3D%3D&trackingId=fMAlcvvNor83YcvyLt5BwQ%3D%3D&position=24&pageNum=1,5,Skipped,"Skipped: Role match but missing technical keywords: machine learning engineer intern, data scientist intern, ai engineer intern, research intern"
2026-02-07T23:33:27.331270,https://fr.linkedin.com/jobs/view/intern-film-grain-analysis-at-interdigital-inc-4365350699?refId=yFhH1xivIxDLvR09urA0ew%3D%3D&trackingId=TTufTbIQwywO9TStZrC9gw%3D%3D&position=8&pageNum=1,"Intern, Film Grain Analysis",Internship,Internship,2026-01-22,"InterDigital, Inc.",http://www.interdigital.com,,,,https://fr.linkedin.com/jobs/view/intern-film-grain-analysis-at-interdigital-inc-4365350699?refId=yFhH1xivIxDLvR09urA0ew%3D%3D&trackingId=TTufTbIQwywO9TStZrC9gw%3D%3D&position=8&pageNum=1,5,Skipped,"Skipped: Role match but missing technical keywords: machine learning engineer intern, data scientist intern, ai engineer intern, research intern"
2026-02-07T23:33:27.334554,https://fr.linkedin.com/jobs/view/stage-aliad-venture-capital-operations-controller-intern-h-f-at-air-liquide-4369972084?refId=yFhH1xivIxDLvR09urA0ew%3D%3D&trackingId=iM%2Bhd5m4KtnVVwqxNEa3XQ%3D%3D&position=25&pageNum=1,Stage - ALIAD - Venture Capital & Operations Controller Intern H/F,Full-time,Internship,2026-02-06,Air Liquide,http://www.airliquide.com,,,,https://fr.linkedin.com/jobs/view/stage-aliad-venture-capital-operations-controller-intern-h-f-at-air-liquide-4369972084?refId=yFhH1xivIxDLvR09urA0ew%3D%3D&trackingId=iM%2Bhd5m4KtnVVwqxNEa3XQ%3D%3D&position=25&pageNum=1,5,Skipped,"Skipped: Role match but missing technical keywords: machine learning engineer intern, data scientist intern, ai engineer intern, research intern"
2026-02-07T23:33:27.338275,https://fr.linkedin.com/jobs/view/stage-ing%C3%A9nieur-e-data-science-6-mois-at-verder-scientific-4366727481?refId=yFhH1xivIxDLvR09urA0ew%3D%3D&trackingId=Bj6q2dEh%2BgkJDXWuAApfbw%3D%3D&position=23&pageNum=1,Stage ingénieur(e) Data Science - 6 mois,Full-time,Internship,2026-01-13,VERDER SCIENTIFIC,https://www.verder-scientific.com,,,,https://fr.linkedin.com/jobs/view/stage-ing%C3%A9nieur-e-data-science-6-mois-at-verder-scientific-4366727481?refId=yFhH1xivIxDLvR09urA0ew%3D%3D&trackingId=Bj6q2dEh%2BgkJDXWuAApfbw%3D%3D&position=23&pageNum=1,7,Skipped,Skipped: Title contains ML/Data keywords: data scien
2026-02-07T23:33:27.341965,https://fr.linkedin.com/jobs/view/stage-en-tourisme-at-indie-campers-4346307286?refId=yFhH1xivIxDLvR09urA0ew%3D%3D&trackingId=QrS%2BHMov5Y6o5O6QSC57tw%3D%3D&position=22&pageNum=1,Stage en Tourisme,Full-time,Internship,2025-12-26,Indie Campers,https://indiecampers.com,,,,https://fr.linkedin.com/jobs/view/stage-en-tourisme-at-indie-campers-4346307286?refId=yFhH1xivIxDLvR09urA0ew%3D%3D&trackingId=QrS%2BHMov5Y6o5O6QSC57tw%3D%3D&position=22&pageNum=1,0,Skipped,Skipped: Job title 'Stage en Tourisme' doesn't match ML/Data keywords
2026-02-07T23:33:27.344764,https://fr.linkedin.com/jobs/view/financial-analyst-intern-at-acca-careers-4365741298?refId=yFhH1xivIxDLvR09urA0ew%3D%3D&trackingId=rQ3egVgwyracXZgDzQZIcA%3D%3D&position=21&pageNum=1,Financial Analyst Intern,Internship,Internship,2026-01-23,ACCA Careers,https://jobs.accaglobal.com/,,,,https://fr.linkedin.com/jobs/view/financial-analyst-intern-at-acca-careers-4365741298?refId=yFhH1xivIxDLvR09urA0ew%3D%3D&trackingId=rQ3egVgwyracXZgDzQZIcA%3D%3D&position=21&pageNum=1,5,Skipped,"Skipped: Role match but missing technical keywords: machine learning engineer intern, data scientist intern, ai engineer intern, research intern"
2026-02-07T23:33:27.347055,https://fr.linkedin.com/jobs/view/fp-a-analyst-europe-apprentice-or-intern-f-h-at-catalina-marketing-costa-rica-4348313459?refId=yFhH1xivIxDLvR09urA0ew%3D%3D&trackingId=2M6B0KrPg%2BjfsZkLvbHPNg%3D%3D&position=20&pageNum=1,FP&A Analyst Europe Apprentice or Intern F/H,Internship,Internship,2025-12-03,Catalina Marketing Costa Rica,https://www.catalina.com,,,,https://fr.linkedin.com/jobs/view/fp-a-analyst-europe-apprentice-or-intern-f-h-at-catalina-marketing-costa-rica-4348313459?refId=yFhH1xivIxDLvR09urA0ew%3D%3D&trackingId=2M6B0KrPg%2BjfsZkLvbHPNg%3D%3D&position=20&pageNum=1,5,Skipped,"Skipped: Role match but missing technical keywords: machine learning engineer intern, data scientist intern, ai engineer intern, research intern"
2026-02-07T23:33:27.349156,https://fr.linkedin.com/jobs/view/stage-go-to-market-product-intern-at-havas-media-france-4265332688?refId=yFhH1xivIxDLvR09urA0ew%3D%3D&trackingId=IOtLtnlyWW2753%2FlTrm9pg%3D%3D&position=19&pageNum=1,STAGE - GO TO MARKET PRODUCT INTERN,Full-time,Internship,2025-09-11,Havas Media France,https://havasmedianetwork.com,,,,https://fr.linkedin.com/jobs/view/stage-go-to-market-product-intern-at-havas-media-france-4265332688?refId=yFhH1xivIxDLvR09urA0ew%3D%3D&trackingId=IOtLtnlyWW2753%2FlTrm9pg%3D%3D&position=19&pageNum=1,5,Skipped,"Skipped: Role match but missing technical keywords: machine learning engineer intern, data scientist intern, ai engineer intern, research intern"
2026-02-07T23:33:27.351195,https://fr.linkedin.com/jobs/view/strategy-operations-intern-paris-at-sunday-4362605280?refId=yFhH1xivIxDLvR09urA0ew%3D%3D&trackingId=sVfjHYZo4aen0TtssYg6Uw%3D%3D&position=18&pageNum=1,Strategy & Operations Intern - Paris,Full-time,Internship,2026-01-22,sunday,http://www.sundayapp.com,,,,https://fr.linkedin.com/jobs/view/strategy-operations-intern-paris-at-sunday-4362605280?refId=yFhH1xivIxDLvR09urA0ew%3D%3D&trackingId=sVfjHYZo4aen0TtssYg6Uw%3D%3D&position=18&pageNum=1,5,Skipped,"Skipped: Role match but missing technical keywords: machine learning engineer intern, data scientist intern, ai engineer intern, research intern"
2026-02-07T23:33:27.353310,https://fr.linkedin.com/jobs/view/stage-aliad-venture-capital-operations-controller-intern-h-f-at-air-liquide-4361372947?refId=yFhH1xivIxDLvR09urA0ew%3D%3D&trackingId=V%2F6DvbXlKbYbFyaoC5u2zw%3D%3D&position=13&pageNum=1,Stage - ALIAD - Venture Capital & Operations Controller Intern H/F,Full-time,Internship,2026-02-04,Air Liquide,http://www.airliquide.com,,,,https://fr.linkedin.com/jobs/view/stage-aliad-venture-capital-operations-controller-intern-h-f-at-air-liquide-4361372947?refId=yFhH1xivIxDLvR09urA0ew%3D%3D&trackingId=V%2F6DvbXlKbYbFyaoC5u2zw%3D%3D&position=13&pageNum=1,5,Skipped,"Skipped: Role match but missing technical keywords: machine learning engineer intern, data scientist intern, ai engineer intern, research intern"
2026-02-07T23:33:27.355506,https://fr.linkedin.com/jobs/view/stage-ai-program-coordination-sbs-paris-at-sbs-4366367552?refId=yFhH1xivIxDLvR09urA0ew%3D%3D&trackingId=UyWCOWzaZjU7rAwPzE%2FReA%3D%3D&position=17&pageNum=1,Stage - AI Program & Coordination - SBS - Paris,Full-time,Internship,2026-01-27,SBS,http://www.sbs-software.com,,,,https://fr.linkedin.com/jobs/view/stage-ai-program-coordination-sbs-paris-at-sbs-4366367552?refId=yFhH1xivIxDLvR09urA0ew%3D%3D&trackingId=UyWCOWzaZjU7rAwPzE%2FReA%3D%3D&position=17&pageNum=1,7,Skipped,Skipped: Title contains ML/Data keywords: AI
2026-02-07T23:33:27.357664,https://fr.linkedin.com/jobs/view/intern-machine-learning-engineer-recommender-systems-all-genders-at-dailymotion-4359027957?refId=yFhH1xivIxDLvR09urA0ew%3D%3D&trackingId=gCTLIYZ8REEg0Qkw5mpyDQ%3D%3D&position=12&pageNum=1,Intern Machine Learning Engineer - Recommender Systems (All Genders),Full-time,Internship,2026-01-15,Dailymotion,http://www.dailymotion.com,,,,https://fr.linkedin.com/jobs/view/intern-machine-learning-engineer-recommender-systems-all-genders-at-dailymotion-4359027957?refId=yFhH1xivIxDLvR09urA0ew%3D%3D&trackingId=gCTLIYZ8REEg0Qkw5mpyDQ%3D%3D&position=12&pageNum=1,7,Skipped,Skipped: Title contains ML/Data keywords: machine learning
2026-02-07T23:33:27.359678,https://fr.linkedin.com/jobs/view/talent-acquisition-coordinator-internship-at-alice-bob-4369951744?refId=yFhH1xivIxDLvR09urA0ew%3D%3D&trackingId=uNZR9yroR9f09CxN5gHYJw%3D%3D&position=14&pageNum=1,Talent Acquisition Coordinator - Internship,Internship,Not Applicable,2026-02-06,Alice & Bob,https://alice-bob.com/,,,,https://fr.linkedin.com/jobs/view/talent-acquisition-coordinator-internship-at-alice-bob-4369951744?refId=yFhH1xivIxDLvR09urA0ew%3D%3D&trackingId=uNZR9yroR9f09CxN5gHYJw%3D%3D&position=14&pageNum=1,5,Skipped,"Skipped: Role match but missing technical keywords: machine learning engineer intern, data scientist intern, ai engineer intern, research intern"
2026-02-07T23:33:27.361670,https://fr.linkedin.com/jobs/view/assistant-chef-de-projet-si-europe-f-h-stage-at-christian-dior-couture-4328665539?refId=TDT4kYD8Vj5nWFUYbH8V7g%3D%3D&trackingId=uU8kcnZDxsB1qIA3Bq2YhQ%3D%3D&position=2&pageNum=0,Assistant Chef de Projet SI Europe F/H - STAGE,Full-time,Internship,2026-02-02,Christian Dior Couture,https://www.dior.com/carrieres/index.html,,,,https://fr.linkedin.com/jobs/view/assistant-chef-de-projet-si-europe-f-h-stage-at-christian-dior-couture-4328665539?refId=TDT4kYD8Vj5nWFUYbH8V7g%3D%3D&trackingId=uU8kcnZDxsB1qIA3Bq2YhQ%3D%3D&position=2&pageNum=0,0,Skipped,Skipped: Job title 'Assistant Chef de Projet SI Europe F/H - STAGE' doesn't match ML/Data keywords
2026-02-07T23:33:27.363668,https://fr.linkedin.com/jobs/view/business-program-management-apprentice-at-microsoft-4365270837?refId=yFhH1xivIxDLvR09urA0ew%3D%3D&trackingId=HuFaUqkwtL9bXDOeGiPszA%3D%3D&position=16&pageNum=1,Business Program Management Apprentice,Full-time,Not Applicable,2026-01-22,Microsoft,https://news.microsoft.com/,,,,https://fr.linkedin.com/jobs/view/business-program-management-apprentice-at-microsoft-4365270837?refId=yFhH1xivIxDLvR09urA0ew%3D%3D&trackingId=HuFaUqkwtL9bXDOeGiPszA%3D%3D&position=16&pageNum=1,0,Skipped,Skipped: Job title 'Business Program Management Apprentice' doesn't match ML/Data keywords
2026-02-07T23:33:27.365660,https://fr.linkedin.com/jobs/view/automotive-recruiter-intern-at-mechanics-body-shops-marketplace-4264768443?refId=yFhH1xivIxDLvR09urA0ew%3D%3D&trackingId=wx9GDqfvjpZ78sQRrfo2UA%3D%3D&position=11&pageNum=1,Automotive Recruiter Intern,Internship,Internship,2025-07-09,Mechanics & Body Shops Marketplace,https://www.mechanicsmarketplace.com,,,,https://fr.linkedin.com/jobs/view/automotive-recruiter-intern-at-mechanics-body-shops-marketplace-4264768443?refId=yFhH1xivIxDLvR09urA0ew%3D%3D&trackingId=wx9GDqfvjpZ78sQRrfo2UA%3D%3D&position=11&pageNum=1,5,Skipped,"Skipped: Role match but missing technical keywords: machine learning engineer intern, data scientist intern, ai engineer intern, research intern"
2026-02-07T23:33:27.367787,https://fr.linkedin.com/jobs/view/client-experience-retail-assistant-stage-h-f-at-lemaire-4358818219?refId=yFhH1xivIxDLvR09urA0ew%3D%3D&trackingId=a3EKdmiw9Y%2BrGL8aEZDOYw%3D%3D&position=15&pageNum=1,Client Experience Retail Assistant - Stage (H/F),Internship,Internship,2026-02-04,LEMAIRE,http://www.lemaire.fr/,,,,https://fr.linkedin.com/jobs/view/client-experience-retail-assistant-stage-h-f-at-lemaire-4358818219?refId=yFhH1xivIxDLvR09urA0ew%3D%3D&trackingId=a3EKdmiw9Y%2BrGL8aEZDOYw%3D%3D&position=15&pageNum=1,0,Skipped,Skipped: Job title 'Client Experience Retail Assistant - Stage (H/F)' doesn't match ML/Data keywords
2026-02-07T23:33:27.369966,https://fr.linkedin.com/jobs/view/balenciaga-e-commerce-content-production-intern-march-2026-f-h-at-balenciaga-4365087443?refId=yFhH1xivIxDLvR09urA0ew%3D%3D&trackingId=snc%2Br3Gvz9LRCKQF3Q76AA%3D%3D&position=4&pageNum=1,BALENCIAGA - E-Commerce Content Production Intern - March 2026 (F/H),Full-time,Not Applicable,2026-01-21,BALENCIAGA,http://www.balenciaga.com,,,,https://fr.linkedin.com/jobs/view/balenciaga-e-commerce-content-production-intern-march-2026-f-h-at-balenciaga-4365087443?refId=yFhH1xivIxDLvR09urA0ew%3D%3D&trackingId=snc%2Br3Gvz9LRCKQF3Q76AA%3D%3D&position=4&pageNum=1,5,Skipped,"Skipped: Role match but missing technical keywords: machine learning engineer intern, data scientist intern, ai engineer intern, research intern"
2026-02-07T23:33:27.372133,https://fr.linkedin.com/jobs/view/operations-intern-%C3%AEle-de-france-start-date-2026-at-amazon-4308423942?refId=yFhH1xivIxDLvR09urA0ew%3D%3D&trackingId=wV6Ufpd%2BdrxTJJQsAQXxjw%3D%3D&position=9&pageNum=1,Operations Intern - Île de France - Start Date 2026,Full-time,Internship,2026-02-06,Amazon,https://www.aboutamazon.com/,,,,https://fr.linkedin.com/jobs/view/operations-intern-%C3%AEle-de-france-start-date-2026-at-amazon-4308423942?refId=yFhH1xivIxDLvR09urA0ew%3D%3D&trackingId=wV6Ufpd%2BdrxTJJQsAQXxjw%3D%3D&position=9&pageNum=1,5,Skipped,"Skipped: Role match but missing technical keywords: machine learning engineer intern, data scientist intern, ai engineer intern, research intern"
2026-02-07T23:33:27.374321,https://fr.linkedin.com/jobs/view/operations-intern-%C3%AEle-de-france-start-date-2026-at-amazon-4308419993?refId=yFhH1xivIxDLvR09urA0ew%3D%3D&trackingId=PoSPAS88rAImWRFYqaQ%2BNA%3D%3D&position=6&pageNum=1,Operations Intern - Île de France - Start Date 2026,Full-time,Internship,2026-02-06,Amazon,https://www.aboutamazon.com/,,,,https://fr.linkedin.com/jobs/view/operations-intern-%C3%AEle-de-france-start-date-2026-at-amazon-4308419993?refId=yFhH1xivIxDLvR09urA0ew%3D%3D&trackingId=PoSPAS88rAImWRFYqaQ%2BNA%3D%3D&position=6&pageNum=1,5,Skipped,"Skipped: Role match but missing technical keywords: machine learning engineer intern, data scientist intern, ai engineer intern, research intern"
2026-02-07T23:33:27.376410,https://fr.linkedin.com/jobs/view/intern-analyst-portfolio-manager-assistant-active-advisory-at-ubs-4328860268?refId=yFhH1xivIxDLvR09urA0ew%3D%3D&trackingId=YCWavid5kzTp8bBc7T61Gg%3D%3D&position=10&pageNum=1,Intern - Analyst & Portfolio Manager Assistant - Active Advisory,Full-time,Entry level,2026-02-03,UBS,http://www.ubs.com/about,,,,https://fr.linkedin.com/jobs/view/intern-analyst-portfolio-manager-assistant-active-advisory-at-ubs-4328860268?refId=yFhH1xivIxDLvR09urA0ew%3D%3D&trackingId=YCWavid5kzTp8bBc7T61Gg%3D%3D&position=10&pageNum=1,5,Skipped,"Skipped: Role match but missing technical keywords: machine learning engineer intern, data scientist intern, ai engineer intern, research intern"
2026-02-07T23:33:27.378498,https://fr.linkedin.com/jobs/view/stage-engineering-compliance-h-f-at-klepierre-4366810515?refId=yFhH1xivIxDLvR09urA0ew%3D%3D&trackingId=aAAplg5cw%2FZxJCukZBCZNQ%3D%3D&position=5&pageNum=1,Stage - Engineering Compliance H/F,Internship,Internship,2026-01-29,KLEPIERRE,http://www.klepierre.com,,,,https://fr.linkedin.com/jobs/view/stage-engineering-compliance-h-f-at-klepierre-4366810515?refId=yFhH1xivIxDLvR09urA0ew%3D%3D&trackingId=aAAplg5cw%2FZxJCukZBCZNQ%3D%3D&position=5&pageNum=1,5,Skipped,"Skipped: Role match but missing technical keywords: machine learning engineer intern, ai engineer intern"
2026-02-07T23:33:27.380571,https://fr.linkedin.com/jobs/view/intern-trader-assistant-at-engie-international-supply-energy-management-4350686142?refId=yFhH1xivIxDLvR09urA0ew%3D%3D&trackingId=aVgH1J%2BZmsbFHzed85wFOg%3D%3D&position=3&pageNum=1,Intern - Trader Assistant,Internship,Internship,2026-01-21,ENGIE - International Supply & Energy Management,https://gems.engie.com,,,,https://fr.linkedin.com/jobs/view/intern-trader-assistant-at-engie-international-supply-energy-management-4350686142?refId=yFhH1xivIxDLvR09urA0ew%3D%3D&trackingId=aVgH1J%2BZmsbFHzed85wFOg%3D%3D&position=3&pageNum=1,5,Skipped,"Skipped: Role match but missing technical keywords: machine learning engineer intern, data scientist intern, ai engineer intern, research intern"
2026-02-07T23:33:27.382568,https://fr.linkedin.com/jobs/view/stage-en-tourisme-at-indie-campers-4366942411?refId=OlFbuCuERjQrtvFzFrUiVg%3D%3D&trackingId=d9wNkn12%2Fr%2BZMV4EMt4t3w%3D%3D&position=25&pageNum=2,Stage en Tourisme,Full-time,Internship,2026-01-28,Indie Campers,https://indiecampers.com,,,,https://fr.linkedin.com/jobs/view/stage-en-tourisme-at-indie-campers-4366942411?refId=OlFbuCuERjQrtvFzFrUiVg%3D%3D&trackingId=d9wNkn12%2Fr%2BZMV4EMt4t3w%3D%3D&position=25&pageNum=2,0,Skipped,Skipped: Job title 'Stage en Tourisme' doesn't match ML/Data keywords
2026-02-07T23:33:27.384628,https://fr.linkedin.com/jobs/view/financial-analyst-intern-at-amazon-4335233610?refId=yFhH1xivIxDLvR09urA0ew%3D%3D&trackingId=t1G1aOVBkg1giLTzaRc3Ng%3D%3D&position=2&pageNum=1,Financial Analyst Intern,Full-time,Not Applicable,2026-02-04,Amazon,https://www.aboutamazon.com/,,,,https://fr.linkedin.com/jobs/view/financial-analyst-intern-at-amazon-4335233610?refId=yFhH1xivIxDLvR09urA0ew%3D%3D&trackingId=t1G1aOVBkg1giLTzaRc3Ng%3D%3D&position=2&pageNum=1,5,Skipped,"Skipped: Role match but missing technical keywords: machine learning engineer intern, data scientist intern, ai engineer intern, research intern"
2026-02-07T23:33:36.638774,https://fr.linkedin.com/jobs/view/global-editorial-content-marketing-stage-intern-paris-at-cozycozy-com-4337099031?refId=TDT4kYD8Vj5nWFUYbH8V7g%3D%3D&trackingId=lQ3UhALmdZBf3pExPHbyxg%3D%3D&position=24&pageNum=0,"Global Editorial Content Marketing Stage / Intern, Paris",Internship,Not Applicable,2025-11-20,cozycozy.com,https://www.cozycozy.com,,,,https://fr.linkedin.com/jobs/view/global-editorial-content-marketing-stage-intern-paris-at-cozycozy-com-4337099031?refId=TDT4kYD8Vj5nWFUYbH8V7g%3D%3D&trackingId=lQ3UhALmdZBf3pExPHbyxg%3D%3D&position=24&pageNum=0,5,Skipped,"Skipped: Role match but missing technical keywords: machine learning engineer intern, data scientist intern, ai engineer intern, research intern"
2026-02-07T23:33:36.644612,https://fr.linkedin.com/jobs/view/strategy-consultant-internship-private-equity-lyon-f-h-at-indefi-4325718969?refId=TDT4kYD8Vj5nWFUYbH8V7g%3D%3D&trackingId=bM17Rl%2BXmOa2EV%2F7H6pJZg%3D%3D&position=25&pageNum=0,Strategy Consultant Internship - Private Equity - Lyon F/H,Internship,Internship,2025-12-04,INDEFI,http://www.indefi.com,,,,https://fr.linkedin.com/jobs/view/strategy-consultant-internship-private-equity-lyon-f-h-at-indefi-4325718969?refId=TDT4kYD8Vj5nWFUYbH8V7g%3D%3D&trackingId=bM17Rl%2BXmOa2EV%2F7H6pJZg%3D%3D&position=25&pageNum=0,5,Skipped,"Skipped: Role match but missing technical keywords: machine learning engineer intern, data scientist intern, ai engineer intern, research intern"
2026-02-07T23:33:36.649011,https://fr.linkedin.com/jobs/view/revenue-operations-intern-at-swan-4329689579?refId=TDT4kYD8Vj5nWFUYbH8V7g%3D%3D&trackingId=tsDtDVlfh43mSk37a6Zqzw%3D%3D&position=22&pageNum=0,Revenue Operations Intern,Internship,Internship,2025-12-31,Swan,https://swan.io,,,,https://fr.linkedin.com/jobs/view/revenue-operations-intern-at-swan-4329689579?refId=TDT4kYD8Vj5nWFUYbH8V7g%3D%3D&trackingId=tsDtDVlfh43mSk37a6Zqzw%3D%3D&position=22&pageNum=0,5,Skipped,"Skipped: Role match but missing technical keywords: machine learning engineer intern, data scientist intern, ai engineer intern, research intern"
2026-02-07T23:33:36.653179,https://fr.linkedin.com/jobs/view/intern-global-talent-acquisition-project-management-h-f-at-lacoste-4297589491?refId=TDT4kYD8Vj5nWFUYbH8V7g%3D%3D&trackingId=DUZqCHP9qjh1Rx60ZJ29Yw%3D%3D&position=23&pageNum=0,Intern Global Talent Acquisition Project Management (H/F),Full-time,Not Applicable,2025-09-08,Lacoste,https://corporate.lacoste.com/,,,,https://fr.linkedin.com/jobs/view/intern-global-talent-acquisition-project-management-h-f-at-lacoste-4297589491?refId=TDT4kYD8Vj5nWFUYbH8V7g%3D%3D&trackingId=DUZqCHP9qjh1Rx60ZJ29Yw%3D%3D&position=23&pageNum=0,5,Skipped,"Skipped: Role match but missing technical keywords: machine learning engineer intern, data scientist intern, ai engineer intern, research intern"
2026-02-07T23:33:36.657275,https://fr.linkedin.com/jobs/view/stage-assistant-consultant-paid-social-h-f-at-dentsu-4345376920?refId=TDT4kYD8Vj5nWFUYbH8V7g%3D%3D&trackingId=lHI%2BQV8K2ZFZfoU57CmqdA%3D%3D&position=19&pageNum=0,STAGE - Assistant Consultant Paid Social H/F,Full-time,Internship,2026-01-12,dentsu,https://bit.ly/3lDa6Ff,,,,https://fr.linkedin.com/jobs/view/stage-assistant-consultant-paid-social-h-f-at-dentsu-4345376920?refId=TDT4kYD8Vj5nWFUYbH8V7g%3D%3D&trackingId=lHI%2BQV8K2ZFZfoU57CmqdA%3D%3D&position=19&pageNum=0,0,Skipped,Skipped: Job title 'STAGE - Assistant Consultant Paid Social H/F' doesn't match ML/Data keywords
2026-02-07T23:33:36.661826,https://fr.linkedin.com/jobs/view/oliver-wyman-stage-2a-polytechnique-paris-france-at-oliver-wyman-4359427349?refId=TDT4kYD8Vj5nWFUYbH8V7g%3D%3D&trackingId=E0XVYRIzueZ%2B6SSqXnCXzg%3D%3D&position=20&pageNum=0,Oliver Wyman - Stage 2A Polytechnique - Paris (France),Internship,Not Applicable,2026-01-31,Oliver Wyman,http://www.oliverwyman.com,,,,https://fr.linkedin.com/jobs/view/oliver-wyman-stage-2a-polytechnique-paris-france-at-oliver-wyman-4359427349?refId=TDT4kYD8Vj5nWFUYbH8V7g%3D%3D&trackingId=E0XVYRIzueZ%2B6SSqXnCXzg%3D%3D&position=20&pageNum=0,0,Skipped,Skipped: Job title 'Oliver Wyman - Stage 2A Polytechnique - Paris (France)' doesn't match ML/Data keywords
2026-02-07T23:33:36.665888,https://fr.linkedin.com/jobs/view/stage-marketing-operations-f-h-at-worldline-4332768064?refId=TDT4kYD8Vj5nWFUYbH8V7g%3D%3D&trackingId=6nDVxO%2FZXrKmawzQxLkpLA%3D%3D&position=21&pageNum=0,Stage - Marketing Operations (F/H),Internship,Entry level,2026-02-06,Worldline,http://worldline.com,,,,https://fr.linkedin.com/jobs/view/stage-marketing-operations-f-h-at-worldline-4332768064?refId=TDT4kYD8Vj5nWFUYbH8V7g%3D%3D&trackingId=6nDVxO%2FZXrKmawzQxLkpLA%3D%3D&position=21&pageNum=0,0,Skipped,Skipped: Job title 'Stage - Marketing Operations (F/H)' doesn't match ML/Data keywords
2026-02-07T23:33:36.670087,https://fr.linkedin.com/jobs/view/kering-data-product-owner-stage-at-kering-4361320470?refId=TDT4kYD8Vj5nWFUYbH8V7g%3D%3D&trackingId=vtgAwIhg5Q0oIIwmHJbk7g%3D%3D&position=18&pageNum=0,KERING Data Product Owner (stage),Full-time,Internship,2026-01-13,Kering,https://www.kering.com/en,,,,https://fr.linkedin.com/jobs/view/kering-data-product-owner-stage-at-kering-4361320470?refId=TDT4kYD8Vj5nWFUYbH8V7g%3D%3D&trackingId=vtgAwIhg5Q0oIIwmHJbk7g%3D%3D&position=18&pageNum=0,5,Skipped,Skipped: Role match but missing technical keywords: data scientist intern
2026-02-07T23:33:36.674684,https://fr.linkedin.com/jobs/view/intern-web-editor-gq-at-cond%C3%A9-nast-4362960775?refId=TDT4kYD8Vj5nWFUYbH8V7g%3D%3D&trackingId=%2B%2FOY0Lc%2FB8PxGrRC33p4xQ%3D%3D&position=14&pageNum=0,Intern Web Editor GQ,Full-time,Internship,2026-02-05,Condé Nast,http://www.condenast.com,,,,https://fr.linkedin.com/jobs/view/intern-web-editor-gq-at-cond%C3%A9-nast-4362960775?refId=TDT4kYD8Vj5nWFUYbH8V7g%3D%3D&trackingId=%2B%2FOY0Lc%2FB8PxGrRC33p4xQ%3D%3D&position=14&pageNum=0,5,Skipped,"Skipped: Role match but missing technical keywords: machine learning engineer intern, data scientist intern, ai engineer intern, research intern"
2026-02-07T23:33:36.679187,https://fr.linkedin.com/jobs/view/stage-global-strategy-intern-h-f-at-edenred-4365982064?refId=TDT4kYD8Vj5nWFUYbH8V7g%3D%3D&trackingId=OBeWqKSWvLIT7If%2F6w1VSA%3D%3D&position=16&pageNum=0,Stage - Global Strategy Intern (H/F),Internship,Internship,2026-01-27,Edenred,https://www.edenred.com,,,,https://fr.linkedin.com/jobs/view/stage-global-strategy-intern-h-f-at-edenred-4365982064?refId=TDT4kYD8Vj5nWFUYbH8V7g%3D%3D&trackingId=OBeWqKSWvLIT7If%2F6w1VSA%3D%3D&position=16&pageNum=0,5,Skipped,"Skipped: Role match but missing technical keywords: machine learning engineer intern, data scientist intern, ai engineer intern, research intern"
2026-02-07T23:33:36.682846,https://fr.linkedin.com/jobs/view/strategy-consultant-internship-private-equity-paris-f-h-at-indefi-4362145931?refId=TDT4kYD8Vj5nWFUYbH8V7g%3D%3D&trackingId=kluoyr6MdGCacE0v0JN1pA%3D%3D&position=13&pageNum=0,Strategy Consultant Internship - Private Equity - Paris F/H,Internship,Internship,2026-01-22,INDEFI,http://www.indefi.com,,,,https://fr.linkedin.com/jobs/view/strategy-consultant-internship-private-equity-paris-f-h-at-indefi-4362145931?refId=TDT4kYD8Vj5nWFUYbH8V7g%3D%3D&trackingId=kluoyr6MdGCacE0v0JN1pA%3D%3D&position=13&pageNum=0,5,Skipped,"Skipped: Role match but missing technical keywords: machine learning engineer intern, data scientist intern, ai engineer intern, research intern"
2026-02-07T23:33:36.687143,https://fr.linkedin.com/jobs/view/corporate-strategy-analyst-stage-paris-at-papernest-4367849121?refId=TDT4kYD8Vj5nWFUYbH8V7g%3D%3D&trackingId=AeFL6bExzQ8Ks95jWICv5A%3D%3D&position=17&pageNum=0,Corporate Strategy Analyst - Stage - Paris,Other,Not Applicable,2026-01-21,papernest,http://www.papernest.com,,,,https://fr.linkedin.com/jobs/view/corporate-strategy-analyst-stage-paris-at-papernest-4367849121?refId=TDT4kYD8Vj5nWFUYbH8V7g%3D%3D&trackingId=AeFL6bExzQ8Ks95jWICv5A%3D%3D&position=17&pageNum=0,0,Skipped,Skipped: Job title 'Corporate Strategy Analyst - Stage - Paris' doesn't match ML/Data keywords
2026-02-07T23:35:32.494368,https://fr.linkedin.com/jobs/view/global-editorial-content-marketing-stage-intern-paris-at-cozycozy-com-4337099031?refId=TDT4kYD8Vj5nWFUYbH8V7g%3D%3D&trackingId=lQ3UhALmdZBf3pExPHbyxg%3D%3D&position=24&pageNum=0,"Global Editorial Content Marketing Stage / Intern, Paris",Internship,Not Applicable,2025-11-20,cozycozy.com,https://www.cozycozy.com,,,,https://fr.linkedin.com/jobs/view/global-editorial-content-marketing-stage-intern-paris-at-cozycozy-com-4337099031?refId=TDT4kYD8Vj5nWFUYbH8V7g%3D%3D&trackingId=lQ3UhALmdZBf3pExPHbyxg%3D%3D&position=24&pageNum=0,5,Skipped,"Skipped: Role match but missing technical keywords: machine learning engineer intern, data scientist intern, ai engineer intern, research intern"
2026-02-07T23:35:32.498265,https://fr.linkedin.com/jobs/view/strategy-consultant-internship-private-equity-lyon-f-h-at-indefi-4325718969?refId=TDT4kYD8Vj5nWFUYbH8V7g%3D%3D&trackingId=bM17Rl%2BXmOa2EV%2F7H6pJZg%3D%3D&position=25&pageNum=0,Strategy Consultant Internship - Private Equity - Lyon F/H,Internship,Internship,2025-12-04,INDEFI,http://www.indefi.com,,,,https://fr.linkedin.com/jobs/view/strategy-consultant-internship-private-equity-lyon-f-h-at-indefi-4325718969?refId=TDT4kYD8Vj5nWFUYbH8V7g%3D%3D&trackingId=bM17Rl%2BXmOa2EV%2F7H6pJZg%3D%3D&position=25&pageNum=0,5,Skipped,"Skipped: Role match but missing technical keywords: machine learning engineer intern, data scientist intern, ai engineer intern, research intern"
2026-02-07T23:35:32.502519,https://fr.linkedin.com/jobs/view/revenue-operations-intern-at-swan-4329689579?refId=TDT4kYD8Vj5nWFUYbH8V7g%3D%3D&trackingId=tsDtDVlfh43mSk37a6Zqzw%3D%3D&position=22&pageNum=0,Revenue Operations Intern,Internship,Internship,2025-12-31,Swan,https://swan.io,,,,https://fr.linkedin.com/jobs/view/revenue-operations-intern-at-swan-4329689579?refId=TDT4kYD8Vj5nWFUYbH8V7g%3D%3D&trackingId=tsDtDVlfh43mSk37a6Zqzw%3D%3D&position=22&pageNum=0,5,Skipped,"Skipped: Role match but missing technical keywords: machine learning engineer intern, data scientist intern, ai engineer intern, research intern"
2026-02-07T23:35:32.506351,https://fr.linkedin.com/jobs/view/intern-global-talent-acquisition-project-management-h-f-at-lacoste-4297589491?refId=TDT4kYD8Vj5nWFUYbH8V7g%3D%3D&trackingId=DUZqCHP9qjh1Rx60ZJ29Yw%3D%3D&position=23&pageNum=0,Intern Global Talent Acquisition Project Management (H/F),Full-time,Not Applicable,2025-09-08,Lacoste,https://corporate.lacoste.com/,,,,https://fr.linkedin.com/jobs/view/intern-global-talent-acquisition-project-management-h-f-at-lacoste-4297589491?refId=TDT4kYD8Vj5nWFUYbH8V7g%3D%3D&trackingId=DUZqCHP9qjh1Rx60ZJ29Yw%3D%3D&position=23&pageNum=0,5,Skipped,"Skipped: Role match but missing technical keywords: machine learning engineer intern, data scientist intern, ai engineer intern, research intern"
2026-02-07T23:35:49.732814,https://fr.linkedin.com/jobs/view/global-editorial-content-marketing-stage-intern-paris-at-cozycozy-com-4337099031?refId=TDT4kYD8Vj5nWFUYbH8V7g%3D%3D&trackingId=lQ3UhALmdZBf3pExPHbyxg%3D%3D&position=24&pageNum=0,"Global Editorial Content Marketing Stage / Intern, Paris",Internship,Not Applicable,2025-11-20,cozycozy.com,https://www.cozycozy.com,,,,https://fr.linkedin.com/jobs/view/global-editorial-content-marketing-stage-intern-paris-at-cozycozy-com-4337099031?refId=TDT4kYD8Vj5nWFUYbH8V7g%3D%3D&trackingId=lQ3UhALmdZBf3pExPHbyxg%3D%3D&position=24&pageNum=0,5,Skipped,"Skipped: Role match but missing technical keywords: machine learning engineer intern, data scientist intern, ai engineer intern, research intern"
2026-02-07T23:35:49.735756,https://fr.linkedin.com/jobs/view/strategy-consultant-internship-private-equity-lyon-f-h-at-indefi-4325718969?refId=TDT4kYD8Vj5nWFUYbH8V7g%3D%3D&trackingId=bM17Rl%2BXmOa2EV%2F7H6pJZg%3D%3D&position=25&pageNum=0,Strategy Consultant Internship - Private Equity - Lyon F/H,Internship,Internship,2025-12-04,INDEFI,http://www.indefi.com,,,,https://fr.linkedin.com/jobs/view/strategy-consultant-internship-private-equity-lyon-f-h-at-indefi-4325718969?refId=TDT4kYD8Vj5nWFUYbH8V7g%3D%3D&trackingId=bM17Rl%2BXmOa2EV%2F7H6pJZg%3D%3D&position=25&pageNum=0,5,Skipped,"Skipped: Role match but missing technical keywords: machine learning engineer intern, data scientist intern, ai engineer intern, research intern"
2026-02-07T23:35:49.738808,https://fr.linkedin.com/jobs/view/revenue-operations-intern-at-swan-4329689579?refId=TDT4kYD8Vj5nWFUYbH8V7g%3D%3D&trackingId=tsDtDVlfh43mSk37a6Zqzw%3D%3D&position=22&pageNum=0,Revenue Operations Intern,Internship,Internship,2025-12-31,Swan,https://swan.io,,,,https://fr.linkedin.com/jobs/view/revenue-operations-intern-at-swan-4329689579?refId=TDT4kYD8Vj5nWFUYbH8V7g%3D%3D&trackingId=tsDtDVlfh43mSk37a6Zqzw%3D%3D&position=22&pageNum=0,5,Skipped,"Skipped: Role match but missing technical keywords: machine learning engineer intern, data scientist intern, ai engineer intern, research intern"
2026-02-07T23:35:49.740971,https://fr.linkedin.com/jobs/view/intern-global-talent-acquisition-project-management-h-f-at-lacoste-4297589491?refId=TDT4kYD8Vj5nWFUYbH8V7g%3D%3D&trackingId=DUZqCHP9qjh1Rx60ZJ29Yw%3D%3D&position=23&pageNum=0,Intern Global Talent Acquisition Project Management (H/F),Full-time,Not Applicable,2025-09-08,Lacoste,https://corporate.lacoste.com/,,,,https://fr.linkedin.com/jobs/view/intern-global-talent-acquisition-project-management-h-f-at-lacoste-4297589491?refId=TDT4kYD8Vj5nWFUYbH8V7g%3D%3D&trackingId=DUZqCHP9qjh1Rx60ZJ29Yw%3D%3D&position=23&pageNum=0,5,Skipped,"Skipped: Role match but missing technical keywords: machine learning engineer intern, data scientist intern, ai engineer intern, research intern"
2026-02-07T23:35:49.743218,https://fr.linkedin.com/jobs/view/stage-assistant-consultant-paid-social-h-f-at-dentsu-4345376920?refId=TDT4kYD8Vj5nWFUYbH8V7g%3D%3D&trackingId=lHI%2BQV8K2ZFZfoU57CmqdA%3D%3D&position=19&pageNum=0,STAGE - Assistant Consultant Paid Social H/F,Full-time,Internship,2026-01-12,dentsu,https://bit.ly/3lDa6Ff,,,,https://fr.linkedin.com/jobs/view/stage-assistant-consultant-paid-social-h-f-at-dentsu-4345376920?refId=TDT4kYD8Vj5nWFUYbH8V7g%3D%3D&trackingId=lHI%2BQV8K2ZFZfoU57CmqdA%3D%3D&position=19&pageNum=0,0,Skipped,Skipped: Job title 'STAGE - Assistant Consultant Paid Social H/F' doesn't match ML/Data keywords
2026-02-07T23:35:49.745846,https://fr.linkedin.com/jobs/view/oliver-wyman-stage-2a-polytechnique-paris-france-at-oliver-wyman-4359427349?refId=TDT4kYD8Vj5nWFUYbH8V7g%3D%3D&trackingId=E0XVYRIzueZ%2B6SSqXnCXzg%3D%3D&position=20&pageNum=0,Oliver Wyman - Stage 2A Polytechnique - Paris (France),Internship,Not Applicable,2026-01-31,Oliver Wyman,http://www.oliverwyman.com,,,,https://fr.linkedin.com/jobs/view/oliver-wyman-stage-2a-polytechnique-paris-france-at-oliver-wyman-4359427349?refId=TDT4kYD8Vj5nWFUYbH8V7g%3D%3D&trackingId=E0XVYRIzueZ%2B6SSqXnCXzg%3D%3D&position=20&pageNum=0,0,Skipped,Skipped: Job title 'Oliver Wyman - Stage 2A Polytechnique - Paris (France)' doesn't match ML/Data keywords
2026-02-07T23:35:49.749087,https://fr.linkedin.com/jobs/view/stage-marketing-operations-f-h-at-worldline-4332768064?refId=TDT4kYD8Vj5nWFUYbH8V7g%3D%3D&trackingId=6nDVxO%2FZXrKmawzQxLkpLA%3D%3D&position=21&pageNum=0,Stage - Marketing Operations (F/H),Internship,Entry level,2026-02-06,Worldline,http://worldline.com,,,,https://fr.linkedin.com/jobs/view/stage-marketing-operations-f-h-at-worldline-4332768064?refId=TDT4kYD8Vj5nWFUYbH8V7g%3D%3D&trackingId=6nDVxO%2FZXrKmawzQxLkpLA%3D%3D&position=21&pageNum=0,0,Skipped,Skipped: Job title 'Stage - Marketing Operations (F/H)' doesn't match ML/Data keywords
2026-02-07T23:35:49.751695,https://fr.linkedin.com/jobs/view/kering-data-product-owner-stage-at-kering-4361320470?refId=TDT4kYD8Vj5nWFUYbH8V7g%3D%3D&trackingId=vtgAwIhg5Q0oIIwmHJbk7g%3D%3D&position=18&pageNum=0,KERING Data Product Owner (stage),Full-time,Internship,2026-01-13,Kering,https://www.kering.com/en,,,,https://fr.linkedin.com/jobs/view/kering-data-product-owner-stage-at-kering-4361320470?refId=TDT4kYD8Vj5nWFUYbH8V7g%3D%3D&trackingId=vtgAwIhg5Q0oIIwmHJbk7g%3D%3D&position=18&pageNum=0,5,Skipped,Skipped: Role match but missing technical keywords: data scientist intern
2026-02-07T23:35:49.754065,https://fr.linkedin.com/jobs/view/intern-web-editor-gq-at-cond%C3%A9-nast-4362960775?refId=TDT4kYD8Vj5nWFUYbH8V7g%3D%3D&trackingId=%2B%2FOY0Lc%2FB8PxGrRC33p4xQ%3D%3D&position=14&pageNum=0,Intern Web Editor GQ,Full-time,Internship,2026-02-05,Condé Nast,http://www.condenast.com,,,,https://fr.linkedin.com/jobs/view/intern-web-editor-gq-at-cond%C3%A9-nast-4362960775?refId=TDT4kYD8Vj5nWFUYbH8V7g%3D%3D&trackingId=%2B%2FOY0Lc%2FB8PxGrRC33p4xQ%3D%3D&position=14&pageNum=0,5,Skipped,"Skipped: Role match but missing technical keywords: machine learning engineer intern, data scientist intern, ai engineer intern, research intern"
2026-02-07T23:35:49.756832,https://fr.linkedin.com/jobs/view/stage-global-strategy-intern-h-f-at-edenred-4365982064?refId=TDT4kYD8Vj5nWFUYbH8V7g%3D%3D&trackingId=OBeWqKSWvLIT7If%2F6w1VSA%3D%3D&position=16&pageNum=0,Stage - Global Strategy Intern (H/F),Internship,Internship,2026-01-27,Edenred,https://www.edenred.com,,,,https://fr.linkedin.com/jobs/view/stage-global-strategy-intern-h-f-at-edenred-4365982064?refId=TDT4kYD8Vj5nWFUYbH8V7g%3D%3D&trackingId=OBeWqKSWvLIT7If%2F6w1VSA%3D%3D&position=16&pageNum=0,5,Skipped,"Skipped: Role match but missing technical keywords: machine learning engineer intern, data scientist intern, ai engineer intern, research intern"
2026-02-07T23:35:49.759013,https://fr.linkedin.com/jobs/view/strategy-consultant-internship-private-equity-paris-f-h-at-indefi-4362145931?refId=TDT4kYD8Vj5nWFUYbH8V7g%3D%3D&trackingId=kluoyr6MdGCacE0v0JN1pA%3D%3D&position=13&pageNum=0,Strategy Consultant Internship - Private Equity - Paris F/H,Internship,Internship,2026-01-22,INDEFI,http://www.indefi.com,,,,https://fr.linkedin.com/jobs/view/strategy-consultant-internship-private-equity-paris-f-h-at-indefi-4362145931?refId=TDT4kYD8Vj5nWFUYbH8V7g%3D%3D&trackingId=kluoyr6MdGCacE0v0JN1pA%3D%3D&position=13&pageNum=0,5,Skipped,"Skipped: Role match but missing technical keywords: machine learning engineer intern, data scientist intern, ai engineer intern, research intern"
2026-02-07T23:35:49.761114,https://fr.linkedin.com/jobs/view/corporate-strategy-analyst-stage-paris-at-papernest-4367849121?refId=TDT4kYD8Vj5nWFUYbH8V7g%3D%3D&trackingId=AeFL6bExzQ8Ks95jWICv5A%3D%3D&position=17&pageNum=0,Corporate Strategy Analyst - Stage - Paris,Other,Not Applicable,2026-01-21,papernest,http://www.papernest.com,,,,https://fr.linkedin.com/jobs/view/corporate-strategy-analyst-stage-paris-at-papernest-4367849121?refId=TDT4kYD8Vj5nWFUYbH8V7g%3D%3D&trackingId=AeFL6bExzQ8Ks95jWICv5A%3D%3D&position=17&pageNum=0,0,Skipped,Skipped: Job title 'Corporate Strategy Analyst - Stage - Paris' doesn't match ML/Data keywords
2026-02-07T23:35:59.132664,https://fr.linkedin.com/jobs/view/data-analyst-assistant-operations-europe-stage-f-h-at-christian-dior-couture-4328475713?refId=TDT4kYD8Vj5nWFUYbH8V7g%3D%3D&trackingId=cAzGvHA2yNHZ2ccVYquH8w%3D%3D&position=8&pageNum=0,Data Analyst Assistant Operations Europe - Stage F/H,Full-time,Internship,2026-02-02,Christian Dior Couture,https://www.dior.com/carrieres/index.html,,,,https://fr.linkedin.com/jobs/view/data-analyst-assistant-operations-europe-stage-f-h-at-christian-dior-couture-4328475713?refId=TDT4kYD8Vj5nWFUYbH8V7g%3D%3D&trackingId=cAzGvHA2yNHZ2ccVYquH8w%3D%3D&position=8&pageNum=0,5,Skipped,Skipped: Role match but missing technical keywords: data scientist intern
2026-02-07T23:35:59.135134,https://fr.linkedin.com/jobs/view/vc-analyst-intern-at-wind-4353019038?refId=TDT4kYD8Vj5nWFUYbH8V7g%3D%3D&trackingId=iu%2B3C4iBlyDkhbup6EqcXw%3D%3D&position=12&pageNum=0,VC Analyst Intern,Internship,Internship,2026-01-15,Wind,http://wind.capital,,,,https://fr.linkedin.com/jobs/view/vc-analyst-intern-at-wind-4353019038?refId=TDT4kYD8Vj5nWFUYbH8V7g%3D%3D&trackingId=iu%2B3C4iBlyDkhbup6EqcXw%3D%3D&position=12&pageNum=0,5,Skipped,"Skipped: Role match but missing technical keywords: machine learning engineer intern, data scientist intern, ai engineer intern, research intern"
2026-02-07T23:35:59.137939,https://fr.linkedin.com/jobs/view/internship-chief-of-staff-at-twoway-4357429590?refId=TDT4kYD8Vj5nWFUYbH8V7g%3D%3D&trackingId=2%2FgPiHY1i%2Fy2o5AyZdxKrQ%3D%3D&position=9&pageNum=0,[Internship] Chief of Staff,Internship,Internship,2026-02-03,TwoWay,https://www.twoway.finance/,,,,https://fr.linkedin.com/jobs/view/internship-chief-of-staff-at-twoway-4357429590?refId=TDT4kYD8Vj5nWFUYbH8V7g%3D%3D&trackingId=2%2FgPiHY1i%2Fy2o5AyZdxKrQ%3D%3D&position=9&pageNum=0,5,Skipped,"Skipped: Role match but missing technical keywords: machine learning engineer intern, data scientist intern, ai engineer intern, research intern"
2026-02-07T23:35:59.147607,https://fr.linkedin.com/jobs/view/founder-associate-intern-at-n%C5%ABmi%C2%AE-4336590083?refId=TDT4kYD8Vj5nWFUYbH8V7g%3D%3D&trackingId=4U5L%2FZ5zntj%2BBZdRIH36AQ%3D%3D&position=10&pageNum=0,Founder associate intern,Internship,Internship,2025-10-23,Nūmi®,https://www.numi.life/,,,,https://fr.linkedin.com/jobs/view/founder-associate-intern-at-n%C5%ABmi%C2%AE-4336590083?refId=TDT4kYD8Vj5nWFUYbH8V7g%3D%3D&trackingId=4U5L%2FZ5zntj%2BBZdRIH36AQ%3D%3D&position=10&pageNum=0,5,Skipped,"Skipped: Role match but missing technical keywords: machine learning engineer intern, data scientist intern, ai engineer intern, research intern"
2026-02-07T23:35:59.150533,https://fr.linkedin.com/jobs/view/technology-growth-equity-investment-intern-starting-july-september-2026-for-6-months-at-revaia-4365517336?refId=TDT4kYD8Vj5nWFUYbH8V7g%3D%3D&trackingId=%2BhBFhY4DJR9%2F1H%2FQuyE9Ug%3D%3D&position=11&pageNum=0,Technology Growth Equity - Investment Intern - Starting July/September 2026 for 6 months,Internship,Internship,2026-01-23,Revaia,https://revaia.com,,,,https://fr.linkedin.com/jobs/view/technology-growth-equity-investment-intern-starting-july-september-2026-for-6-months-at-revaia-4365517336?refId=TDT4kYD8Vj5nWFUYbH8V7g%3D%3D&trackingId=%2BhBFhY4DJR9%2F1H%2FQuyE9Ug%3D%3D&position=11&pageNum=0,5,Skipped,"Skipped: Role match but missing technical keywords: machine learning engineer intern, data scientist intern, ai engineer intern, research intern"
2026-02-07T23:35:59.154232,https://fr.linkedin.com/jobs/view/intern-chinese-project-analyst-h-f-at-richemont-4360856769?refId=TDT4kYD8Vj5nWFUYbH8V7g%3D%3D&trackingId=9JI8hZwggGaIYhkx91%2BsXQ%3D%3D&position=6&pageNum=0,Intern - Chinese Project Analyst (H/F),Full-time,Internship,2026-01-19,Richemont,http://www.richemont.com/,,,,https://fr.linkedin.com/jobs/view/intern-chinese-project-analyst-h-f-at-richemont-4360856769?refId=TDT4kYD8Vj5nWFUYbH8V7g%3D%3D&trackingId=9JI8hZwggGaIYhkx91%2BsXQ%3D%3D&position=6&pageNum=0,5,Skipped,"Skipped: Role match but missing technical keywords: machine learning engineer intern, data scientist intern, ai engineer intern, research intern"
2026-02-07T23:35:59.158352,https://fr.linkedin.com/jobs/view/stage-marketing-analyst-consumer-insight-h-f-at-richemont-4368757407?refId=TDT4kYD8Vj5nWFUYbH8V7g%3D%3D&trackingId=%2FLkfwuAKrZxpVBMAoDYudg%3D%3D&position=5&pageNum=0,Stage - Marketing Analyst Consumer Insight (H/F),Full-time,Internship,2026-02-04,Richemont,http://www.richemont.com/,,,,https://fr.linkedin.com/jobs/view/stage-marketing-analyst-consumer-insight-h-f-at-richemont-4368757407?refId=TDT4kYD8Vj5nWFUYbH8V7g%3D%3D&trackingId=%2FLkfwuAKrZxpVBMAoDYudg%3D%3D&position=5&pageNum=0,0,Skipped,Skipped: Job title 'Stage - Marketing Analyst Consumer Insight (H/F)' doesn't match ML/Data keywords
2026-02-07T23:35:59.161869,https://fr.linkedin.com/jobs/view/software-engineering-full-stack-intern-in-sydney-australia-at-inautalent-4366978981?refId=TDT4kYD8Vj5nWFUYbH8V7g%3D%3D&trackingId=2pKtRIGC4A%2FcHqrFOf89uA%3D%3D&position=3&pageNum=0,"Software Engineering (Full-Stack) Intern - in Sydney, Australia",Full-time,Internship,2026-01-29,INAUTALENT,https://inautalent.com/,,,,https://fr.linkedin.com/jobs/view/software-engineering-full-stack-intern-in-sydney-australia-at-inautalent-4366978981?refId=TDT4kYD8Vj5nWFUYbH8V7g%3D%3D&trackingId=2pKtRIGC4A%2FcHqrFOf89uA%3D%3D&position=3&pageNum=0,5,Skipped,"Skipped: Role match but missing technical keywords: machine learning engineer intern, data scientist intern, ai engineer intern, research intern"
2026-02-07T23:35:59.166082,https://fr.linkedin.com/jobs/view/stage-assistant-e-chef-de-projet-marketing-ev%C3%A8nementiel-horlogerie-joaillerie-europe-juillet-2026-at-chanel-4329220344?refId=TDT4kYD8Vj5nWFUYbH8V7g%3D%3D&trackingId=9adg51Ng8zLXDyPSTfoiYg%3D%3D&position=1&pageNum=0,STAGE - Assistant(e) Chef de Projet Marketing & Evènementiel - Horlogerie Joaillerie EUROPE - Juillet 2026,Full-time,Internship,2026-02-04,CHANEL,http://www.chanel.com,,,,https://fr.linkedin.com/jobs/view/stage-assistant-e-chef-de-projet-marketing-ev%C3%A8nementiel-horlogerie-joaillerie-europe-juillet-2026-at-chanel-4329220344?refId=TDT4kYD8Vj5nWFUYbH8V7g%3D%3D&trackingId=9adg51Ng8zLXDyPSTfoiYg%3D%3D&position=1&pageNum=0,0,Skipped,Skipped: Job title 'STAGE - Assistant(e) Chef de Projet Marketing & Evènementiel - Horlogerie Joaillerie EUROPE - Juillet 2026' doesn't match ML/Data keywords
2026-02-07T23:35:59.170245,https://fr.linkedin.com/jobs/view/software-engineering-full-stack-intern-in-sydney-australia-at-inautalent-4366981885?refId=TDT4kYD8Vj5nWFUYbH8V7g%3D%3D&trackingId=Sqw4SyVslZJNoNVxLEdZNA%3D%3D&position=4&pageNum=0,"Software Engineering (Full-Stack) Intern - in Sydney, Australia",Full-time,Internship,2026-01-29,INAUTALENT,https://inautalent.com/,,,,https://fr.linkedin.com/jobs/view/software-engineering-full-stack-intern-in-sydney-australia-at-inautalent-4366981885?refId=TDT4kYD8Vj5nWFUYbH8V7g%3D%3D&trackingId=Sqw4SyVslZJNoNVxLEdZNA%3D%3D&position=4&pageNum=0,5,Skipped,"Skipped: Role match but missing technical keywords: machine learning engineer intern, data scientist intern, ai engineer intern, research intern"
2026-02-07T23:35:59.174876,https://fr.linkedin.com/jobs/view/stage-controlling-global-h-f-at-urgo-medical-4368275622?refId=TDT4kYD8Vj5nWFUYbH8V7g%3D%3D&trackingId=KyeLz%2FCnjBf4JvooFWukkw%3D%3D&position=7&pageNum=0,Stage Controlling Global (H/F),Internship,Internship,2026-02-03,Urgo Medical,http://urgomedical.com,,,,https://fr.linkedin.com/jobs/view/stage-controlling-global-h-f-at-urgo-medical-4368275622?refId=TDT4kYD8Vj5nWFUYbH8V7g%3D%3D&trackingId=KyeLz%2FCnjBf4JvooFWukkw%3D%3D&position=7&pageNum=0,0,Skipped,Skipped: Job title 'Stage Controlling Global (H/F)' doesn't match ML/Data keywords
2026-02-07T23:35:59.178727,https://fr.linkedin.com/jobs/view/solutions-engineer-intern-at-bigblue-4332308160?refId=yFhH1xivIxDLvR09urA0ew%3D%3D&trackingId=a21eGsX%2BTYhkExJy2sNeyg%3D%3D&position=7&pageNum=1,Solutions Engineer intern,Internship,Not Applicable,2025-10-27,Bigblue,https://www.bigblue.co/,,,,https://fr.linkedin.com/jobs/view/solutions-engineer-intern-at-bigblue-4332308160?refId=yFhH1xivIxDLvR09urA0ew%3D%3D&trackingId=a21eGsX%2BTYhkExJy2sNeyg%3D%3D&position=7&pageNum=1,5,Skipped,"Skipped: Role match but missing technical keywords: machine learning engineer intern, data scientist intern, ai engineer intern, research intern"
2026-02-07T23:35:59.183088,https://fr.linkedin.com/jobs/view/operations-intern-r%C3%A9gion-centre-start-date-2026-at-amazon-4308670140?refId=yFhH1xivIxDLvR09urA0ew%3D%3D&trackingId=fMAlcvvNor83YcvyLt5BwQ%3D%3D&position=24&pageNum=1,Operations Intern - Région Centre - Start Date 2026,Full-time,Internship,2026-02-05,Amazon,https://www.aboutamazon.com/,,,,https://fr.linkedin.com/jobs/view/operations-intern-r%C3%A9gion-centre-start-date-2026-at-amazon-4308670140?refId=yFhH1xivIxDLvR09urA0ew%3D%3D&trackingId=fMAlcvvNor83YcvyLt5BwQ%3D%3D&position=24&pageNum=1,5,Skipped,"Skipped: Role match but missing technical keywords: machine learning engineer intern, data scientist intern, ai engineer intern, research intern"
2026-02-07T23:35:59.187071,https://fr.linkedin.com/jobs/view/intern-film-grain-analysis-at-interdigital-inc-4365350699?refId=yFhH1xivIxDLvR09urA0ew%3D%3D&trackingId=TTufTbIQwywO9TStZrC9gw%3D%3D&position=8&pageNum=1,"Intern, Film Grain Analysis",Internship,Internship,2026-01-22,"InterDigital, Inc.",http://www.interdigital.com,,,,https://fr.linkedin.com/jobs/view/intern-film-grain-analysis-at-interdigital-inc-4365350699?refId=yFhH1xivIxDLvR09urA0ew%3D%3D&trackingId=TTufTbIQwywO9TStZrC9gw%3D%3D&position=8&pageNum=1,5,Skipped,"Skipped: Role match but missing technical keywords: machine learning engineer intern, data scientist intern, ai engineer intern, research intern"
2026-02-07T23:35:59.190309,https://fr.linkedin.com/jobs/view/stage-aliad-venture-capital-operations-controller-intern-h-f-at-air-liquide-4369972084?refId=yFhH1xivIxDLvR09urA0ew%3D%3D&trackingId=iM%2Bhd5m4KtnVVwqxNEa3XQ%3D%3D&position=25&pageNum=1,Stage - ALIAD - Venture Capital & Operations Controller Intern H/F,Full-time,Internship,2026-02-06,Air Liquide,http://www.airliquide.com,,,,https://fr.linkedin.com/jobs/view/stage-aliad-venture-capital-operations-controller-intern-h-f-at-air-liquide-4369972084?refId=yFhH1xivIxDLvR09urA0ew%3D%3D&trackingId=iM%2Bhd5m4KtnVVwqxNEa3XQ%3D%3D&position=25&pageNum=1,5,Skipped,"Skipped: Role match but missing technical keywords: machine learning engineer intern, data scientist intern, ai engineer intern, research intern"
2026-02-07T23:43:46.738411,https://fr.linkedin.com/jobs/view/global-editorial-content-marketing-stage-intern-paris-at-cozycozy-com-4337099031?refId=TDT4kYD8Vj5nWFUYbH8V7g%3D%3D&trackingId=lQ3UhALmdZBf3pExPHbyxg%3D%3D&position=24&pageNum=0,"Global Editorial Content Marketing Stage / Intern, Paris",Internship,Not Applicable,2025-11-20,cozycozy.com,https://www.cozycozy.com,,,,https://fr.linkedin.com/jobs/view/global-editorial-content-marketing-stage-intern-paris-at-cozycozy-com-4337099031?refId=TDT4kYD8Vj5nWFUYbH8V7g%3D%3D&trackingId=lQ3UhALmdZBf3pExPHbyxg%3D%3D&position=24&pageNum=0,5,Skipped,"Skipped: Role match but missing technical keywords: machine learning engineer intern, data scientist intern, ai engineer intern, research intern"
2026-02-07T23:43:46.743501,https://fr.linkedin.com/jobs/view/strategy-consultant-internship-private-equity-lyon-f-h-at-indefi-4325718969?refId=TDT4kYD8Vj5nWFUYbH8V7g%3D%3D&trackingId=bM17Rl%2BXmOa2EV%2F7H6pJZg%3D%3D&position=25&pageNum=0,Strategy Consultant Internship - Private Equity - Lyon F/H,Internship,Internship,2025-12-04,INDEFI,http://www.indefi.com,,,,https://fr.linkedin.com/jobs/view/strategy-consultant-internship-private-equity-lyon-f-h-at-indefi-4325718969?refId=TDT4kYD8Vj5nWFUYbH8V7g%3D%3D&trackingId=bM17Rl%2BXmOa2EV%2F7H6pJZg%3D%3D&position=25&pageNum=0,5,Skipped,"Skipped: Role match but missing technical keywords: machine learning engineer intern, data scientist intern, ai engineer intern, research intern"
2026-02-07T23:43:46.748385,https://fr.linkedin.com/jobs/view/revenue-operations-intern-at-swan-4329689579?refId=TDT4kYD8Vj5nWFUYbH8V7g%3D%3D&trackingId=tsDtDVlfh43mSk37a6Zqzw%3D%3D&position=22&pageNum=0,Revenue Operations Intern,Internship,Internship,2025-12-31,Swan,https://swan.io,,,,https://fr.linkedin.com/jobs/view/revenue-operations-intern-at-swan-4329689579?refId=TDT4kYD8Vj5nWFUYbH8V7g%3D%3D&trackingId=tsDtDVlfh43mSk37a6Zqzw%3D%3D&position=22&pageNum=0,5,Skipped,"Skipped: Role match but missing technical keywords: machine learning engineer intern, data scientist intern, ai engineer intern, research intern"
2026-02-07T23:43:46.753024,https://fr.linkedin.com/jobs/view/intern-global-talent-acquisition-project-management-h-f-at-lacoste-4297589491?refId=TDT4kYD8Vj5nWFUYbH8V7g%3D%3D&trackingId=DUZqCHP9qjh1Rx60ZJ29Yw%3D%3D&position=23&pageNum=0,Intern Global Talent Acquisition Project Management (H/F),Full-time,Not Applicable,2025-09-08,Lacoste,https://corporate.lacoste.com/,,,,https://fr.linkedin.com/jobs/view/intern-global-talent-acquisition-project-management-h-f-at-lacoste-4297589491?refId=TDT4kYD8Vj5nWFUYbH8V7g%3D%3D&trackingId=DUZqCHP9qjh1Rx60ZJ29Yw%3D%3D&position=23&pageNum=0,5,Skipped,"Skipped: Role match but missing technical keywords: machine learning engineer intern, data scientist intern, ai engineer intern, research intern"
2026-02-07T23:43:46.758216,https://fr.linkedin.com/jobs/view/stage-assistant-consultant-paid-social-h-f-at-dentsu-4345376920?refId=TDT4kYD8Vj5nWFUYbH8V7g%3D%3D&trackingId=lHI%2BQV8K2ZFZfoU57CmqdA%3D%3D&position=19&pageNum=0,STAGE - Assistant Consultant Paid Social H/F,Full-time,Internship,2026-01-12,dentsu,https://bit.ly/3lDa6Ff,,,,https://fr.linkedin.com/jobs/view/stage-assistant-consultant-paid-social-h-f-at-dentsu-4345376920?refId=TDT4kYD8Vj5nWFUYbH8V7g%3D%3D&trackingId=lHI%2BQV8K2ZFZfoU57CmqdA%3D%3D&position=19&pageNum=0,0,Skipped,Skipped: Job title 'STAGE - Assistant Consultant Paid Social H/F' doesn't match ML/Data keywords
2026-02-07T23:43:46.764908,https://fr.linkedin.com/jobs/view/oliver-wyman-stage-2a-polytechnique-paris-france-at-oliver-wyman-4359427349?refId=TDT4kYD8Vj5nWFUYbH8V7g%3D%3D&trackingId=E0XVYRIzueZ%2B6SSqXnCXzg%3D%3D&position=20&pageNum=0,Oliver Wyman - Stage 2A Polytechnique - Paris (France),Internship,Not Applicable,2026-01-31,Oliver Wyman,http://www.oliverwyman.com,,,,https://fr.linkedin.com/jobs/view/oliver-wyman-stage-2a-polytechnique-paris-france-at-oliver-wyman-4359427349?refId=TDT4kYD8Vj5nWFUYbH8V7g%3D%3D&trackingId=E0XVYRIzueZ%2B6SSqXnCXzg%3D%3D&position=20&pageNum=0,0,Skipped,Skipped: Job title 'Oliver Wyman - Stage 2A Polytechnique - Paris (France)' doesn't match ML/Data keywords
2026-02-07T23:43:46.770413,https://fr.linkedin.com/jobs/view/stage-marketing-operations-f-h-at-worldline-4332768064?refId=TDT4kYD8Vj5nWFUYbH8V7g%3D%3D&trackingId=6nDVxO%2FZXrKmawzQxLkpLA%3D%3D&position=21&pageNum=0,Stage - Marketing Operations (F/H),Internship,Entry level,2026-02-06,Worldline,http://worldline.com,,,,https://fr.linkedin.com/jobs/view/stage-marketing-operations-f-h-at-worldline-4332768064?refId=TDT4kYD8Vj5nWFUYbH8V7g%3D%3D&trackingId=6nDVxO%2FZXrKmawzQxLkpLA%3D%3D&position=21&pageNum=0,0,Skipped,Skipped: Job title 'Stage - Marketing Operations (F/H)' doesn't match ML/Data keywords
2026-02-07T23:43:46.777104,https://fr.linkedin.com/jobs/view/kering-data-product-owner-stage-at-kering-4361320470?refId=TDT4kYD8Vj5nWFUYbH8V7g%3D%3D&trackingId=vtgAwIhg5Q0oIIwmHJbk7g%3D%3D&position=18&pageNum=0,KERING Data Product Owner (stage),Full-time,Internship,2026-01-13,Kering,https://www.kering.com/en,,,,https://fr.linkedin.com/jobs/view/kering-data-product-owner-stage-at-kering-4361320470?refId=TDT4kYD8Vj5nWFUYbH8V7g%3D%3D&trackingId=vtgAwIhg5Q0oIIwmHJbk7g%3D%3D&position=18&pageNum=0,5,Skipped,Skipped: Role match but missing technical keywords: data scientist intern
2026-02-07T23:43:46.781918,https://fr.linkedin.com/jobs/view/intern-web-editor-gq-at-cond%C3%A9-nast-4362960775?refId=TDT4kYD8Vj5nWFUYbH8V7g%3D%3D&trackingId=%2B%2FOY0Lc%2FB8PxGrRC33p4xQ%3D%3D&position=14&pageNum=0,Intern Web Editor GQ,Full-time,Internship,2026-02-05,Condé Nast,http://www.condenast.com,,,,https://fr.linkedin.com/jobs/view/intern-web-editor-gq-at-cond%C3%A9-nast-4362960775?refId=TDT4kYD8Vj5nWFUYbH8V7g%3D%3D&trackingId=%2B%2FOY0Lc%2FB8PxGrRC33p4xQ%3D%3D&position=14&pageNum=0,5,Skipped,"Skipped: Role match but missing technical keywords: machine learning engineer intern, data scientist intern, ai engineer intern, research intern"
2026-02-07T23:43:46.787065,https://fr.linkedin.com/jobs/view/stage-global-strategy-intern-h-f-at-edenred-4365982064?refId=TDT4kYD8Vj5nWFUYbH8V7g%3D%3D&trackingId=OBeWqKSWvLIT7If%2F6w1VSA%3D%3D&position=16&pageNum=0,Stage - Global Strategy Intern (H/F),Internship,Internship,2026-01-27,Edenred,https://www.edenred.com,,,,https://fr.linkedin.com/jobs/view/stage-global-strategy-intern-h-f-at-edenred-4365982064?refId=TDT4kYD8Vj5nWFUYbH8V7g%3D%3D&trackingId=OBeWqKSWvLIT7If%2F6w1VSA%3D%3D&position=16&pageNum=0,5,Skipped,"Skipped: Role match but missing technical keywords: machine learning engineer intern, data scientist intern, ai engineer intern, research intern"
2026-02-07T23:43:46.791351,https://fr.linkedin.com/jobs/view/strategy-consultant-internship-private-equity-paris-f-h-at-indefi-4362145931?refId=TDT4kYD8Vj5nWFUYbH8V7g%3D%3D&trackingId=kluoyr6MdGCacE0v0JN1pA%3D%3D&position=13&pageNum=0,Strategy Consultant Internship - Private Equity - Paris F/H,Internship,Internship,2026-01-22,INDEFI,http://www.indefi.com,,,,https://fr.linkedin.com/jobs/view/strategy-consultant-internship-private-equity-paris-f-h-at-indefi-4362145931?refId=TDT4kYD8Vj5nWFUYbH8V7g%3D%3D&trackingId=kluoyr6MdGCacE0v0JN1pA%3D%3D&position=13&pageNum=0,5,Skipped,"Skipped: Role match but missing technical keywords: machine learning engineer intern, data scientist intern, ai engineer intern, research intern"
2026-02-07T23:43:46.797385,https://fr.linkedin.com/jobs/view/corporate-strategy-analyst-stage-paris-at-papernest-4367849121?refId=TDT4kYD8Vj5nWFUYbH8V7g%3D%3D&trackingId=AeFL6bExzQ8Ks95jWICv5A%3D%3D&position=17&pageNum=0,Corporate Strategy Analyst - Stage - Paris,Other,Not Applicable,2026-01-21,papernest,http://www.papernest.com,,,,https://fr.linkedin.com/jobs/view/corporate-strategy-analyst-stage-paris-at-papernest-4367849121?refId=TDT4kYD8Vj5nWFUYbH8V7g%3D%3D&trackingId=AeFL6bExzQ8Ks95jWICv5A%3D%3D&position=17&pageNum=0,0,Skipped,Skipped: Job title 'Corporate Strategy Analyst - Stage - Paris' doesn't match ML/Data keywords
2026-02-07T23:43:56.256433,https://fr.linkedin.com/jobs/view/data-analyst-assistant-operations-europe-stage-f-h-at-christian-dior-couture-4328475713?refId=TDT4kYD8Vj5nWFUYbH8V7g%3D%3D&trackingId=cAzGvHA2yNHZ2ccVYquH8w%3D%3D&position=8&pageNum=0,Data Analyst Assistant Operations Europe - Stage F/H,Full-time,Internship,2026-02-02,Christian Dior Couture,https://www.dior.com/carrieres/index.html,,,,https://fr.linkedin.com/jobs/view/data-analyst-assistant-operations-europe-stage-f-h-at-christian-dior-couture-4328475713?refId=TDT4kYD8Vj5nWFUYbH8V7g%3D%3D&trackingId=cAzGvHA2yNHZ2ccVYquH8w%3D%3D&position=8&pageNum=0,5,Skipped,Skipped: Role match but missing technical keywords: data scientist intern
2026-02-07T23:43:56.261809,https://fr.linkedin.com/jobs/view/vc-analyst-intern-at-wind-4353019038?refId=TDT4kYD8Vj5nWFUYbH8V7g%3D%3D&trackingId=iu%2B3C4iBlyDkhbup6EqcXw%3D%3D&position=12&pageNum=0,VC Analyst Intern,Internship,Internship,2026-01-15,Wind,http://wind.capital,,,,https://fr.linkedin.com/jobs/view/vc-analyst-intern-at-wind-4353019038?refId=TDT4kYD8Vj5nWFUYbH8V7g%3D%3D&trackingId=iu%2B3C4iBlyDkhbup6EqcXw%3D%3D&position=12&pageNum=0,5,Skipped,"Skipped: Role match but missing technical keywords: machine learning engineer intern, data scientist intern, ai engineer intern, research intern"
2026-02-07T23:43:56.265760,https://fr.linkedin.com/jobs/view/internship-chief-of-staff-at-twoway-4357429590?refId=TDT4kYD8Vj5nWFUYbH8V7g%3D%3D&trackingId=2%2FgPiHY1i%2Fy2o5AyZdxKrQ%3D%3D&position=9&pageNum=0,[Internship] Chief of Staff,Internship,Internship,2026-02-03,TwoWay,https://www.twoway.finance/,,,,https://fr.linkedin.com/jobs/view/internship-chief-of-staff-at-twoway-4357429590?refId=TDT4kYD8Vj5nWFUYbH8V7g%3D%3D&trackingId=2%2FgPiHY1i%2Fy2o5AyZdxKrQ%3D%3D&position=9&pageNum=0,5,Skipped,"Skipped: Role match but missing technical keywords: machine learning engineer intern, data scientist intern, ai engineer intern, research intern"
2026-02-07T23:43:56.270040,https://fr.linkedin.com/jobs/view/founder-associate-intern-at-n%C5%ABmi%C2%AE-4336590083?refId=TDT4kYD8Vj5nWFUYbH8V7g%3D%3D&trackingId=4U5L%2FZ5zntj%2BBZdRIH36AQ%3D%3D&position=10&pageNum=0,Founder associate intern,Internship,Internship,2025-10-23,Nūmi®,https://www.numi.life/,,,,https://fr.linkedin.com/jobs/view/founder-associate-intern-at-n%C5%ABmi%C2%AE-4336590083?refId=TDT4kYD8Vj5nWFUYbH8V7g%3D%3D&trackingId=4U5L%2FZ5zntj%2BBZdRIH36AQ%3D%3D&position=10&pageNum=0,5,Skipped,"Skipped: Role match but missing technical keywords: machine learning engineer intern, data scientist intern, ai engineer intern, research intern"
2026-02-07T23:43:56.275053,https://fr.linkedin.com/jobs/view/technology-growth-equity-investment-intern-starting-july-september-2026-for-6-months-at-revaia-4365517336?refId=TDT4kYD8Vj5nWFUYbH8V7g%3D%3D&trackingId=%2BhBFhY4DJR9%2F1H%2FQuyE9Ug%3D%3D&position=11&pageNum=0,Technology Growth Equity - Investment Intern - Starting July/September 2026 for 6 months,Internship,Internship,2026-01-23,Revaia,https://revaia.com,,,,https://fr.linkedin.com/jobs/view/technology-growth-equity-investment-intern-starting-july-september-2026-for-6-months-at-revaia-4365517336?refId=TDT4kYD8Vj5nWFUYbH8V7g%3D%3D&trackingId=%2BhBFhY4DJR9%2F1H%2FQuyE9Ug%3D%3D&position=11&pageNum=0,5,Skipped,"Skipped: Role match but missing technical keywords: machine learning engineer intern, data scientist intern, ai engineer intern, research intern"
2026-02-07T23:43:56.280350,https://fr.linkedin.com/jobs/view/intern-chinese-project-analyst-h-f-at-richemont-4360856769?refId=TDT4kYD8Vj5nWFUYbH8V7g%3D%3D&trackingId=9JI8hZwggGaIYhkx91%2BsXQ%3D%3D&position=6&pageNum=0,Intern - Chinese Project Analyst (H/F),Full-time,Internship,2026-01-19,Richemont,http://www.richemont.com/,,,,https://fr.linkedin.com/jobs/view/intern-chinese-project-analyst-h-f-at-richemont-4360856769?refId=TDT4kYD8Vj5nWFUYbH8V7g%3D%3D&trackingId=9JI8hZwggGaIYhkx91%2BsXQ%3D%3D&position=6&pageNum=0,5,Skipped,"Skipped: Role match but missing technical keywords: machine learning engineer intern, data scientist intern, ai engineer intern, research intern"
2026-02-07T23:43:56.285956,https://fr.linkedin.com/jobs/view/stage-marketing-analyst-consumer-insight-h-f-at-richemont-4368757407?refId=TDT4kYD8Vj5nWFUYbH8V7g%3D%3D&trackingId=%2FLkfwuAKrZxpVBMAoDYudg%3D%3D&position=5&pageNum=0,Stage - Marketing Analyst Consumer Insight (H/F),Full-time,Internship,2026-02-04,Richemont,http://www.richemont.com/,,,,https://fr.linkedin.com/jobs/view/stage-marketing-analyst-consumer-insight-h-f-at-richemont-4368757407?refId=TDT4kYD8Vj5nWFUYbH8V7g%3D%3D&trackingId=%2FLkfwuAKrZxpVBMAoDYudg%3D%3D&position=5&pageNum=0,0,Skipped,Skipped: Job title 'Stage - Marketing Analyst Consumer Insight (H/F)' doesn't match ML/Data keywords
2026-02-07T23:43:56.292680,https://fr.linkedin.com/jobs/view/software-engineering-full-stack-intern-in-sydney-australia-at-inautalent-4366978981?refId=TDT4kYD8Vj5nWFUYbH8V7g%3D%3D&trackingId=2pKtRIGC4A%2FcHqrFOf89uA%3D%3D&position=3&pageNum=0,"Software Engineering (Full-Stack) Intern - in Sydney, Australia",Full-time,Internship,2026-01-29,INAUTALENT,https://inautalent.com/,,,,https://fr.linkedin.com/jobs/view/software-engineering-full-stack-intern-in-sydney-australia-at-inautalent-4366978981?refId=TDT4kYD8Vj5nWFUYbH8V7g%3D%3D&trackingId=2pKtRIGC4A%2FcHqrFOf89uA%3D%3D&position=3&pageNum=0,5,Skipped,"Skipped: Role match but missing technical keywords: machine learning engineer intern, data scientist intern, ai engineer intern, research intern"
2026-02-07T23:43:56.297952,https://fr.linkedin.com/jobs/view/stage-assistant-e-chef-de-projet-marketing-ev%C3%A8nementiel-horlogerie-joaillerie-europe-juillet-2026-at-chanel-4329220344?refId=TDT4kYD8Vj5nWFUYbH8V7g%3D%3D&trackingId=9adg51Ng8zLXDyPSTfoiYg%3D%3D&position=1&pageNum=0,STAGE - Assistant(e) Chef de Projet Marketing & Evènementiel - Horlogerie Joaillerie EUROPE - Juillet 2026,Full-time,Internship,2026-02-04,CHANEL,http://www.chanel.com,,,,https://fr.linkedin.com/jobs/view/stage-assistant-e-chef-de-projet-marketing-ev%C3%A8nementiel-horlogerie-joaillerie-europe-juillet-2026-at-chanel-4329220344?refId=TDT4kYD8Vj5nWFUYbH8V7g%3D%3D&trackingId=9adg51Ng8zLXDyPSTfoiYg%3D%3D&position=1&pageNum=0,0,Skipped,Skipped: Job title 'STAGE - Assistant(e) Chef de Projet Marketing & Evènementiel - Horlogerie Joaillerie EUROPE - Juillet 2026' doesn't match ML/Data keywords
2026-02-07T23:43:56.303834,https://fr.linkedin.com/jobs/view/software-engineering-full-stack-intern-in-sydney-australia-at-inautalent-4366981885?refId=TDT4kYD8Vj5nWFUYbH8V7g%3D%3D&trackingId=Sqw4SyVslZJNoNVxLEdZNA%3D%3D&position=4&pageNum=0,"Software Engineering (Full-Stack) Intern - in Sydney, Australia",Full-time,Internship,2026-01-29,INAUTALENT,https://inautalent.com/,,,,https://fr.linkedin.com/jobs/view/software-engineering-full-stack-intern-in-sydney-australia-at-inautalent-4366981885?refId=TDT4kYD8Vj5nWFUYbH8V7g%3D%3D&trackingId=Sqw4SyVslZJNoNVxLEdZNA%3D%3D&position=4&pageNum=0,5,Skipped,"Skipped: Role match but missing technical keywords: machine learning engineer intern, data scientist intern, ai engineer intern, research intern"
2026-02-07T23:43:56.311563,https://fr.linkedin.com/jobs/view/stage-controlling-global-h-f-at-urgo-medical-4368275622?refId=TDT4kYD8Vj5nWFUYbH8V7g%3D%3D&trackingId=KyeLz%2FCnjBf4JvooFWukkw%3D%3D&position=7&pageNum=0,Stage Controlling Global (H/F),Internship,Internship,2026-02-03,Urgo Medical,http://urgomedical.com,,,,https://fr.linkedin.com/jobs/view/stage-controlling-global-h-f-at-urgo-medical-4368275622?refId=TDT4kYD8Vj5nWFUYbH8V7g%3D%3D&trackingId=KyeLz%2FCnjBf4JvooFWukkw%3D%3D&position=7&pageNum=0,0,Skipped,Skipped: Job title 'Stage Controlling Global (H/F)' doesn't match ML/Data keywords
2026-02-07T23:43:56.317002,https://fr.linkedin.com/jobs/view/solutions-engineer-intern-at-bigblue-4332308160?refId=yFhH1xivIxDLvR09urA0ew%3D%3D&trackingId=a21eGsX%2BTYhkExJy2sNeyg%3D%3D&position=7&pageNum=1,Solutions Engineer intern,Internship,Not Applicable,2025-10-27,Bigblue,https://www.bigblue.co/,,,,https://fr.linkedin.com/jobs/view/solutions-engineer-intern-at-bigblue-4332308160?refId=yFhH1xivIxDLvR09urA0ew%3D%3D&trackingId=a21eGsX%2BTYhkExJy2sNeyg%3D%3D&position=7&pageNum=1,5,Skipped,"Skipped: Role match but missing technical keywords: machine learning engineer intern, data scientist intern, ai engineer intern, research intern"
2026-02-07T23:43:56.322584,https://fr.linkedin.com/jobs/view/operations-intern-r%C3%A9gion-centre-start-date-2026-at-amazon-4308670140?refId=yFhH1xivIxDLvR09urA0ew%3D%3D&trackingId=fMAlcvvNor83YcvyLt5BwQ%3D%3D&position=24&pageNum=1,Operations Intern - Région Centre - Start Date 2026,Full-time,Internship,2026-02-05,Amazon,https://www.aboutamazon.com/,,,,https://fr.linkedin.com/jobs/view/operations-intern-r%C3%A9gion-centre-start-date-2026-at-amazon-4308670140?refId=yFhH1xivIxDLvR09urA0ew%3D%3D&trackingId=fMAlcvvNor83YcvyLt5BwQ%3D%3D&position=24&pageNum=1,5,Skipped,"Skipped: Role match but missing technical keywords: machine learning engineer intern, data scientist intern, ai engineer intern, research intern"
2026-02-07T23:43:56.328297,https://fr.linkedin.com/jobs/view/intern-film-grain-analysis-at-interdigital-inc-4365350699?refId=yFhH1xivIxDLvR09urA0ew%3D%3D&trackingId=TTufTbIQwywO9TStZrC9gw%3D%3D&position=8&pageNum=1,"Intern, Film Grain Analysis",Internship,Internship,2026-01-22,"InterDigital, Inc.",http://www.interdigital.com,,,,https://fr.linkedin.com/jobs/view/intern-film-grain-analysis-at-interdigital-inc-4365350699?refId=yFhH1xivIxDLvR09urA0ew%3D%3D&trackingId=TTufTbIQwywO9TStZrC9gw%3D%3D&position=8&pageNum=1,5,Skipped,"Skipped: Role match but missing technical keywords: machine learning engineer intern, data scientist intern, ai engineer intern, research intern"
2026-02-07T23:43:56.333416,https://fr.linkedin.com/jobs/view/stage-aliad-venture-capital-operations-controller-intern-h-f-at-air-liquide-4369972084?refId=yFhH1xivIxDLvR09urA0ew%3D%3D&trackingId=iM%2Bhd5m4KtnVVwqxNEa3XQ%3D%3D&position=25&pageNum=1,Stage - ALIAD - Venture Capital & Operations Controller Intern H/F,Full-time,Internship,2026-02-06,Air Liquide,http://www.airliquide.com,,,,https://fr.linkedin.com/jobs/view/stage-aliad-venture-capital-operations-controller-intern-h-f-at-air-liquide-4369972084?refId=yFhH1xivIxDLvR09urA0ew%3D%3D&trackingId=iM%2Bhd5m4KtnVVwqxNEa3XQ%3D%3D&position=25&pageNum=1,5,Skipped,"Skipped: Role match but missing technical keywords: machine learning engineer intern, data scientist intern, ai engineer intern, research intern"
2026-02-07T23:44:52.625457,https://fr.linkedin.com/jobs/view/global-editorial-content-marketing-stage-intern-paris-at-cozycozy-com-4337099031?refId=TDT4kYD8Vj5nWFUYbH8V7g%3D%3D&trackingId=lQ3UhALmdZBf3pExPHbyxg%3D%3D&position=24&pageNum=0,"Global Editorial Content Marketing Stage / Intern, Paris",Internship,Not Applicable,2025-11-20,cozycozy.com,https://www.cozycozy.com,,,,https://fr.linkedin.com/jobs/view/global-editorial-content-marketing-stage-intern-paris-at-cozycozy-com-4337099031?refId=TDT4kYD8Vj5nWFUYbH8V7g%3D%3D&trackingId=lQ3UhALmdZBf3pExPHbyxg%3D%3D&position=24&pageNum=0,5,Skipped,"Skipped: Role match but missing technical keywords: machine learning engineer intern, data scientist intern, ai engineer intern, research intern"
2026-02-07T23:44:52.634021,https://fr.linkedin.com/jobs/view/strategy-consultant-internship-private-equity-lyon-f-h-at-indefi-4325718969?refId=TDT4kYD8Vj5nWFUYbH8V7g%3D%3D&trackingId=bM17Rl%2BXmOa2EV%2F7H6pJZg%3D%3D&position=25&pageNum=0,Strategy Consultant Internship - Private Equity - Lyon F/H,Internship,Internship,2025-12-04,INDEFI,http://www.indefi.com,,,,https://fr.linkedin.com/jobs/view/strategy-consultant-internship-private-equity-lyon-f-h-at-indefi-4325718969?refId=TDT4kYD8Vj5nWFUYbH8V7g%3D%3D&trackingId=bM17Rl%2BXmOa2EV%2F7H6pJZg%3D%3D&position=25&pageNum=0,5,Skipped,"Skipped: Role match but missing technical keywords: machine learning engineer intern, data scientist intern, ai engineer intern, research intern"
2026-02-07T23:44:52.639590,https://fr.linkedin.com/jobs/view/revenue-operations-intern-at-swan-4329689579?refId=TDT4kYD8Vj5nWFUYbH8V7g%3D%3D&trackingId=tsDtDVlfh43mSk37a6Zqzw%3D%3D&position=22&pageNum=0,Revenue Operations Intern,Internship,Internship,2025-12-31,Swan,https://swan.io,,,,https://fr.linkedin.com/jobs/view/revenue-operations-intern-at-swan-4329689579?refId=TDT4kYD8Vj5nWFUYbH8V7g%3D%3D&trackingId=tsDtDVlfh43mSk37a6Zqzw%3D%3D&position=22&pageNum=0,5,Skipped,"Skipped: Role match but missing technical keywords: machine learning engineer intern, data scientist intern, ai engineer intern, research intern"
2026-02-07T23:44:52.645456,https://fr.linkedin.com/jobs/view/intern-global-talent-acquisition-project-management-h-f-at-lacoste-4297589491?refId=TDT4kYD8Vj5nWFUYbH8V7g%3D%3D&trackingId=DUZqCHP9qjh1Rx60ZJ29Yw%3D%3D&position=23&pageNum=0,Intern Global Talent Acquisition Project Management (H/F),Full-time,Not Applicable,2025-09-08,Lacoste,https://corporate.lacoste.com/,,,,https://fr.linkedin.com/jobs/view/intern-global-talent-acquisition-project-management-h-f-at-lacoste-4297589491?refId=TDT4kYD8Vj5nWFUYbH8V7g%3D%3D&trackingId=DUZqCHP9qjh1Rx60ZJ29Yw%3D%3D&position=23&pageNum=0,5,Skipped,"Skipped: Role match but missing technical keywords: machine learning engineer intern, data scientist intern, ai engineer intern, research intern"
2026-02-07T23:44:52.651509,https://fr.linkedin.com/jobs/view/stage-assistant-consultant-paid-social-h-f-at-dentsu-4345376920?refId=TDT4kYD8Vj5nWFUYbH8V7g%3D%3D&trackingId=lHI%2BQV8K2ZFZfoU57CmqdA%3D%3D&position=19&pageNum=0,STAGE - Assistant Consultant Paid Social H/F,Full-time,Internship,2026-01-12,dentsu,https://bit.ly/3lDa6Ff,,,,https://fr.linkedin.com/jobs/view/stage-assistant-consultant-paid-social-h-f-at-dentsu-4345376920?refId=TDT4kYD8Vj5nWFUYbH8V7g%3D%3D&trackingId=lHI%2BQV8K2ZFZfoU57CmqdA%3D%3D&position=19&pageNum=0,0,Skipped,Skipped: Job title 'STAGE - Assistant Consultant Paid Social H/F' doesn't match ML/Data keywords
2026-02-07T23:44:52.655192,https://fr.linkedin.com/jobs/view/oliver-wyman-stage-2a-polytechnique-paris-france-at-oliver-wyman-4359427349?refId=TDT4kYD8Vj5nWFUYbH8V7g%3D%3D&trackingId=E0XVYRIzueZ%2B6SSqXnCXzg%3D%3D&position=20&pageNum=0,Oliver Wyman - Stage 2A Polytechnique - Paris (France),Internship,Not Applicable,2026-01-31,Oliver Wyman,http://www.oliverwyman.com,,,,https://fr.linkedin.com/jobs/view/oliver-wyman-stage-2a-polytechnique-paris-france-at-oliver-wyman-4359427349?refId=TDT4kYD8Vj5nWFUYbH8V7g%3D%3D&trackingId=E0XVYRIzueZ%2B6SSqXnCXzg%3D%3D&position=20&pageNum=0,0,Skipped,Skipped: Job title 'Oliver Wyman - Stage 2A Polytechnique - Paris (France)' doesn't match ML/Data keywords
2026-02-07T23:44:52.658956,https://fr.linkedin.com/jobs/view/stage-marketing-operations-f-h-at-worldline-4332768064?refId=TDT4kYD8Vj5nWFUYbH8V7g%3D%3D&trackingId=6nDVxO%2FZXrKmawzQxLkpLA%3D%3D&position=21&pageNum=0,Stage - Marketing Operations (F/H),Internship,Entry level,2026-02-06,Worldline,http://worldline.com,,,,https://fr.linkedin.com/jobs/view/stage-marketing-operations-f-h-at-worldline-4332768064?refId=TDT4kYD8Vj5nWFUYbH8V7g%3D%3D&trackingId=6nDVxO%2FZXrKmawzQxLkpLA%3D%3D&position=21&pageNum=0,0,Skipped,Skipped: Job title 'Stage - Marketing Operations (F/H)' doesn't match ML/Data keywords
2026-02-07T23:44:52.664172,https://fr.linkedin.com/jobs/view/kering-data-product-owner-stage-at-kering-4361320470?refId=TDT4kYD8Vj5nWFUYbH8V7g%3D%3D&trackingId=vtgAwIhg5Q0oIIwmHJbk7g%3D%3D&position=18&pageNum=0,KERING Data Product Owner (stage),Full-time,Internship,2026-01-13,Kering,https://www.kering.com/en,,,,https://fr.linkedin.com/jobs/view/kering-data-product-owner-stage-at-kering-4361320470?refId=TDT4kYD8Vj5nWFUYbH8V7g%3D%3D&trackingId=vtgAwIhg5Q0oIIwmHJbk7g%3D%3D&position=18&pageNum=0,5,Skipped,Skipped: Role match but missing technical keywords: data scientist intern
2026-02-07T23:44:52.668804,https://fr.linkedin.com/jobs/view/intern-web-editor-gq-at-cond%C3%A9-nast-4362960775?refId=TDT4kYD8Vj5nWFUYbH8V7g%3D%3D&trackingId=%2B%2FOY0Lc%2FB8PxGrRC33p4xQ%3D%3D&position=14&pageNum=0,Intern Web Editor GQ,Full-time,Internship,2026-02-05,Condé Nast,http://www.condenast.com,,,,https://fr.linkedin.com/jobs/view/intern-web-editor-gq-at-cond%C3%A9-nast-4362960775?refId=TDT4kYD8Vj5nWFUYbH8V7g%3D%3D&trackingId=%2B%2FOY0Lc%2FB8PxGrRC33p4xQ%3D%3D&position=14&pageNum=0,5,Skipped,"Skipped: Role match but missing technical keywords: machine learning engineer intern, data scientist intern, ai engineer intern, research intern"
2026-02-07T23:44:52.673207,https://fr.linkedin.com/jobs/view/stage-global-strategy-intern-h-f-at-edenred-4365982064?refId=TDT4kYD8Vj5nWFUYbH8V7g%3D%3D&trackingId=OBeWqKSWvLIT7If%2F6w1VSA%3D%3D&position=16&pageNum=0,Stage - Global Strategy Intern (H/F),Internship,Internship,2026-01-27,Edenred,https://www.edenred.com,,,,https://fr.linkedin.com/jobs/view/stage-global-strategy-intern-h-f-at-edenred-4365982064?refId=TDT4kYD8Vj5nWFUYbH8V7g%3D%3D&trackingId=OBeWqKSWvLIT7If%2F6w1VSA%3D%3D&position=16&pageNum=0,5,Skipped,"Skipped: Role match but missing technical keywords: machine learning engineer intern, data scientist intern, ai engineer intern, research intern"
2026-02-07T23:44:52.678892,https://fr.linkedin.com/jobs/view/strategy-consultant-internship-private-equity-paris-f-h-at-indefi-4362145931?refId=TDT4kYD8Vj5nWFUYbH8V7g%3D%3D&trackingId=kluoyr6MdGCacE0v0JN1pA%3D%3D&position=13&pageNum=0,Strategy Consultant Internship - Private Equity - Paris F/H,Internship,Internship,2026-01-22,INDEFI,http://www.indefi.com,,,,https://fr.linkedin.com/jobs/view/strategy-consultant-internship-private-equity-paris-f-h-at-indefi-4362145931?refId=TDT4kYD8Vj5nWFUYbH8V7g%3D%3D&trackingId=kluoyr6MdGCacE0v0JN1pA%3D%3D&position=13&pageNum=0,5,Skipped,"Skipped: Role match but missing technical keywords: machine learning engineer intern, data scientist intern, ai engineer intern, research intern"
2026-02-07T23:44:52.683033,https://fr.linkedin.com/jobs/view/corporate-strategy-analyst-stage-paris-at-papernest-4367849121?refId=TDT4kYD8Vj5nWFUYbH8V7g%3D%3D&trackingId=AeFL6bExzQ8Ks95jWICv5A%3D%3D&position=17&pageNum=0,Corporate Strategy Analyst - Stage - Paris,Other,Not Applicable,2026-01-21,papernest,http://www.papernest.com,,,,https://fr.linkedin.com/jobs/view/corporate-strategy-analyst-stage-paris-at-papernest-4367849121?refId=TDT4kYD8Vj5nWFUYbH8V7g%3D%3D&trackingId=AeFL6bExzQ8Ks95jWICv5A%3D%3D&position=17&pageNum=0,0,Skipped,Skipped: Job title 'Corporate Strategy Analyst - Stage - Paris' doesn't match ML/Data keywords
2026-02-07T23:44:59.536818,https://fr.linkedin.com/jobs/view/data-analyst-assistant-operations-europe-stage-f-h-at-christian-dior-couture-4328475713?refId=TDT4kYD8Vj5nWFUYbH8V7g%3D%3D&trackingId=cAzGvHA2yNHZ2ccVYquH8w%3D%3D&position=8&pageNum=0,Data Analyst Assistant Operations Europe - Stage F/H,Full-time,Internship,2026-02-02,Christian Dior Couture,https://www.dior.com/carrieres/index.html,,,,https://fr.linkedin.com/jobs/view/data-analyst-assistant-operations-europe-stage-f-h-at-christian-dior-couture-4328475713?refId=TDT4kYD8Vj5nWFUYbH8V7g%3D%3D&trackingId=cAzGvHA2yNHZ2ccVYquH8w%3D%3D&position=8&pageNum=0,5,Skipped,Skipped: Role match but missing technical keywords: data scientist intern
2026-02-07T23:44:59.540521,https://fr.linkedin.com/jobs/view/vc-analyst-intern-at-wind-4353019038?refId=TDT4kYD8Vj5nWFUYbH8V7g%3D%3D&trackingId=iu%2B3C4iBlyDkhbup6EqcXw%3D%3D&position=12&pageNum=0,VC Analyst Intern,Internship,Internship,2026-01-15,Wind,http://wind.capital,,,,https://fr.linkedin.com/jobs/view/vc-analyst-intern-at-wind-4353019038?refId=TDT4kYD8Vj5nWFUYbH8V7g%3D%3D&trackingId=iu%2B3C4iBlyDkhbup6EqcXw%3D%3D&position=12&pageNum=0,5,Skipped,"Skipped: Role match but missing technical keywords: machine learning engineer intern, data scientist intern, ai engineer intern, research intern"
2026-02-07T23:44:59.544132,https://fr.linkedin.com/jobs/view/internship-chief-of-staff-at-twoway-4357429590?refId=TDT4kYD8Vj5nWFUYbH8V7g%3D%3D&trackingId=2%2FgPiHY1i%2Fy2o5AyZdxKrQ%3D%3D&position=9&pageNum=0,[Internship] Chief of Staff,Internship,Internship,2026-02-03,TwoWay,https://www.twoway.finance/,,,,https://fr.linkedin.com/jobs/view/internship-chief-of-staff-at-twoway-4357429590?refId=TDT4kYD8Vj5nWFUYbH8V7g%3D%3D&trackingId=2%2FgPiHY1i%2Fy2o5AyZdxKrQ%3D%3D&position=9&pageNum=0,5,Skipped,"Skipped: Role match but missing technical keywords: machine learning engineer intern, data scientist intern, ai engineer intern, research intern"
2026-02-07T23:44:59.548993,https://fr.linkedin.com/jobs/view/founder-associate-intern-at-n%C5%ABmi%C2%AE-4336590083?refId=TDT4kYD8Vj5nWFUYbH8V7g%3D%3D&trackingId=4U5L%2FZ5zntj%2BBZdRIH36AQ%3D%3D&position=10&pageNum=0,Founder associate intern,Internship,Internship,2025-10-23,Nūmi®,https://www.numi.life/,,,,https://fr.linkedin.com/jobs/view/founder-associate-intern-at-n%C5%ABmi%C2%AE-4336590083?refId=TDT4kYD8Vj5nWFUYbH8V7g%3D%3D&trackingId=4U5L%2FZ5zntj%2BBZdRIH36AQ%3D%3D&position=10&pageNum=0,5,Skipped,"Skipped: Role match but missing technical keywords: machine learning engineer intern, data scientist intern, ai engineer intern, research intern"
2026-02-07T23:44:59.553850,https://fr.linkedin.com/jobs/view/technology-growth-equity-investment-intern-starting-july-september-2026-for-6-months-at-revaia-4365517336?refId=TDT4kYD8Vj5nWFUYbH8V7g%3D%3D&trackingId=%2BhBFhY4DJR9%2F1H%2FQuyE9Ug%3D%3D&position=11&pageNum=0,Technology Growth Equity - Investment Intern - Starting July/September 2026 for 6 months,Internship,Internship,2026-01-23,Revaia,https://revaia.com,,,,https://fr.linkedin.com/jobs/view/technology-growth-equity-investment-intern-starting-july-september-2026-for-6-months-at-revaia-4365517336?refId=TDT4kYD8Vj5nWFUYbH8V7g%3D%3D&trackingId=%2BhBFhY4DJR9%2F1H%2FQuyE9Ug%3D%3D&position=11&pageNum=0,5,Skipped,"Skipped: Role match but missing technical keywords: machine learning engineer intern, data scientist intern, ai engineer intern, research intern"
2026-02-07T23:44:59.558573,https://fr.linkedin.com/jobs/view/intern-chinese-project-analyst-h-f-at-richemont-4360856769?refId=TDT4kYD8Vj5nWFUYbH8V7g%3D%3D&trackingId=9JI8hZwggGaIYhkx91%2BsXQ%3D%3D&position=6&pageNum=0,Intern - Chinese Project Analyst (H/F),Full-time,Internship,2026-01-19,Richemont,http://www.richemont.com/,,,,https://fr.linkedin.com/jobs/view/intern-chinese-project-analyst-h-f-at-richemont-4360856769?refId=TDT4kYD8Vj5nWFUYbH8V7g%3D%3D&trackingId=9JI8hZwggGaIYhkx91%2BsXQ%3D%3D&position=6&pageNum=0,5,Skipped,"Skipped: Role match but missing technical keywords: machine learning engineer intern, data scientist intern, ai engineer intern, research intern"
2026-02-07T23:44:59.562507,https://fr.linkedin.com/jobs/view/stage-marketing-analyst-consumer-insight-h-f-at-richemont-4368757407?refId=TDT4kYD8Vj5nWFUYbH8V7g%3D%3D&trackingId=%2FLkfwuAKrZxpVBMAoDYudg%3D%3D&position=5&pageNum=0,Stage - Marketing Analyst Consumer Insight (H/F),Full-time,Internship,2026-02-04,Richemont,http://www.richemont.com/,,,,https://fr.linkedin.com/jobs/view/stage-marketing-analyst-consumer-insight-h-f-at-richemont-4368757407?refId=TDT4kYD8Vj5nWFUYbH8V7g%3D%3D&trackingId=%2FLkfwuAKrZxpVBMAoDYudg%3D%3D&position=5&pageNum=0,0,Skipped,Skipped: Job title 'Stage - Marketing Analyst Consumer Insight (H/F)' doesn't match ML/Data keywords
2026-02-07T23:44:59.566987,https://fr.linkedin.com/jobs/view/software-engineering-full-stack-intern-in-sydney-australia-at-inautalent-4366978981?refId=TDT4kYD8Vj5nWFUYbH8V7g%3D%3D&trackingId=2pKtRIGC4A%2FcHqrFOf89uA%3D%3D&position=3&pageNum=0,"Software Engineering (Full-Stack) Intern - in Sydney, Australia",Full-time,Internship,2026-01-29,INAUTALENT,https://inautalent.com/,,,,https://fr.linkedin.com/jobs/view/software-engineering-full-stack-intern-in-sydney-australia-at-inautalent-4366978981?refId=TDT4kYD8Vj5nWFUYbH8V7g%3D%3D&trackingId=2pKtRIGC4A%2FcHqrFOf89uA%3D%3D&position=3&pageNum=0,5,Skipped,"Skipped: Role match but missing technical keywords: machine learning engineer intern, data scientist intern, ai engineer intern, research intern"
2026-02-07T23:44:59.571472,https://fr.linkedin.com/jobs/view/stage-assistant-e-chef-de-projet-marketing-ev%C3%A8nementiel-horlogerie-joaillerie-europe-juillet-2026-at-chanel-4329220344?refId=TDT4kYD8Vj5nWFUYbH8V7g%3D%3D&trackingId=9adg51Ng8zLXDyPSTfoiYg%3D%3D&position=1&pageNum=0,STAGE - Assistant(e) Chef de Projet Marketing & Evènementiel - Horlogerie Joaillerie EUROPE - Juillet 2026,Full-time,Internship,2026-02-04,CHANEL,http://www.chanel.com,,,,https://fr.linkedin.com/jobs/view/stage-assistant-e-chef-de-projet-marketing-ev%C3%A8nementiel-horlogerie-joaillerie-europe-juillet-2026-at-chanel-4329220344?refId=TDT4kYD8Vj5nWFUYbH8V7g%3D%3D&trackingId=9adg51Ng8zLXDyPSTfoiYg%3D%3D&position=1&pageNum=0,0,Skipped,Skipped: Job title 'STAGE - Assistant(e) Chef de Projet Marketing & Evènementiel - Horlogerie Joaillerie EUROPE - Juillet 2026' doesn't match ML/Data keywords
2026-02-07T23:44:59.576852,https://fr.linkedin.com/jobs/view/software-engineering-full-stack-intern-in-sydney-australia-at-inautalent-4366981885?refId=TDT4kYD8Vj5nWFUYbH8V7g%3D%3D&trackingId=Sqw4SyVslZJNoNVxLEdZNA%3D%3D&position=4&pageNum=0,"Software Engineering (Full-Stack) Intern - in Sydney, Australia",Full-time,Internship,2026-01-29,INAUTALENT,https://inautalent.com/,,,,https://fr.linkedin.com/jobs/view/software-engineering-full-stack-intern-in-sydney-australia-at-inautalent-4366981885?refId=TDT4kYD8Vj5nWFUYbH8V7g%3D%3D&trackingId=Sqw4SyVslZJNoNVxLEdZNA%3D%3D&position=4&pageNum=0,5,Skipped,"Skipped: Role match but missing technical keywords: machine learning engineer intern, data scientist intern, ai engineer intern, research intern"
2026-02-07T23:44:59.580769,https://fr.linkedin.com/jobs/view/stage-controlling-global-h-f-at-urgo-medical-4368275622?refId=TDT4kYD8Vj5nWFUYbH8V7g%3D%3D&trackingId=KyeLz%2FCnjBf4JvooFWukkw%3D%3D&position=7&pageNum=0,Stage Controlling Global (H/F),Internship,Internship,2026-02-03,Urgo Medical,http://urgomedical.com,,,,https://fr.linkedin.com/jobs/view/stage-controlling-global-h-f-at-urgo-medical-4368275622?refId=TDT4kYD8Vj5nWFUYbH8V7g%3D%3D&trackingId=KyeLz%2FCnjBf4JvooFWukkw%3D%3D&position=7&pageNum=0,0,Skipped,Skipped: Job title 'Stage Controlling Global (H/F)' doesn't match ML/Data keywords
2026-02-07T23:44:59.585033,https://fr.linkedin.com/jobs/view/solutions-engineer-intern-at-bigblue-4332308160?refId=yFhH1xivIxDLvR09urA0ew%3D%3D&trackingId=a21eGsX%2BTYhkExJy2sNeyg%3D%3D&position=7&pageNum=1,Solutions Engineer intern,Internship,Not Applicable,2025-10-27,Bigblue,https://www.bigblue.co/,,,,https://fr.linkedin.com/jobs/view/solutions-engineer-intern-at-bigblue-4332308160?refId=yFhH1xivIxDLvR09urA0ew%3D%3D&trackingId=a21eGsX%2BTYhkExJy2sNeyg%3D%3D&position=7&pageNum=1,5,Skipped,"Skipped: Role match but missing technical keywords: machine learning engineer intern, data scientist intern, ai engineer intern, research intern"
2026-02-07T23:44:59.589968,https://fr.linkedin.com/jobs/view/operations-intern-r%C3%A9gion-centre-start-date-2026-at-amazon-4308670140?refId=yFhH1xivIxDLvR09urA0ew%3D%3D&trackingId=fMAlcvvNor83YcvyLt5BwQ%3D%3D&position=24&pageNum=1,Operations Intern - Région Centre - Start Date 2026,Full-time,Internship,2026-02-05,Amazon,https://www.aboutamazon.com/,,,,https://fr.linkedin.com/jobs/view/operations-intern-r%C3%A9gion-centre-start-date-2026-at-amazon-4308670140?refId=yFhH1xivIxDLvR09urA0ew%3D%3D&trackingId=fMAlcvvNor83YcvyLt5BwQ%3D%3D&position=24&pageNum=1,5,Skipped,"Skipped: Role match but missing technical keywords: machine learning engineer intern, data scientist intern, ai engineer intern, research intern"
2026-02-07T23:44:59.595152,https://fr.linkedin.com/jobs/view/intern-film-grain-analysis-at-interdigital-inc-4365350699?refId=yFhH1xivIxDLvR09urA0ew%3D%3D&trackingId=TTufTbIQwywO9TStZrC9gw%3D%3D&position=8&pageNum=1,"Intern, Film Grain Analysis",Internship,Internship,2026-01-22,"InterDigital, Inc.",http://www.interdigital.com,,,,https://fr.linkedin.com/jobs/view/intern-film-grain-analysis-at-interdigital-inc-4365350699?refId=yFhH1xivIxDLvR09urA0ew%3D%3D&trackingId=TTufTbIQwywO9TStZrC9gw%3D%3D&position=8&pageNum=1,5,Skipped,"Skipped: Role match but missing technical keywords: machine learning engineer intern, data scientist intern, ai engineer intern, research intern"
2026-02-07T23:44:59.600356,https://fr.linkedin.com/jobs/view/stage-aliad-venture-capital-operations-controller-intern-h-f-at-air-liquide-4369972084?refId=yFhH1xivIxDLvR09urA0ew%3D%3D&trackingId=iM%2Bhd5m4KtnVVwqxNEa3XQ%3D%3D&position=25&pageNum=1,Stage - ALIAD - Venture Capital & Operations Controller Intern H/F,Full-time,Internship,2026-02-06,Air Liquide,http://www.airliquide.com,,,,https://fr.linkedin.com/jobs/view/stage-aliad-venture-capital-operations-controller-intern-h-f-at-air-liquide-4369972084?refId=yFhH1xivIxDLvR09urA0ew%3D%3D&trackingId=iM%2Bhd5m4KtnVVwqxNEa3XQ%3D%3D&position=25&pageNum=1,5,Skipped,"Skipped: Role match but missing technical keywords: machine learning engineer intern, data scientist intern, ai engineer intern, research intern"
2026-02-07T23:45:08.066815,https://fr.linkedin.com/jobs/view/stage-en-tourisme-at-indie-campers-4346307286?refId=yFhH1xivIxDLvR09urA0ew%3D%3D&trackingId=QrS%2BHMov5Y6o5O6QSC57tw%3D%3D&position=22&pageNum=1,Stage en Tourisme,Full-time,Internship,2025-12-26,Indie Campers,https://indiecampers.com,,,,https://fr.linkedin.com/jobs/view/stage-en-tourisme-at-indie-campers-4346307286?refId=yFhH1xivIxDLvR09urA0ew%3D%3D&trackingId=QrS%2BHMov5Y6o5O6QSC57tw%3D%3D&position=22&pageNum=1,0,Skipped,Skipped: Job title 'Stage en Tourisme' doesn't match ML/Data keywords
2026-02-07T23:45:08.073233,https://fr.linkedin.com/jobs/view/financial-analyst-intern-at-acca-careers-4365741298?refId=yFhH1xivIxDLvR09urA0ew%3D%3D&trackingId=rQ3egVgwyracXZgDzQZIcA%3D%3D&position=21&pageNum=1,Financial Analyst Intern,Internship,Internship,2026-01-23,ACCA Careers,https://jobs.accaglobal.com/,,,,https://fr.linkedin.com/jobs/view/financial-analyst-intern-at-acca-careers-4365741298?refId=yFhH1xivIxDLvR09urA0ew%3D%3D&trackingId=rQ3egVgwyracXZgDzQZIcA%3D%3D&position=21&pageNum=1,5,Skipped,"Skipped: Role match but missing technical keywords: machine learning engineer intern, data scientist intern, ai engineer intern, research intern"
2026-02-07T23:45:08.080280,https://fr.linkedin.com/jobs/view/fp-a-analyst-europe-apprentice-or-intern-f-h-at-catalina-marketing-costa-rica-4348313459?refId=yFhH1xivIxDLvR09urA0ew%3D%3D&trackingId=2M6B0KrPg%2BjfsZkLvbHPNg%3D%3D&position=20&pageNum=1,FP&A Analyst Europe Apprentice or Intern F/H,Internship,Internship,2025-12-03,Catalina Marketing Costa Rica,https://www.catalina.com,,,,https://fr.linkedin.com/jobs/view/fp-a-analyst-europe-apprentice-or-intern-f-h-at-catalina-marketing-costa-rica-4348313459?refId=yFhH1xivIxDLvR09urA0ew%3D%3D&trackingId=2M6B0KrPg%2BjfsZkLvbHPNg%3D%3D&position=20&pageNum=1,5,Skipped,"Skipped: Role match but missing technical keywords: machine learning engineer intern, data scientist intern, ai engineer intern, research intern"
2026-02-07T23:45:08.084705,https://fr.linkedin.com/jobs/view/stage-go-to-market-product-intern-at-havas-media-france-4265332688?refId=yFhH1xivIxDLvR09urA0ew%3D%3D&trackingId=IOtLtnlyWW2753%2FlTrm9pg%3D%3D&position=19&pageNum=1,STAGE - GO TO MARKET PRODUCT INTERN,Full-time,Internship,2025-09-11,Havas Media France,https://havasmedianetwork.com,,,,https://fr.linkedin.com/jobs/view/stage-go-to-market-product-intern-at-havas-media-france-4265332688?refId=yFhH1xivIxDLvR09urA0ew%3D%3D&trackingId=IOtLtnlyWW2753%2FlTrm9pg%3D%3D&position=19&pageNum=1,5,Skipped,"Skipped: Role match but missing technical keywords: machine learning engineer intern, data scientist intern, ai engineer intern, research intern"
2026-02-07T23:45:08.090520,https://fr.linkedin.com/jobs/view/strategy-operations-intern-paris-at-sunday-4362605280?refId=yFhH1xivIxDLvR09urA0ew%3D%3D&trackingId=sVfjHYZo4aen0TtssYg6Uw%3D%3D&position=18&pageNum=1,Strategy & Operations Intern - Paris,Full-time,Internship,2026-01-22,sunday,http://www.sundayapp.com,,,,https://fr.linkedin.com/jobs/view/strategy-operations-intern-paris-at-sunday-4362605280?refId=yFhH1xivIxDLvR09urA0ew%3D%3D&trackingId=sVfjHYZo4aen0TtssYg6Uw%3D%3D&position=18&pageNum=1,5,Skipped,"Skipped: Role match but missing technical keywords: machine learning engineer intern, data scientist intern, ai engineer intern, research intern"
2026-02-07T23:45:08.094785,https://fr.linkedin.com/jobs/view/stage-aliad-venture-capital-operations-controller-intern-h-f-at-air-liquide-4361372947?refId=yFhH1xivIxDLvR09urA0ew%3D%3D&trackingId=V%2F6DvbXlKbYbFyaoC5u2zw%3D%3D&position=13&pageNum=1,Stage - ALIAD - Venture Capital & Operations Controller Intern H/F,Full-time,Internship,2026-02-04,Air Liquide,http://www.airliquide.com,,,,https://fr.linkedin.com/jobs/view/stage-aliad-venture-capital-operations-controller-intern-h-f-at-air-liquide-4361372947?refId=yFhH1xivIxDLvR09urA0ew%3D%3D&trackingId=V%2F6DvbXlKbYbFyaoC5u2zw%3D%3D&position=13&pageNum=1,5,Skipped,"Skipped: Role match but missing technical keywords: machine learning engineer intern, data scientist intern, ai engineer intern, research intern"
2026-02-07T23:45:24.360504,https://fr.linkedin.com/jobs/view/talent-acquisition-coordinator-internship-at-alice-bob-4369951744?refId=yFhH1xivIxDLvR09urA0ew%3D%3D&trackingId=uNZR9yroR9f09CxN5gHYJw%3D%3D&position=14&pageNum=1,Talent Acquisition Coordinator - Internship,Internship,Not Applicable,2026-02-06,Alice & Bob,https://alice-bob.com/,,,,https://fr.linkedin.com/jobs/view/talent-acquisition-coordinator-internship-at-alice-bob-4369951744?refId=yFhH1xivIxDLvR09urA0ew%3D%3D&trackingId=uNZR9yroR9f09CxN5gHYJw%3D%3D&position=14&pageNum=1,5,Skipped,"Skipped: Role match but missing technical keywords: machine learning engineer intern, data scientist intern, ai engineer intern, research intern"
2026-02-07T23:45:24.365323,https://fr.linkedin.com/jobs/view/assistant-chef-de-projet-si-europe-f-h-stage-at-christian-dior-couture-4328665539?refId=TDT4kYD8Vj5nWFUYbH8V7g%3D%3D&trackingId=uU8kcnZDxsB1qIA3Bq2YhQ%3D%3D&position=2&pageNum=0,Assistant Chef de Projet SI Europe F/H - STAGE,Full-time,Internship,2026-02-02,Christian Dior Couture,https://www.dior.com/carrieres/index.html,,,,https://fr.linkedin.com/jobs/view/assistant-chef-de-projet-si-europe-f-h-stage-at-christian-dior-couture-4328665539?refId=TDT4kYD8Vj5nWFUYbH8V7g%3D%3D&trackingId=uU8kcnZDxsB1qIA3Bq2YhQ%3D%3D&position=2&pageNum=0,0,Skipped,Skipped: Job title 'Assistant Chef de Projet SI Europe F/H - STAGE' doesn't match ML/Data keywords
2026-02-07T23:45:24.369826,https://fr.linkedin.com/jobs/view/business-program-management-apprentice-at-microsoft-4365270837?refId=yFhH1xivIxDLvR09urA0ew%3D%3D&trackingId=HuFaUqkwtL9bXDOeGiPszA%3D%3D&position=16&pageNum=1,Business Program Management Apprentice,Full-time,Not Applicable,2026-01-22,Microsoft,https://news.microsoft.com/,,,,https://fr.linkedin.com/jobs/view/business-program-management-apprentice-at-microsoft-4365270837?refId=yFhH1xivIxDLvR09urA0ew%3D%3D&trackingId=HuFaUqkwtL9bXDOeGiPszA%3D%3D&position=16&pageNum=1,0,Skipped,Skipped: Job title 'Business Program Management Apprentice' doesn't match ML/Data keywords
2026-02-07T23:45:24.374169,https://fr.linkedin.com/jobs/view/automotive-recruiter-intern-at-mechanics-body-shops-marketplace-4264768443?refId=yFhH1xivIxDLvR09urA0ew%3D%3D&trackingId=wx9GDqfvjpZ78sQRrfo2UA%3D%3D&position=11&pageNum=1,Automotive Recruiter Intern,Internship,Internship,2025-07-09,Mechanics & Body Shops Marketplace,https://www.mechanicsmarketplace.com,,,,https://fr.linkedin.com/jobs/view/automotive-recruiter-intern-at-mechanics-body-shops-marketplace-4264768443?refId=yFhH1xivIxDLvR09urA0ew%3D%3D&trackingId=wx9GDqfvjpZ78sQRrfo2UA%3D%3D&position=11&pageNum=1,5,Skipped,"Skipped: Role match but missing technical keywords: machine learning engineer intern, data scientist intern, ai engineer intern, research intern"
2026-02-07T23:45:24.381157,https://fr.linkedin.com/jobs/view/client-experience-retail-assistant-stage-h-f-at-lemaire-4358818219?refId=yFhH1xivIxDLvR09urA0ew%3D%3D&trackingId=a3EKdmiw9Y%2BrGL8aEZDOYw%3D%3D&position=15&pageNum=1,Client Experience Retail Assistant - Stage (H/F),Internship,Internship,2026-02-04,LEMAIRE,http://www.lemaire.fr/,,,,https://fr.linkedin.com/jobs/view/client-experience-retail-assistant-stage-h-f-at-lemaire-4358818219?refId=yFhH1xivIxDLvR09urA0ew%3D%3D&trackingId=a3EKdmiw9Y%2BrGL8aEZDOYw%3D%3D&position=15&pageNum=1,0,Skipped,Skipped: Job title 'Client Experience Retail Assistant - Stage (H/F)' doesn't match ML/Data keywords
2026-02-07T23:45:24.386757,https://fr.linkedin.com/jobs/view/balenciaga-e-commerce-content-production-intern-march-2026-f-h-at-balenciaga-4365087443?refId=yFhH1xivIxDLvR09urA0ew%3D%3D&trackingId=snc%2Br3Gvz9LRCKQF3Q76AA%3D%3D&position=4&pageNum=1,BALENCIAGA - E-Commerce Content Production Intern - March 2026 (F/H),Full-time,Not Applicable,2026-01-21,BALENCIAGA,http://www.balenciaga.com,,,,https://fr.linkedin.com/jobs/view/balenciaga-e-commerce-content-production-intern-march-2026-f-h-at-balenciaga-4365087443?refId=yFhH1xivIxDLvR09urA0ew%3D%3D&trackingId=snc%2Br3Gvz9LRCKQF3Q76AA%3D%3D&position=4&pageNum=1,5,Skipped,"Skipped: Role match but missing technical keywords: machine learning engineer intern, data scientist intern, ai engineer intern, research intern"
2026-02-07T23:45:24.393243,https://fr.linkedin.com/jobs/view/operations-intern-%C3%AEle-de-france-start-date-2026-at-amazon-4308423942?refId=yFhH1xivIxDLvR09urA0ew%3D%3D&trackingId=wV6Ufpd%2BdrxTJJQsAQXxjw%3D%3D&position=9&pageNum=1,Operations Intern - Île de France - Start Date 2026,Full-time,Internship,2026-02-06,Amazon,https://www.aboutamazon.com/,,,,https://fr.linkedin.com/jobs/view/operations-intern-%C3%AEle-de-france-start-date-2026-at-amazon-4308423942?refId=yFhH1xivIxDLvR09urA0ew%3D%3D&trackingId=wV6Ufpd%2BdrxTJJQsAQXxjw%3D%3D&position=9&pageNum=1,5,Skipped,"Skipped: Role match but missing technical keywords: machine learning engineer intern, data scientist intern, ai engineer intern, research intern"
2026-02-07T23:45:24.398362,https://fr.linkedin.com/jobs/view/operations-intern-%C3%AEle-de-france-start-date-2026-at-amazon-4308419993?refId=yFhH1xivIxDLvR09urA0ew%3D%3D&trackingId=PoSPAS88rAImWRFYqaQ%2BNA%3D%3D&position=6&pageNum=1,Operations Intern - Île de France - Start Date 2026,Full-time,Internship,2026-02-06,Amazon,https://www.aboutamazon.com/,,,,https://fr.linkedin.com/jobs/view/operations-intern-%C3%AEle-de-france-start-date-2026-at-amazon-4308419993?refId=yFhH1xivIxDLvR09urA0ew%3D%3D&trackingId=PoSPAS88rAImWRFYqaQ%2BNA%3D%3D&position=6&pageNum=1,5,Skipped,"Skipped: Role match but missing technical keywords: machine learning engineer intern, data scientist intern, ai engineer intern, research intern"
2026-02-07T23:45:24.402794,https://fr.linkedin.com/jobs/view/intern-analyst-portfolio-manager-assistant-active-advisory-at-ubs-4328860268?refId=yFhH1xivIxDLvR09urA0ew%3D%3D&trackingId=YCWavid5kzTp8bBc7T61Gg%3D%3D&position=10&pageNum=1,Intern - Analyst & Portfolio Manager Assistant - Active Advisory,Full-time,Entry level,2026-02-03,UBS,http://www.ubs.com/about,,,,https://fr.linkedin.com/jobs/view/intern-analyst-portfolio-manager-assistant-active-advisory-at-ubs-4328860268?refId=yFhH1xivIxDLvR09urA0ew%3D%3D&trackingId=YCWavid5kzTp8bBc7T61Gg%3D%3D&position=10&pageNum=1,5,Skipped,"Skipped: Role match but missing technical keywords: machine learning engineer intern, data scientist intern, ai engineer intern, research intern"
2026-02-07T23:45:24.407764,https://fr.linkedin.com/jobs/view/stage-engineering-compliance-h-f-at-klepierre-4366810515?refId=yFhH1xivIxDLvR09urA0ew%3D%3D&trackingId=aAAplg5cw%2FZxJCukZBCZNQ%3D%3D&position=5&pageNum=1,Stage - Engineering Compliance H/F,Internship,Internship,2026-01-29,KLEPIERRE,http://www.klepierre.com,,,,https://fr.linkedin.com/jobs/view/stage-engineering-compliance-h-f-at-klepierre-4366810515?refId=yFhH1xivIxDLvR09urA0ew%3D%3D&trackingId=aAAplg5cw%2FZxJCukZBCZNQ%3D%3D&position=5&pageNum=1,5,Skipped,"Skipped: Role match but missing technical keywords: machine learning engineer intern, ai engineer intern"
2026-02-07T23:45:24.413187,https://fr.linkedin.com/jobs/view/intern-trader-assistant-at-engie-international-supply-energy-management-4350686142?refId=yFhH1xivIxDLvR09urA0ew%3D%3D&trackingId=aVgH1J%2BZmsbFHzed85wFOg%3D%3D&position=3&pageNum=1,Intern - Trader Assistant,Internship,Internship,2026-01-21,ENGIE - International Supply & Energy Management,https://gems.engie.com,,,,https://fr.linkedin.com/jobs/view/intern-trader-assistant-at-engie-international-supply-energy-management-4350686142?refId=yFhH1xivIxDLvR09urA0ew%3D%3D&trackingId=aVgH1J%2BZmsbFHzed85wFOg%3D%3D&position=3&pageNum=1,5,Skipped,"Skipped: Role match but missing technical keywords: machine learning engineer intern, data scientist intern, ai engineer intern, research intern"
2026-02-07T23:45:24.417308,https://fr.linkedin.com/jobs/view/stage-en-tourisme-at-indie-campers-4366942411?refId=OlFbuCuERjQrtvFzFrUiVg%3D%3D&trackingId=d9wNkn12%2Fr%2BZMV4EMt4t3w%3D%3D&position=25&pageNum=2,Stage en Tourisme,Full-time,Internship,2026-01-28,Indie Campers,https://indiecampers.com,,,,https://fr.linkedin.com/jobs/view/stage-en-tourisme-at-indie-campers-4366942411?refId=OlFbuCuERjQrtvFzFrUiVg%3D%3D&trackingId=d9wNkn12%2Fr%2BZMV4EMt4t3w%3D%3D&position=25&pageNum=2,0,Skipped,Skipped: Job title 'Stage en Tourisme' doesn't match ML/Data keywords
2026-02-07T23:45:24.422918,https://fr.linkedin.com/jobs/view/financial-analyst-intern-at-amazon-4335233610?refId=yFhH1xivIxDLvR09urA0ew%3D%3D&trackingId=t1G1aOVBkg1giLTzaRc3Ng%3D%3D&position=2&pageNum=1,Financial Analyst Intern,Full-time,Not Applicable,2026-02-04,Amazon,https://www.aboutamazon.com/,,,,https://fr.linkedin.com/jobs/view/financial-analyst-intern-at-amazon-4335233610?refId=yFhH1xivIxDLvR09urA0ew%3D%3D&trackingId=t1G1aOVBkg1giLTzaRc3Ng%3D%3D&position=2&pageNum=1,5,Skipped,"Skipped: Role match but missing technical keywords: machine learning engineer intern, data scientist intern, ai engineer intern, research intern"
2026-02-07T23:52:38.459039,https://fr.linkedin.com/jobs/view/global-editorial-content-marketing-stage-intern-paris-at-cozycozy-com-4337099031?refId=TDT4kYD8Vj5nWFUYbH8V7g%3D%3D&trackingId=lQ3UhALmdZBf3pExPHbyxg%3D%3D&position=24&pageNum=0,"Global Editorial Content Marketing Stage / Intern, Paris",Internship,Not Applicable,2025-11-20,cozycozy.com,https://www.cozycozy.com,,,,https://fr.linkedin.com/jobs/view/global-editorial-content-marketing-stage-intern-paris-at-cozycozy-com-4337099031?refId=TDT4kYD8Vj5nWFUYbH8V7g%3D%3D&trackingId=lQ3UhALmdZBf3pExPHbyxg%3D%3D&position=24&pageNum=0,5,Skipped,"Skipped: Role match but missing technical keywords: machine learning engineer intern, data scientist intern, ai engineer intern, research intern"
2026-02-07T23:52:38.462443,https://fr.linkedin.com/jobs/view/strategy-consultant-internship-private-equity-lyon-f-h-at-indefi-4325718969?refId=TDT4kYD8Vj5nWFUYbH8V7g%3D%3D&trackingId=bM17Rl%2BXmOa2EV%2F7H6pJZg%3D%3D&position=25&pageNum=0,Strategy Consultant Internship - Private Equity - Lyon F/H,Internship,Internship,2025-12-04,INDEFI,http://www.indefi.com,,,,https://fr.linkedin.com/jobs/view/strategy-consultant-internship-private-equity-lyon-f-h-at-indefi-4325718969?refId=TDT4kYD8Vj5nWFUYbH8V7g%3D%3D&trackingId=bM17Rl%2BXmOa2EV%2F7H6pJZg%3D%3D&position=25&pageNum=0,5,Skipped,"Skipped: Role match but missing technical keywords: machine learning engineer intern, data scientist intern, ai engineer intern, research intern"
2026-02-07T23:52:38.466124,https://fr.linkedin.com/jobs/view/revenue-operations-intern-at-swan-4329689579?refId=TDT4kYD8Vj5nWFUYbH8V7g%3D%3D&trackingId=tsDtDVlfh43mSk37a6Zqzw%3D%3D&position=22&pageNum=0,Revenue Operations Intern,Internship,Internship,2025-12-31,Swan,https://swan.io,,,,https://fr.linkedin.com/jobs/view/revenue-operations-intern-at-swan-4329689579?refId=TDT4kYD8Vj5nWFUYbH8V7g%3D%3D&trackingId=tsDtDVlfh43mSk37a6Zqzw%3D%3D&position=22&pageNum=0,5,Skipped,"Skipped: Role match but missing technical keywords: machine learning engineer intern, data scientist intern, ai engineer intern, research intern"
2026-02-07T23:52:38.469733,https://fr.linkedin.com/jobs/view/intern-global-talent-acquisition-project-management-h-f-at-lacoste-4297589491?refId=TDT4kYD8Vj5nWFUYbH8V7g%3D%3D&trackingId=DUZqCHP9qjh1Rx60ZJ29Yw%3D%3D&position=23&pageNum=0,Intern Global Talent Acquisition Project Management (H/F),Full-time,Not Applicable,2025-09-08,Lacoste,https://corporate.lacoste.com/,,,,https://fr.linkedin.com/jobs/view/intern-global-talent-acquisition-project-management-h-f-at-lacoste-4297589491?refId=TDT4kYD8Vj5nWFUYbH8V7g%3D%3D&trackingId=DUZqCHP9qjh1Rx60ZJ29Yw%3D%3D&position=23&pageNum=0,5,Skipped,"Skipped: Role match but missing technical keywords: machine learning engineer intern, data scientist intern, ai engineer intern, research intern"
2026-02-07T23:52:38.473096,https://fr.linkedin.com/jobs/view/stage-assistant-consultant-paid-social-h-f-at-dentsu-4345376920?refId=TDT4kYD8Vj5nWFUYbH8V7g%3D%3D&trackingId=lHI%2BQV8K2ZFZfoU57CmqdA%3D%3D&position=19&pageNum=0,STAGE - Assistant Consultant Paid Social H/F,Full-time,Internship,2026-01-12,dentsu,https://bit.ly/3lDa6Ff,,,,https://fr.linkedin.com/jobs/view/stage-assistant-consultant-paid-social-h-f-at-dentsu-4345376920?refId=TDT4kYD8Vj5nWFUYbH8V7g%3D%3D&trackingId=lHI%2BQV8K2ZFZfoU57CmqdA%3D%3D&position=19&pageNum=0,0,Skipped,Skipped: Job title 'STAGE - Assistant Consultant Paid Social H/F' doesn't match ML/Data keywords
2026-02-07T23:52:38.476521,https://fr.linkedin.com/jobs/view/oliver-wyman-stage-2a-polytechnique-paris-france-at-oliver-wyman-4359427349?refId=TDT4kYD8Vj5nWFUYbH8V7g%3D%3D&trackingId=E0XVYRIzueZ%2B6SSqXnCXzg%3D%3D&position=20&pageNum=0,Oliver Wyman - Stage 2A Polytechnique - Paris (France),Internship,Not Applicable,2026-01-31,Oliver Wyman,http://www.oliverwyman.com,,,,https://fr.linkedin.com/jobs/view/oliver-wyman-stage-2a-polytechnique-paris-france-at-oliver-wyman-4359427349?refId=TDT4kYD8Vj5nWFUYbH8V7g%3D%3D&trackingId=E0XVYRIzueZ%2B6SSqXnCXzg%3D%3D&position=20&pageNum=0,0,Skipped,Skipped: Job title 'Oliver Wyman - Stage 2A Polytechnique - Paris (France)' doesn't match ML/Data keywords
2026-02-07T23:52:38.478898,https://fr.linkedin.com/jobs/view/stage-marketing-operations-f-h-at-worldline-4332768064?refId=TDT4kYD8Vj5nWFUYbH8V7g%3D%3D&trackingId=6nDVxO%2FZXrKmawzQxLkpLA%3D%3D&position=21&pageNum=0,Stage - Marketing Operations (F/H),Internship,Entry level,2026-02-06,Worldline,http://worldline.com,,,,https://fr.linkedin.com/jobs/view/stage-marketing-operations-f-h-at-worldline-4332768064?refId=TDT4kYD8Vj5nWFUYbH8V7g%3D%3D&trackingId=6nDVxO%2FZXrKmawzQxLkpLA%3D%3D&position=21&pageNum=0,0,Skipped,Skipped: Job title 'Stage - Marketing Operations (F/H)' doesn't match ML/Data keywords
2026-02-07T23:52:38.481063,https://fr.linkedin.com/jobs/view/kering-data-product-owner-stage-at-kering-4361320470?refId=TDT4kYD8Vj5nWFUYbH8V7g%3D%3D&trackingId=vtgAwIhg5Q0oIIwmHJbk7g%3D%3D&position=18&pageNum=0,KERING Data Product Owner (stage),Full-time,Internship,2026-01-13,Kering,https://www.kering.com/en,,,,https://fr.linkedin.com/jobs/view/kering-data-product-owner-stage-at-kering-4361320470?refId=TDT4kYD8Vj5nWFUYbH8V7g%3D%3D&trackingId=vtgAwIhg5Q0oIIwmHJbk7g%3D%3D&position=18&pageNum=0,5,Skipped,Skipped: Role match but missing technical keywords: data scientist intern
2026-02-07T23:52:38.483152,https://fr.linkedin.com/jobs/view/intern-web-editor-gq-at-cond%C3%A9-nast-4362960775?refId=TDT4kYD8Vj5nWFUYbH8V7g%3D%3D&trackingId=%2B%2FOY0Lc%2FB8PxGrRC33p4xQ%3D%3D&position=14&pageNum=0,Intern Web Editor GQ,Full-time,Internship,2026-02-05,Condé Nast,http://www.condenast.com,,,,https://fr.linkedin.com/jobs/view/intern-web-editor-gq-at-cond%C3%A9-nast-4362960775?refId=TDT4kYD8Vj5nWFUYbH8V7g%3D%3D&trackingId=%2B%2FOY0Lc%2FB8PxGrRC33p4xQ%3D%3D&position=14&pageNum=0,5,Skipped,"Skipped: Role match but missing technical keywords: machine learning engineer intern, data scientist intern, ai engineer intern, research intern"
2026-02-07T23:52:38.485208,https://fr.linkedin.com/jobs/view/stage-global-strategy-intern-h-f-at-edenred-4365982064?refId=TDT4kYD8Vj5nWFUYbH8V7g%3D%3D&trackingId=OBeWqKSWvLIT7If%2F6w1VSA%3D%3D&position=16&pageNum=0,Stage - Global Strategy Intern (H/F),Internship,Internship,2026-01-27,Edenred,https://www.edenred.com,,,,https://fr.linkedin.com/jobs/view/stage-global-strategy-intern-h-f-at-edenred-4365982064?refId=TDT4kYD8Vj5nWFUYbH8V7g%3D%3D&trackingId=OBeWqKSWvLIT7If%2F6w1VSA%3D%3D&position=16&pageNum=0,5,Skipped,"Skipped: Role match but missing technical keywords: machine learning engineer intern, data scientist intern, ai engineer intern, research intern"
2026-02-07T23:52:38.487281,https://fr.linkedin.com/jobs/view/strategy-consultant-internship-private-equity-paris-f-h-at-indefi-4362145931?refId=TDT4kYD8Vj5nWFUYbH8V7g%3D%3D&trackingId=kluoyr6MdGCacE0v0JN1pA%3D%3D&position=13&pageNum=0,Strategy Consultant Internship - Private Equity - Paris F/H,Internship,Internship,2026-01-22,INDEFI,http://www.indefi.com,,,,https://fr.linkedin.com/jobs/view/strategy-consultant-internship-private-equity-paris-f-h-at-indefi-4362145931?refId=TDT4kYD8Vj5nWFUYbH8V7g%3D%3D&trackingId=kluoyr6MdGCacE0v0JN1pA%3D%3D&position=13&pageNum=0,5,Skipped,"Skipped: Role match but missing technical keywords: machine learning engineer intern, data scientist intern, ai engineer intern, research intern"
2026-02-07T23:52:38.489598,https://fr.linkedin.com/jobs/view/corporate-strategy-analyst-stage-paris-at-papernest-4367849121?refId=TDT4kYD8Vj5nWFUYbH8V7g%3D%3D&trackingId=AeFL6bExzQ8Ks95jWICv5A%3D%3D&position=17&pageNum=0,Corporate Strategy Analyst - Stage - Paris,Other,Not Applicable,2026-01-21,papernest,http://www.papernest.com,,,,https://fr.linkedin.com/jobs/view/corporate-strategy-analyst-stage-paris-at-papernest-4367849121?refId=TDT4kYD8Vj5nWFUYbH8V7g%3D%3D&trackingId=AeFL6bExzQ8Ks95jWICv5A%3D%3D&position=17&pageNum=0,0,Skipped,Skipped: Job title 'Corporate Strategy Analyst - Stage - Paris' doesn't match ML/Data keywords
2026-02-07T23:52:38.518683,https://fr.linkedin.com/jobs/view/data-analyst-assistant-operations-europe-stage-f-h-at-christian-dior-couture-4328475713?refId=TDT4kYD8Vj5nWFUYbH8V7g%3D%3D&trackingId=cAzGvHA2yNHZ2ccVYquH8w%3D%3D&position=8&pageNum=0,Data Analyst Assistant Operations Europe - Stage F/H,Full-time,Internship,2026-02-02,Christian Dior Couture,https://www.dior.com/carrieres/index.html,,,,https://fr.linkedin.com/jobs/view/data-analyst-assistant-operations-europe-stage-f-h-at-christian-dior-couture-4328475713?refId=TDT4kYD8Vj5nWFUYbH8V7g%3D%3D&trackingId=cAzGvHA2yNHZ2ccVYquH8w%3D%3D&position=8&pageNum=0,5,Skipped,Skipped: Role match but missing technical keywords: data scientist intern
2026-02-07T23:52:38.521883,https://fr.linkedin.com/jobs/view/vc-analyst-intern-at-wind-4353019038?refId=TDT4kYD8Vj5nWFUYbH8V7g%3D%3D&trackingId=iu%2B3C4iBlyDkhbup6EqcXw%3D%3D&position=12&pageNum=0,VC Analyst Intern,Internship,Internship,2026-01-15,Wind,http://wind.capital,,,,https://fr.linkedin.com/jobs/view/vc-analyst-intern-at-wind-4353019038?refId=TDT4kYD8Vj5nWFUYbH8V7g%3D%3D&trackingId=iu%2B3C4iBlyDkhbup6EqcXw%3D%3D&position=12&pageNum=0,5,Skipped,"Skipped: Role match but missing technical keywords: machine learning engineer intern, data scientist intern, ai engineer intern, research intern"
2026-02-07T23:52:38.524462,https://fr.linkedin.com/jobs/view/internship-chief-of-staff-at-twoway-4357429590?refId=TDT4kYD8Vj5nWFUYbH8V7g%3D%3D&trackingId=2%2FgPiHY1i%2Fy2o5AyZdxKrQ%3D%3D&position=9&pageNum=0,[Internship] Chief of Staff,Internship,Internship,2026-02-03,TwoWay,https://www.twoway.finance/,,,,https://fr.linkedin.com/jobs/view/internship-chief-of-staff-at-twoway-4357429590?refId=TDT4kYD8Vj5nWFUYbH8V7g%3D%3D&trackingId=2%2FgPiHY1i%2Fy2o5AyZdxKrQ%3D%3D&position=9&pageNum=0,5,Skipped,"Skipped: Role match but missing technical keywords: machine learning engineer intern, data scientist intern, ai engineer intern, research intern"
2026-02-07T23:52:38.541067,https://fr.linkedin.com/jobs/view/founder-associate-intern-at-n%C5%ABmi%C2%AE-4336590083?refId=TDT4kYD8Vj5nWFUYbH8V7g%3D%3D&trackingId=4U5L%2FZ5zntj%2BBZdRIH36AQ%3D%3D&position=10&pageNum=0,Founder associate intern,Internship,Internship,2025-10-23,Nūmi®,https://www.numi.life/,,,,https://fr.linkedin.com/jobs/view/founder-associate-intern-at-n%C5%ABmi%C2%AE-4336590083?refId=TDT4kYD8Vj5nWFUYbH8V7g%3D%3D&trackingId=4U5L%2FZ5zntj%2BBZdRIH36AQ%3D%3D&position=10&pageNum=0,5,Skipped,"Skipped: Role match but missing technical keywords: machine learning engineer intern, data scientist intern, ai engineer intern, research intern"
2026-02-07T23:52:38.548227,https://fr.linkedin.com/jobs/view/technology-growth-equity-investment-intern-starting-july-september-2026-for-6-months-at-revaia-4365517336?refId=TDT4kYD8Vj5nWFUYbH8V7g%3D%3D&trackingId=%2BhBFhY4DJR9%2F1H%2FQuyE9Ug%3D%3D&position=11&pageNum=0,Technology Growth Equity - Investment Intern - Starting July/September 2026 for 6 months,Internship,Internship,2026-01-23,Revaia,https://revaia.com,,,,https://fr.linkedin.com/jobs/view/technology-growth-equity-investment-intern-starting-july-september-2026-for-6-months-at-revaia-4365517336?refId=TDT4kYD8Vj5nWFUYbH8V7g%3D%3D&trackingId=%2BhBFhY4DJR9%2F1H%2FQuyE9Ug%3D%3D&position=11&pageNum=0,5,Skipped,"Skipped: Role match but missing technical keywords: machine learning engineer intern, data scientist intern, ai engineer intern, research intern"
2026-02-07T23:52:38.552085,https://fr.linkedin.com/jobs/view/intern-chinese-project-analyst-h-f-at-richemont-4360856769?refId=TDT4kYD8Vj5nWFUYbH8V7g%3D%3D&trackingId=9JI8hZwggGaIYhkx91%2BsXQ%3D%3D&position=6&pageNum=0,Intern - Chinese Project Analyst (H/F),Full-time,Internship,2026-01-19,Richemont,http://www.richemont.com/,,,,https://fr.linkedin.com/jobs/view/intern-chinese-project-analyst-h-f-at-richemont-4360856769?refId=TDT4kYD8Vj5nWFUYbH8V7g%3D%3D&trackingId=9JI8hZwggGaIYhkx91%2BsXQ%3D%3D&position=6&pageNum=0,5,Skipped,"Skipped: Role match but missing technical keywords: machine learning engineer intern, data scientist intern, ai engineer intern, research intern"
2026-02-07T23:52:38.554457,https://fr.linkedin.com/jobs/view/stage-marketing-analyst-consumer-insight-h-f-at-richemont-4368757407?refId=TDT4kYD8Vj5nWFUYbH8V7g%3D%3D&trackingId=%2FLkfwuAKrZxpVBMAoDYudg%3D%3D&position=5&pageNum=0,Stage - Marketing Analyst Consumer Insight (H/F),Full-time,Internship,2026-02-04,Richemont,http://www.richemont.com/,,,,https://fr.linkedin.com/jobs/view/stage-marketing-analyst-consumer-insight-h-f-at-richemont-4368757407?refId=TDT4kYD8Vj5nWFUYbH8V7g%3D%3D&trackingId=%2FLkfwuAKrZxpVBMAoDYudg%3D%3D&position=5&pageNum=0,0,Skipped,Skipped: Job title 'Stage - Marketing Analyst Consumer Insight (H/F)' doesn't match ML/Data keywords
2026-02-07T23:52:38.556756,https://fr.linkedin.com/jobs/view/software-engineering-full-stack-intern-in-sydney-australia-at-inautalent-4366978981?refId=TDT4kYD8Vj5nWFUYbH8V7g%3D%3D&trackingId=2pKtRIGC4A%2FcHqrFOf89uA%3D%3D&position=3&pageNum=0,"Software Engineering (Full-Stack) Intern - in Sydney, Australia",Full-time,Internship,2026-01-29,INAUTALENT,https://inautalent.com/,,,,https://fr.linkedin.com/jobs/view/software-engineering-full-stack-intern-in-sydney-australia-at-inautalent-4366978981?refId=TDT4kYD8Vj5nWFUYbH8V7g%3D%3D&trackingId=2pKtRIGC4A%2FcHqrFOf89uA%3D%3D&position=3&pageNum=0,5,Skipped,"Skipped: Role match but missing technical keywords: machine learning engineer intern, data scientist intern, ai engineer intern, research intern"
2026-02-07T23:52:38.561103,https://fr.linkedin.com/jobs/view/stage-assistant-e-chef-de-projet-marketing-ev%C3%A8nementiel-horlogerie-joaillerie-europe-juillet-2026-at-chanel-4329220344?refId=TDT4kYD8Vj5nWFUYbH8V7g%3D%3D&trackingId=9adg51Ng8zLXDyPSTfoiYg%3D%3D&position=1&pageNum=0,STAGE - Assistant(e) Chef de Projet Marketing & Evènementiel - Horlogerie Joaillerie EUROPE - Juillet 2026,Full-time,Internship,2026-02-04,CHANEL,http://www.chanel.com,,,,https://fr.linkedin.com/jobs/view/stage-assistant-e-chef-de-projet-marketing-ev%C3%A8nementiel-horlogerie-joaillerie-europe-juillet-2026-at-chanel-4329220344?refId=TDT4kYD8Vj5nWFUYbH8V7g%3D%3D&trackingId=9adg51Ng8zLXDyPSTfoiYg%3D%3D&position=1&pageNum=0,0,Skipped,Skipped: Job title 'STAGE - Assistant(e) Chef de Projet Marketing & Evènementiel - Horlogerie Joaillerie EUROPE - Juillet 2026' doesn't match ML/Data keywords
2026-02-07T23:52:38.565015,https://fr.linkedin.com/jobs/view/software-engineering-full-stack-intern-in-sydney-australia-at-inautalent-4366981885?refId=TDT4kYD8Vj5nWFUYbH8V7g%3D%3D&trackingId=Sqw4SyVslZJNoNVxLEdZNA%3D%3D&position=4&pageNum=0,"Software Engineering (Full-Stack) Intern - in Sydney, Australia",Full-time,Internship,2026-01-29,INAUTALENT,https://inautalent.com/,,,,https://fr.linkedin.com/jobs/view/software-engineering-full-stack-intern-in-sydney-australia-at-inautalent-4366981885?refId=TDT4kYD8Vj5nWFUYbH8V7g%3D%3D&trackingId=Sqw4SyVslZJNoNVxLEdZNA%3D%3D&position=4&pageNum=0,5,Skipped,"Skipped: Role match but missing technical keywords: machine learning engineer intern, data scientist intern, ai engineer intern, research intern"
2026-02-07T23:52:38.568260,https://fr.linkedin.com/jobs/view/stage-controlling-global-h-f-at-urgo-medical-4368275622?refId=TDT4kYD8Vj5nWFUYbH8V7g%3D%3D&trackingId=KyeLz%2FCnjBf4JvooFWukkw%3D%3D&position=7&pageNum=0,Stage Controlling Global (H/F),Internship,Internship,2026-02-03,Urgo Medical,http://urgomedical.com,,,,https://fr.linkedin.com/jobs/view/stage-controlling-global-h-f-at-urgo-medical-4368275622?refId=TDT4kYD8Vj5nWFUYbH8V7g%3D%3D&trackingId=KyeLz%2FCnjBf4JvooFWukkw%3D%3D&position=7&pageNum=0,0,Skipped,Skipped: Job title 'Stage Controlling Global (H/F)' doesn't match ML/Data keywords
2026-02-07T23:52:38.571036,https://fr.linkedin.com/jobs/view/solutions-engineer-intern-at-bigblue-4332308160?refId=yFhH1xivIxDLvR09urA0ew%3D%3D&trackingId=a21eGsX%2BTYhkExJy2sNeyg%3D%3D&position=7&pageNum=1,Solutions Engineer intern,Internship,Not Applicable,2025-10-27,Bigblue,https://www.bigblue.co/,,,,https://fr.linkedin.com/jobs/view/solutions-engineer-intern-at-bigblue-4332308160?refId=yFhH1xivIxDLvR09urA0ew%3D%3D&trackingId=a21eGsX%2BTYhkExJy2sNeyg%3D%3D&position=7&pageNum=1,5,Skipped,"Skipped: Role match but missing technical keywords: machine learning engineer intern, data scientist intern, ai engineer intern, research intern"
2026-02-07T23:52:38.573489,https://fr.linkedin.com/jobs/view/operations-intern-r%C3%A9gion-centre-start-date-2026-at-amazon-4308670140?refId=yFhH1xivIxDLvR09urA0ew%3D%3D&trackingId=fMAlcvvNor83YcvyLt5BwQ%3D%3D&position=24&pageNum=1,Operations Intern - Région Centre - Start Date 2026,Full-time,Internship,2026-02-05,Amazon,https://www.aboutamazon.com/,,,,https://fr.linkedin.com/jobs/view/operations-intern-r%C3%A9gion-centre-start-date-2026-at-amazon-4308670140?refId=yFhH1xivIxDLvR09urA0ew%3D%3D&trackingId=fMAlcvvNor83YcvyLt5BwQ%3D%3D&position=24&pageNum=1,5,Skipped,"Skipped: Role match but missing technical keywords: machine learning engineer intern, data scientist intern, ai engineer intern, research intern"
2026-02-07T23:52:38.578317,https://fr.linkedin.com/jobs/view/intern-film-grain-analysis-at-interdigital-inc-4365350699?refId=yFhH1xivIxDLvR09urA0ew%3D%3D&trackingId=TTufTbIQwywO9TStZrC9gw%3D%3D&position=8&pageNum=1,"Intern, Film Grain Analysis",Internship,Internship,2026-01-22,"InterDigital, Inc.",http://www.interdigital.com,,,,https://fr.linkedin.com/jobs/view/intern-film-grain-analysis-at-interdigital-inc-4365350699?refId=yFhH1xivIxDLvR09urA0ew%3D%3D&trackingId=TTufTbIQwywO9TStZrC9gw%3D%3D&position=8&pageNum=1,5,Skipped,"Skipped: Role match but missing technical keywords: machine learning engineer intern, data scientist intern, ai engineer intern, research intern"
2026-02-07T23:52:38.581800,https://fr.linkedin.com/jobs/view/stage-aliad-venture-capital-operations-controller-intern-h-f-at-air-liquide-4369972084?refId=yFhH1xivIxDLvR09urA0ew%3D%3D&trackingId=iM%2Bhd5m4KtnVVwqxNEa3XQ%3D%3D&position=25&pageNum=1,Stage - ALIAD - Venture Capital & Operations Controller Intern H/F,Full-time,Internship,2026-02-06,Air Liquide,http://www.airliquide.com,,,,https://fr.linkedin.com/jobs/view/stage-aliad-venture-capital-operations-controller-intern-h-f-at-air-liquide-4369972084?refId=yFhH1xivIxDLvR09urA0ew%3D%3D&trackingId=iM%2Bhd5m4KtnVVwqxNEa3XQ%3D%3D&position=25&pageNum=1,5,Skipped,"Skipped: Role match but missing technical keywords: machine learning engineer intern, data scientist intern, ai engineer intern, research intern"
2026-02-07T23:52:38.618749,https://fr.linkedin.com/jobs/view/stage-en-tourisme-at-indie-campers-4346307286?refId=yFhH1xivIxDLvR09urA0ew%3D%3D&trackingId=QrS%2BHMov5Y6o5O6QSC57tw%3D%3D&position=22&pageNum=1,Stage en Tourisme,Full-time,Internship,2025-12-26,Indie Campers,https://indiecampers.com,,,,https://fr.linkedin.com/jobs/view/stage-en-tourisme-at-indie-campers-4346307286?refId=yFhH1xivIxDLvR09urA0ew%3D%3D&trackingId=QrS%2BHMov5Y6o5O6QSC57tw%3D%3D&position=22&pageNum=1,0,Skipped,Skipped: Job title 'Stage en Tourisme' doesn't match ML/Data keywords
2026-02-07T23:52:38.622939,https://fr.linkedin.com/jobs/view/financial-analyst-intern-at-acca-careers-4365741298?refId=yFhH1xivIxDLvR09urA0ew%3D%3D&trackingId=rQ3egVgwyracXZgDzQZIcA%3D%3D&position=21&pageNum=1,Financial Analyst Intern,Internship,Internship,2026-01-23,ACCA Careers,https://jobs.accaglobal.com/,,,,https://fr.linkedin.com/jobs/view/financial-analyst-intern-at-acca-careers-4365741298?refId=yFhH1xivIxDLvR09urA0ew%3D%3D&trackingId=rQ3egVgwyracXZgDzQZIcA%3D%3D&position=21&pageNum=1,5,Skipped,"Skipped: Role match but missing technical keywords: machine learning engineer intern, data scientist intern, ai engineer intern, research intern"
2026-02-07T23:52:38.626798,https://fr.linkedin.com/jobs/view/fp-a-analyst-europe-apprentice-or-intern-f-h-at-catalina-marketing-costa-rica-4348313459?refId=yFhH1xivIxDLvR09urA0ew%3D%3D&trackingId=2M6B0KrPg%2BjfsZkLvbHPNg%3D%3D&position=20&pageNum=1,FP&A Analyst Europe Apprentice or Intern F/H,Internship,Internship,2025-12-03,Catalina Marketing Costa Rica,https://www.catalina.com,,,,https://fr.linkedin.com/jobs/view/fp-a-analyst-europe-apprentice-or-intern-f-h-at-catalina-marketing-costa-rica-4348313459?refId=yFhH1xivIxDLvR09urA0ew%3D%3D&trackingId=2M6B0KrPg%2BjfsZkLvbHPNg%3D%3D&position=20&pageNum=1,5,Skipped,"Skipped: Role match but missing technical keywords: machine learning engineer intern, data scientist intern, ai engineer intern, research intern"
2026-02-07T23:52:38.631208,https://fr.linkedin.com/jobs/view/stage-go-to-market-product-intern-at-havas-media-france-4265332688?refId=yFhH1xivIxDLvR09urA0ew%3D%3D&trackingId=IOtLtnlyWW2753%2FlTrm9pg%3D%3D&position=19&pageNum=1,STAGE - GO TO MARKET PRODUCT INTERN,Full-time,Internship,2025-09-11,Havas Media France,https://havasmedianetwork.com,,,,https://fr.linkedin.com/jobs/view/stage-go-to-market-product-intern-at-havas-media-france-4265332688?refId=yFhH1xivIxDLvR09urA0ew%3D%3D&trackingId=IOtLtnlyWW2753%2FlTrm9pg%3D%3D&position=19&pageNum=1,5,Skipped,"Skipped: Role match but missing technical keywords: machine learning engineer intern, data scientist intern, ai engineer intern, research intern"
2026-02-07T23:52:38.634776,https://fr.linkedin.com/jobs/view/strategy-operations-intern-paris-at-sunday-4362605280?refId=yFhH1xivIxDLvR09urA0ew%3D%3D&trackingId=sVfjHYZo4aen0TtssYg6Uw%3D%3D&position=18&pageNum=1,Strategy & Operations Intern - Paris,Full-time,Internship,2026-01-22,sunday,http://www.sundayapp.com,,,,https://fr.linkedin.com/jobs/view/strategy-operations-intern-paris-at-sunday-4362605280?refId=yFhH1xivIxDLvR09urA0ew%3D%3D&trackingId=sVfjHYZo4aen0TtssYg6Uw%3D%3D&position=18&pageNum=1,5,Skipped,"Skipped: Role match but missing technical keywords: machine learning engineer intern, data scientist intern, ai engineer intern, research intern"
2026-02-07T23:52:38.638025,https://fr.linkedin.com/jobs/view/stage-aliad-venture-capital-operations-controller-intern-h-f-at-air-liquide-4361372947?refId=yFhH1xivIxDLvR09urA0ew%3D%3D&trackingId=V%2F6DvbXlKbYbFyaoC5u2zw%3D%3D&position=13&pageNum=1,Stage - ALIAD - Venture Capital & Operations Controller Intern H/F,Full-time,Internship,2026-02-04,Air Liquide,http://www.airliquide.com,,,,https://fr.linkedin.com/jobs/view/stage-aliad-venture-capital-operations-controller-intern-h-f-at-air-liquide-4361372947?refId=yFhH1xivIxDLvR09urA0ew%3D%3D&trackingId=V%2F6DvbXlKbYbFyaoC5u2zw%3D%3D&position=13&pageNum=1,5,Skipped,"Skipped: Role match but missing technical keywords: machine learning engineer intern, data scientist intern, ai engineer intern, research intern"
2026-02-07T23:52:38.682223,https://fr.linkedin.com/jobs/view/talent-acquisition-coordinator-internship-at-alice-bob-4369951744?refId=yFhH1xivIxDLvR09urA0ew%3D%3D&trackingId=uNZR9yroR9f09CxN5gHYJw%3D%3D&position=14&pageNum=1,Talent Acquisition Coordinator - Internship,Internship,Not Applicable,2026-02-06,Alice & Bob,https://alice-bob.com/,,,,https://fr.linkedin.com/jobs/view/talent-acquisition-coordinator-internship-at-alice-bob-4369951744?refId=yFhH1xivIxDLvR09urA0ew%3D%3D&trackingId=uNZR9yroR9f09CxN5gHYJw%3D%3D&position=14&pageNum=1,5,Skipped,"Skipped: Role match but missing technical keywords: machine learning engineer intern, data scientist intern, ai engineer intern, research intern"
2026-02-07T23:52:38.685442,https://fr.linkedin.com/jobs/view/assistant-chef-de-projet-si-europe-f-h-stage-at-christian-dior-couture-4328665539?refId=TDT4kYD8Vj5nWFUYbH8V7g%3D%3D&trackingId=uU8kcnZDxsB1qIA3Bq2YhQ%3D%3D&position=2&pageNum=0,Assistant Chef de Projet SI Europe F/H - STAGE,Full-time,Internship,2026-02-02,Christian Dior Couture,https://www.dior.com/carrieres/index.html,,,,https://fr.linkedin.com/jobs/view/assistant-chef-de-projet-si-europe-f-h-stage-at-christian-dior-couture-4328665539?refId=TDT4kYD8Vj5nWFUYbH8V7g%3D%3D&trackingId=uU8kcnZDxsB1qIA3Bq2YhQ%3D%3D&position=2&pageNum=0,0,Skipped,Skipped: Job title 'Assistant Chef de Projet SI Europe F/H - STAGE' doesn't match ML/Data keywords
2026-02-07T23:52:38.688766,https://fr.linkedin.com/jobs/view/business-program-management-apprentice-at-microsoft-4365270837?refId=yFhH1xivIxDLvR09urA0ew%3D%3D&trackingId=HuFaUqkwtL9bXDOeGiPszA%3D%3D&position=16&pageNum=1,Business Program Management Apprentice,Full-time,Not Applicable,2026-01-22,Microsoft,https://news.microsoft.com/,,,,https://fr.linkedin.com/jobs/view/business-program-management-apprentice-at-microsoft-4365270837?refId=yFhH1xivIxDLvR09urA0ew%3D%3D&trackingId=HuFaUqkwtL9bXDOeGiPszA%3D%3D&position=16&pageNum=1,0,Skipped,Skipped: Job title 'Business Program Management Apprentice' doesn't match ML/Data keywords
2026-02-07T23:52:38.691161,https://fr.linkedin.com/jobs/view/automotive-recruiter-intern-at-mechanics-body-shops-marketplace-4264768443?refId=yFhH1xivIxDLvR09urA0ew%3D%3D&trackingId=wx9GDqfvjpZ78sQRrfo2UA%3D%3D&position=11&pageNum=1,Automotive Recruiter Intern,Internship,Internship,2025-07-09,Mechanics & Body Shops Marketplace,https://www.mechanicsmarketplace.com,,,,https://fr.linkedin.com/jobs/view/automotive-recruiter-intern-at-mechanics-body-shops-marketplace-4264768443?refId=yFhH1xivIxDLvR09urA0ew%3D%3D&trackingId=wx9GDqfvjpZ78sQRrfo2UA%3D%3D&position=11&pageNum=1,5,Skipped,"Skipped: Role match but missing technical keywords: machine learning engineer intern, data scientist intern, ai engineer intern, research intern"
2026-02-07T23:52:38.694251,https://fr.linkedin.com/jobs/view/client-experience-retail-assistant-stage-h-f-at-lemaire-4358818219?refId=yFhH1xivIxDLvR09urA0ew%3D%3D&trackingId=a3EKdmiw9Y%2BrGL8aEZDOYw%3D%3D&position=15&pageNum=1,Client Experience Retail Assistant - Stage (H/F),Internship,Internship,2026-02-04,LEMAIRE,http://www.lemaire.fr/,,,,https://fr.linkedin.com/jobs/view/client-experience-retail-assistant-stage-h-f-at-lemaire-4358818219?refId=yFhH1xivIxDLvR09urA0ew%3D%3D&trackingId=a3EKdmiw9Y%2BrGL8aEZDOYw%3D%3D&position=15&pageNum=1,0,Skipped,Skipped: Job title 'Client Experience Retail Assistant - Stage (H/F)' doesn't match ML/Data keywords
2026-02-07T23:52:38.697551,https://fr.linkedin.com/jobs/view/balenciaga-e-commerce-content-production-intern-march-2026-f-h-at-balenciaga-4365087443?refId=yFhH1xivIxDLvR09urA0ew%3D%3D&trackingId=snc%2Br3Gvz9LRCKQF3Q76AA%3D%3D&position=4&pageNum=1,BALENCIAGA - E-Commerce Content Production Intern - March 2026 (F/H),Full-time,Not Applicable,2026-01-21,BALENCIAGA,http://www.balenciaga.com,,,,https://fr.linkedin.com/jobs/view/balenciaga-e-commerce-content-production-intern-march-2026-f-h-at-balenciaga-4365087443?refId=yFhH1xivIxDLvR09urA0ew%3D%3D&trackingId=snc%2Br3Gvz9LRCKQF3Q76AA%3D%3D&position=4&pageNum=1,5,Skipped,"Skipped: Role match but missing technical keywords: machine learning engineer intern, data scientist intern, ai engineer intern, research intern"
2026-02-07T23:52:38.700114,https://fr.linkedin.com/jobs/view/operations-intern-%C3%AEle-de-france-start-date-2026-at-amazon-4308423942?refId=yFhH1xivIxDLvR09urA0ew%3D%3D&trackingId=wV6Ufpd%2BdrxTJJQsAQXxjw%3D%3D&position=9&pageNum=1,Operations Intern - Île de France - Start Date 2026,Full-time,Internship,2026-02-06,Amazon,https://www.aboutamazon.com/,,,,https://fr.linkedin.com/jobs/view/operations-intern-%C3%AEle-de-france-start-date-2026-at-amazon-4308423942?refId=yFhH1xivIxDLvR09urA0ew%3D%3D&trackingId=wV6Ufpd%2BdrxTJJQsAQXxjw%3D%3D&position=9&pageNum=1,5,Skipped,"Skipped: Role match but missing technical keywords: machine learning engineer intern, data scientist intern, ai engineer intern, research intern"
2026-02-07T23:52:38.702459,https://fr.linkedin.com/jobs/view/operations-intern-%C3%AEle-de-france-start-date-2026-at-amazon-4308419993?refId=yFhH1xivIxDLvR09urA0ew%3D%3D&trackingId=PoSPAS88rAImWRFYqaQ%2BNA%3D%3D&position=6&pageNum=1,Operations Intern - Île de France - Start Date 2026,Full-time,Internship,2026-02-06,Amazon,https://www.aboutamazon.com/,,,,https://fr.linkedin.com/jobs/view/operations-intern-%C3%AEle-de-france-start-date-2026-at-amazon-4308419993?refId=yFhH1xivIxDLvR09urA0ew%3D%3D&trackingId=PoSPAS88rAImWRFYqaQ%2BNA%3D%3D&position=6&pageNum=1,5,Skipped,"Skipped: Role match but missing technical keywords: machine learning engineer intern, data scientist intern, ai engineer intern, research intern"
2026-02-07T23:52:38.705577,https://fr.linkedin.com/jobs/view/intern-analyst-portfolio-manager-assistant-active-advisory-at-ubs-4328860268?refId=yFhH1xivIxDLvR09urA0ew%3D%3D&trackingId=YCWavid5kzTp8bBc7T61Gg%3D%3D&position=10&pageNum=1,Intern - Analyst & Portfolio Manager Assistant - Active Advisory,Full-time,Entry level,2026-02-03,UBS,http://www.ubs.com/about,,,,https://fr.linkedin.com/jobs/view/intern-analyst-portfolio-manager-assistant-active-advisory-at-ubs-4328860268?refId=yFhH1xivIxDLvR09urA0ew%3D%3D&trackingId=YCWavid5kzTp8bBc7T61Gg%3D%3D&position=10&pageNum=1,5,Skipped,"Skipped: Role match but missing technical keywords: machine learning engineer intern, data scientist intern, ai engineer intern, research intern"
2026-02-07T23:52:38.708407,https://fr.linkedin.com/jobs/view/stage-engineering-compliance-h-f-at-klepierre-4366810515?refId=yFhH1xivIxDLvR09urA0ew%3D%3D&trackingId=aAAplg5cw%2FZxJCukZBCZNQ%3D%3D&position=5&pageNum=1,Stage - Engineering Compliance H/F,Internship,Internship,2026-01-29,KLEPIERRE,http://www.klepierre.com,,,,https://fr.linkedin.com/jobs/view/stage-engineering-compliance-h-f-at-klepierre-4366810515?refId=yFhH1xivIxDLvR09urA0ew%3D%3D&trackingId=aAAplg5cw%2FZxJCukZBCZNQ%3D%3D&position=5&pageNum=1,5,Skipped,"Skipped: Role match but missing technical keywords: machine learning engineer intern, ai engineer intern"
2026-02-07T23:52:38.712868,https://fr.linkedin.com/jobs/view/intern-trader-assistant-at-engie-international-supply-energy-management-4350686142?refId=yFhH1xivIxDLvR09urA0ew%3D%3D&trackingId=aVgH1J%2BZmsbFHzed85wFOg%3D%3D&position=3&pageNum=1,Intern - Trader Assistant,Internship,Internship,2026-01-21,ENGIE - International Supply & Energy Management,https://gems.engie.com,,,,https://fr.linkedin.com/jobs/view/intern-trader-assistant-at-engie-international-supply-energy-management-4350686142?refId=yFhH1xivIxDLvR09urA0ew%3D%3D&trackingId=aVgH1J%2BZmsbFHzed85wFOg%3D%3D&position=3&pageNum=1,5,Skipped,"Skipped: Role match but missing technical keywords: machine learning engineer intern, data scientist intern, ai engineer intern, research intern"
2026-02-07T23:52:38.716614,https://fr.linkedin.com/jobs/view/stage-en-tourisme-at-indie-campers-4366942411?refId=OlFbuCuERjQrtvFzFrUiVg%3D%3D&trackingId=d9wNkn12%2Fr%2BZMV4EMt4t3w%3D%3D&position=25&pageNum=2,Stage en Tourisme,Full-time,Internship,2026-01-28,Indie Campers,https://indiecampers.com,,,,https://fr.linkedin.com/jobs/view/stage-en-tourisme-at-indie-campers-4366942411?refId=OlFbuCuERjQrtvFzFrUiVg%3D%3D&trackingId=d9wNkn12%2Fr%2BZMV4EMt4t3w%3D%3D&position=25&pageNum=2,0,Skipped,Skipped: Job title 'Stage en Tourisme' doesn't match ML/Data keywords
2026-02-07T23:52:38.720153,https://fr.linkedin.com/jobs/view/financial-analyst-intern-at-amazon-4335233610?refId=yFhH1xivIxDLvR09urA0ew%3D%3D&trackingId=t1G1aOVBkg1giLTzaRc3Ng%3D%3D&position=2&pageNum=1,Financial Analyst Intern,Full-time,Not Applicable,2026-02-04,Amazon,https://www.aboutamazon.com/,,,,https://fr.linkedin.com/jobs/view/financial-analyst-intern-at-amazon-4335233610?refId=yFhH1xivIxDLvR09urA0ew%3D%3D&trackingId=t1G1aOVBkg1giLTzaRc3Ng%3D%3D&position=2&pageNum=1,5,Skipped,"Skipped: Role match but missing technical keywords: machine learning engineer intern, data scientist intern, ai engineer intern, research intern"
2026-02-07T23:54:12.400320,https://fr.linkedin.com/jobs/view/global-editorial-content-marketing-stage-intern-paris-at-cozycozy-com-4337099031?refId=TDT4kYD8Vj5nWFUYbH8V7g%3D%3D&trackingId=lQ3UhALmdZBf3pExPHbyxg%3D%3D&position=24&pageNum=0,"Global Editorial Content Marketing Stage / Intern, Paris",Internship,Not Applicable,2025-11-20,cozycozy.com,https://www.cozycozy.com,,,,https://fr.linkedin.com/jobs/view/global-editorial-content-marketing-stage-intern-paris-at-cozycozy-com-4337099031?refId=TDT4kYD8Vj5nWFUYbH8V7g%3D%3D&trackingId=lQ3UhALmdZBf3pExPHbyxg%3D%3D&position=24&pageNum=0,5,Skipped,"Skipped: Role match but missing technical keywords: machine learning engineer intern, data scientist intern, ai engineer intern, research intern"
2026-02-07T23:54:12.403096,https://fr.linkedin.com/jobs/view/strategy-consultant-internship-private-equity-lyon-f-h-at-indefi-4325718969?refId=TDT4kYD8Vj5nWFUYbH8V7g%3D%3D&trackingId=bM17Rl%2BXmOa2EV%2F7H6pJZg%3D%3D&position=25&pageNum=0,Strategy Consultant Internship - Private Equity - Lyon F/H,Internship,Internship,2025-12-04,INDEFI,http://www.indefi.com,,,,https://fr.linkedin.com/jobs/view/strategy-consultant-internship-private-equity-lyon-f-h-at-indefi-4325718969?refId=TDT4kYD8Vj5nWFUYbH8V7g%3D%3D&trackingId=bM17Rl%2BXmOa2EV%2F7H6pJZg%3D%3D&position=25&pageNum=0,5,Skipped,"Skipped: Role match but missing technical keywords: machine learning engineer intern, data scientist intern, ai engineer intern, research intern"
2026-02-07T23:54:12.405515,https://fr.linkedin.com/jobs/view/revenue-operations-intern-at-swan-4329689579?refId=TDT4kYD8Vj5nWFUYbH8V7g%3D%3D&trackingId=tsDtDVlfh43mSk37a6Zqzw%3D%3D&position=22&pageNum=0,Revenue Operations Intern,Internship,Internship,2025-12-31,Swan,https://swan.io,,,,https://fr.linkedin.com/jobs/view/revenue-operations-intern-at-swan-4329689579?refId=TDT4kYD8Vj5nWFUYbH8V7g%3D%3D&trackingId=tsDtDVlfh43mSk37a6Zqzw%3D%3D&position=22&pageNum=0,5,Skipped,"Skipped: Role match but missing technical keywords: machine learning engineer intern, data scientist intern, ai engineer intern, research intern"
2026-02-07T23:54:12.407843,https://fr.linkedin.com/jobs/view/intern-global-talent-acquisition-project-management-h-f-at-lacoste-4297589491?refId=TDT4kYD8Vj5nWFUYbH8V7g%3D%3D&trackingId=DUZqCHP9qjh1Rx60ZJ29Yw%3D%3D&position=23&pageNum=0,Intern Global Talent Acquisition Project Management (H/F),Full-time,Not Applicable,2025-09-08,Lacoste,https://corporate.lacoste.com/,,,,https://fr.linkedin.com/jobs/view/intern-global-talent-acquisition-project-management-h-f-at-lacoste-4297589491?refId=TDT4kYD8Vj5nWFUYbH8V7g%3D%3D&trackingId=DUZqCHP9qjh1Rx60ZJ29Yw%3D%3D&position=23&pageNum=0,5,Skipped,"Skipped: Role match but missing technical keywords: machine learning engineer intern, data scientist intern, ai engineer intern, research intern"
2026-02-07T23:54:12.410317,https://fr.linkedin.com/jobs/view/stage-assistant-consultant-paid-social-h-f-at-dentsu-4345376920?refId=TDT4kYD8Vj5nWFUYbH8V7g%3D%3D&trackingId=lHI%2BQV8K2ZFZfoU57CmqdA%3D%3D&position=19&pageNum=0,STAGE - Assistant Consultant Paid Social H/F,Full-time,Internship,2026-01-12,dentsu,https://bit.ly/3lDa6Ff,,,,https://fr.linkedin.com/jobs/view/stage-assistant-consultant-paid-social-h-f-at-dentsu-4345376920?refId=TDT4kYD8Vj5nWFUYbH8V7g%3D%3D&trackingId=lHI%2BQV8K2ZFZfoU57CmqdA%3D%3D&position=19&pageNum=0,0,Skipped,Skipped: Job title 'STAGE - Assistant Consultant Paid Social H/F' doesn't match ML/Data keywords
2026-02-07T23:54:12.413173,https://fr.linkedin.com/jobs/view/oliver-wyman-stage-2a-polytechnique-paris-france-at-oliver-wyman-4359427349?refId=TDT4kYD8Vj5nWFUYbH8V7g%3D%3D&trackingId=E0XVYRIzueZ%2B6SSqXnCXzg%3D%3D&position=20&pageNum=0,Oliver Wyman - Stage 2A Polytechnique - Paris (France),Internship,Not Applicable,2026-01-31,Oliver Wyman,http://www.oliverwyman.com,,,,https://fr.linkedin.com/jobs/view/oliver-wyman-stage-2a-polytechnique-paris-france-at-oliver-wyman-4359427349?refId=TDT4kYD8Vj5nWFUYbH8V7g%3D%3D&trackingId=E0XVYRIzueZ%2B6SSqXnCXzg%3D%3D&position=20&pageNum=0,0,Skipped,Skipped: Job title 'Oliver Wyman - Stage 2A Polytechnique - Paris (France)' doesn't match ML/Data keywords
2026-02-07T23:54:12.416402,https://fr.linkedin.com/jobs/view/stage-marketing-operations-f-h-at-worldline-4332768064?refId=TDT4kYD8Vj5nWFUYbH8V7g%3D%3D&trackingId=6nDVxO%2FZXrKmawzQxLkpLA%3D%3D&position=21&pageNum=0,Stage - Marketing Operations (F/H),Internship,Entry level,2026-02-06,Worldline,http://worldline.com,,,,https://fr.linkedin.com/jobs/view/stage-marketing-operations-f-h-at-worldline-4332768064?refId=TDT4kYD8Vj5nWFUYbH8V7g%3D%3D&trackingId=6nDVxO%2FZXrKmawzQxLkpLA%3D%3D&position=21&pageNum=0,0,Skipped,Skipped: Job title 'Stage - Marketing Operations (F/H)' doesn't match ML/Data keywords
2026-02-07T23:54:12.419677,https://fr.linkedin.com/jobs/view/kering-data-product-owner-stage-at-kering-4361320470?refId=TDT4kYD8Vj5nWFUYbH8V7g%3D%3D&trackingId=vtgAwIhg5Q0oIIwmHJbk7g%3D%3D&position=18&pageNum=0,KERING Data Product Owner (stage),Full-time,Internship,2026-01-13,Kering,https://www.kering.com/en,,,,https://fr.linkedin.com/jobs/view/kering-data-product-owner-stage-at-kering-4361320470?refId=TDT4kYD8Vj5nWFUYbH8V7g%3D%3D&trackingId=vtgAwIhg5Q0oIIwmHJbk7g%3D%3D&position=18&pageNum=0,5,Skipped,Skipped: Role match but missing technical keywords: data scientist intern
2026-02-07T23:54:12.422484,https://fr.linkedin.com/jobs/view/intern-web-editor-gq-at-cond%C3%A9-nast-4362960775?refId=TDT4kYD8Vj5nWFUYbH8V7g%3D%3D&trackingId=%2B%2FOY0Lc%2FB8PxGrRC33p4xQ%3D%3D&position=14&pageNum=0,Intern Web Editor GQ,Full-time,Internship,2026-02-05,Condé Nast,http://www.condenast.com,,,,https://fr.linkedin.com/jobs/view/intern-web-editor-gq-at-cond%C3%A9-nast-4362960775?refId=TDT4kYD8Vj5nWFUYbH8V7g%3D%3D&trackingId=%2B%2FOY0Lc%2FB8PxGrRC33p4xQ%3D%3D&position=14&pageNum=0,5,Skipped,"Skipped: Role match but missing technical keywords: machine learning engineer intern, data scientist intern, ai engineer intern, research intern"
2026-02-07T23:54:12.426104,https://fr.linkedin.com/jobs/view/stage-global-strategy-intern-h-f-at-edenred-4365982064?refId=TDT4kYD8Vj5nWFUYbH8V7g%3D%3D&trackingId=OBeWqKSWvLIT7If%2F6w1VSA%3D%3D&position=16&pageNum=0,Stage - Global Strategy Intern (H/F),Internship,Internship,2026-01-27,Edenred,https://www.edenred.com,,,,https://fr.linkedin.com/jobs/view/stage-global-strategy-intern-h-f-at-edenred-4365982064?refId=TDT4kYD8Vj5nWFUYbH8V7g%3D%3D&trackingId=OBeWqKSWvLIT7If%2F6w1VSA%3D%3D&position=16&pageNum=0,5,Skipped,"Skipped: Role match but missing technical keywords: machine learning engineer intern, data scientist intern, ai engineer intern, research intern"
2026-02-07T23:54:12.429381,https://fr.linkedin.com/jobs/view/strategy-consultant-internship-private-equity-paris-f-h-at-indefi-4362145931?refId=TDT4kYD8Vj5nWFUYbH8V7g%3D%3D&trackingId=kluoyr6MdGCacE0v0JN1pA%3D%3D&position=13&pageNum=0,Strategy Consultant Internship - Private Equity - Paris F/H,Internship,Internship,2026-01-22,INDEFI,http://www.indefi.com,,,,https://fr.linkedin.com/jobs/view/strategy-consultant-internship-private-equity-paris-f-h-at-indefi-4362145931?refId=TDT4kYD8Vj5nWFUYbH8V7g%3D%3D&trackingId=kluoyr6MdGCacE0v0JN1pA%3D%3D&position=13&pageNum=0,5,Skipped,"Skipped: Role match but missing technical keywords: machine learning engineer intern, data scientist intern, ai engineer intern, research intern"
2026-02-07T23:54:12.432813,https://fr.linkedin.com/jobs/view/corporate-strategy-analyst-stage-paris-at-papernest-4367849121?refId=TDT4kYD8Vj5nWFUYbH8V7g%3D%3D&trackingId=AeFL6bExzQ8Ks95jWICv5A%3D%3D&position=17&pageNum=0,Corporate Strategy Analyst - Stage - Paris,Other,Not Applicable,2026-01-21,papernest,http://www.papernest.com,,,,https://fr.linkedin.com/jobs/view/corporate-strategy-analyst-stage-paris-at-papernest-4367849121?refId=TDT4kYD8Vj5nWFUYbH8V7g%3D%3D&trackingId=AeFL6bExzQ8Ks95jWICv5A%3D%3D&position=17&pageNum=0,0,Skipped,Skipped: Job title 'Corporate Strategy Analyst - Stage - Paris' doesn't match ML/Data keywords
2026-02-07T23:54:12.526755,https://fr.linkedin.com/jobs/view/data-analyst-assistant-operations-europe-stage-f-h-at-christian-dior-couture-4328475713?refId=TDT4kYD8Vj5nWFUYbH8V7g%3D%3D&trackingId=cAzGvHA2yNHZ2ccVYquH8w%3D%3D&position=8&pageNum=0,Data Analyst Assistant Operations Europe - Stage F/H,Full-time,Internship,2026-02-02,Christian Dior Couture,https://www.dior.com/carrieres/index.html,,,,https://fr.linkedin.com/jobs/view/data-analyst-assistant-operations-europe-stage-f-h-at-christian-dior-couture-4328475713?refId=TDT4kYD8Vj5nWFUYbH8V7g%3D%3D&trackingId=cAzGvHA2yNHZ2ccVYquH8w%3D%3D&position=8&pageNum=0,5,Skipped,Skipped: Role match but missing technical keywords: data scientist intern
2026-02-07T23:54:12.530454,https://fr.linkedin.com/jobs/view/vc-analyst-intern-at-wind-4353019038?refId=TDT4kYD8Vj5nWFUYbH8V7g%3D%3D&trackingId=iu%2B3C4iBlyDkhbup6EqcXw%3D%3D&position=12&pageNum=0,VC Analyst Intern,Internship,Internship,2026-01-15,Wind,http://wind.capital,,,,https://fr.linkedin.com/jobs/view/vc-analyst-intern-at-wind-4353019038?refId=TDT4kYD8Vj5nWFUYbH8V7g%3D%3D&trackingId=iu%2B3C4iBlyDkhbup6EqcXw%3D%3D&position=12&pageNum=0,5,Skipped,"Skipped: Role match but missing technical keywords: machine learning engineer intern, data scientist intern, ai engineer intern, research intern"
2026-02-07T23:54:12.533352,https://fr.linkedin.com/jobs/view/internship-chief-of-staff-at-twoway-4357429590?refId=TDT4kYD8Vj5nWFUYbH8V7g%3D%3D&trackingId=2%2FgPiHY1i%2Fy2o5AyZdxKrQ%3D%3D&position=9&pageNum=0,[Internship] Chief of Staff,Internship,Internship,2026-02-03,TwoWay,https://www.twoway.finance/,,,,https://fr.linkedin.com/jobs/view/internship-chief-of-staff-at-twoway-4357429590?refId=TDT4kYD8Vj5nWFUYbH8V7g%3D%3D&trackingId=2%2FgPiHY1i%2Fy2o5AyZdxKrQ%3D%3D&position=9&pageNum=0,5,Skipped,"Skipped: Role match but missing technical keywords: machine learning engineer intern, data scientist intern, ai engineer intern, research intern"
2026-02-07T23:54:12.549876,https://fr.linkedin.com/jobs/view/founder-associate-intern-at-n%C5%ABmi%C2%AE-4336590083?refId=TDT4kYD8Vj5nWFUYbH8V7g%3D%3D&trackingId=4U5L%2FZ5zntj%2BBZdRIH36AQ%3D%3D&position=10&pageNum=0,Founder associate intern,Internship,Internship,2025-10-23,Nūmi®,https://www.numi.life/,,,,https://fr.linkedin.com/jobs/view/founder-associate-intern-at-n%C5%ABmi%C2%AE-4336590083?refId=TDT4kYD8Vj5nWFUYbH8V7g%3D%3D&trackingId=4U5L%2FZ5zntj%2BBZdRIH36AQ%3D%3D&position=10&pageNum=0,5,Skipped,"Skipped: Role match but missing technical keywords: machine learning engineer intern, data scientist intern, ai engineer intern, research intern"
2026-02-07T23:54:12.553645,https://fr.linkedin.com/jobs/view/technology-growth-equity-investment-intern-starting-july-september-2026-for-6-months-at-revaia-4365517336?refId=TDT4kYD8Vj5nWFUYbH8V7g%3D%3D&trackingId=%2BhBFhY4DJR9%2F1H%2FQuyE9Ug%3D%3D&position=11&pageNum=0,Technology Growth Equity - Investment Intern - Starting July/September 2026 for 6 months,Internship,Internship,2026-01-23,Revaia,https://revaia.com,,,,https://fr.linkedin.com/jobs/view/technology-growth-equity-investment-intern-starting-july-september-2026-for-6-months-at-revaia-4365517336?refId=TDT4kYD8Vj5nWFUYbH8V7g%3D%3D&trackingId=%2BhBFhY4DJR9%2F1H%2FQuyE9Ug%3D%3D&position=11&pageNum=0,5,Skipped,"Skipped: Role match but missing technical keywords: machine learning engineer intern, data scientist intern, ai engineer intern, research intern"
2026-02-07T23:54:12.557367,https://fr.linkedin.com/jobs/view/intern-chinese-project-analyst-h-f-at-richemont-4360856769?refId=TDT4kYD8Vj5nWFUYbH8V7g%3D%3D&trackingId=9JI8hZwggGaIYhkx91%2BsXQ%3D%3D&position=6&pageNum=0,Intern - Chinese Project Analyst (H/F),Full-time,Internship,2026-01-19,Richemont,http://www.richemont.com/,,,,https://fr.linkedin.com/jobs/view/intern-chinese-project-analyst-h-f-at-richemont-4360856769?refId=TDT4kYD8Vj5nWFUYbH8V7g%3D%3D&trackingId=9JI8hZwggGaIYhkx91%2BsXQ%3D%3D&position=6&pageNum=0,5,Skipped,"Skipped: Role match but missing technical keywords: machine learning engineer intern, data scientist intern, ai engineer intern, research intern"
2026-02-07T23:54:12.560817,https://fr.linkedin.com/jobs/view/stage-marketing-analyst-consumer-insight-h-f-at-richemont-4368757407?refId=TDT4kYD8Vj5nWFUYbH8V7g%3D%3D&trackingId=%2FLkfwuAKrZxpVBMAoDYudg%3D%3D&position=5&pageNum=0,Stage - Marketing Analyst Consumer Insight (H/F),Full-time,Internship,2026-02-04,Richemont,http://www.richemont.com/,,,,https://fr.linkedin.com/jobs/view/stage-marketing-analyst-consumer-insight-h-f-at-richemont-4368757407?refId=TDT4kYD8Vj5nWFUYbH8V7g%3D%3D&trackingId=%2FLkfwuAKrZxpVBMAoDYudg%3D%3D&position=5&pageNum=0,0,Skipped,Skipped: Job title 'Stage - Marketing Analyst Consumer Insight (H/F)' doesn't match ML/Data keywords
2026-02-07T23:54:12.564269,https://fr.linkedin.com/jobs/view/software-engineering-full-stack-intern-in-sydney-australia-at-inautalent-4366978981?refId=TDT4kYD8Vj5nWFUYbH8V7g%3D%3D&trackingId=2pKtRIGC4A%2FcHqrFOf89uA%3D%3D&position=3&pageNum=0,"Software Engineering (Full-Stack) Intern - in Sydney, Australia",Full-time,Internship,2026-01-29,INAUTALENT,https://inautalent.com/,,,,https://fr.linkedin.com/jobs/view/software-engineering-full-stack-intern-in-sydney-australia-at-inautalent-4366978981?refId=TDT4kYD8Vj5nWFUYbH8V7g%3D%3D&trackingId=2pKtRIGC4A%2FcHqrFOf89uA%3D%3D&position=3&pageNum=0,5,Skipped,"Skipped: Role match but missing technical keywords: machine learning engineer intern, data scientist intern, ai engineer intern, research intern"
2026-02-07T23:54:12.568447,https://fr.linkedin.com/jobs/view/stage-assistant-e-chef-de-projet-marketing-ev%C3%A8nementiel-horlogerie-joaillerie-europe-juillet-2026-at-chanel-4329220344?refId=TDT4kYD8Vj5nWFUYbH8V7g%3D%3D&trackingId=9adg51Ng8zLXDyPSTfoiYg%3D%3D&position=1&pageNum=0,STAGE - Assistant(e) Chef de Projet Marketing & Evènementiel - Horlogerie Joaillerie EUROPE - Juillet 2026,Full-time,Internship,2026-02-04,CHANEL,http://www.chanel.com,,,,https://fr.linkedin.com/jobs/view/stage-assistant-e-chef-de-projet-marketing-ev%C3%A8nementiel-horlogerie-joaillerie-europe-juillet-2026-at-chanel-4329220344?refId=TDT4kYD8Vj5nWFUYbH8V7g%3D%3D&trackingId=9adg51Ng8zLXDyPSTfoiYg%3D%3D&position=1&pageNum=0,0,Skipped,Skipped: Job title 'STAGE - Assistant(e) Chef de Projet Marketing & Evènementiel - Horlogerie Joaillerie EUROPE - Juillet 2026' doesn't match ML/Data keywords
2026-02-07T23:54:12.572557,https://fr.linkedin.com/jobs/view/software-engineering-full-stack-intern-in-sydney-australia-at-inautalent-4366981885?refId=TDT4kYD8Vj5nWFUYbH8V7g%3D%3D&trackingId=Sqw4SyVslZJNoNVxLEdZNA%3D%3D&position=4&pageNum=0,"Software Engineering (Full-Stack) Intern - in Sydney, Australia",Full-time,Internship,2026-01-29,INAUTALENT,https://inautalent.com/,,,,https://fr.linkedin.com/jobs/view/software-engineering-full-stack-intern-in-sydney-australia-at-inautalent-4366981885?refId=TDT4kYD8Vj5nWFUYbH8V7g%3D%3D&trackingId=Sqw4SyVslZJNoNVxLEdZNA%3D%3D&position=4&pageNum=0,5,Skipped,"Skipped: Role match but missing technical keywords: machine learning engineer intern, data scientist intern, ai engineer intern, research intern"
2026-02-07T23:54:12.577025,https://fr.linkedin.com/jobs/view/stage-controlling-global-h-f-at-urgo-medical-4368275622?refId=TDT4kYD8Vj5nWFUYbH8V7g%3D%3D&trackingId=KyeLz%2FCnjBf4JvooFWukkw%3D%3D&position=7&pageNum=0,Stage Controlling Global (H/F),Internship,Internship,2026-02-03,Urgo Medical,http://urgomedical.com,,,,https://fr.linkedin.com/jobs/view/stage-controlling-global-h-f-at-urgo-medical-4368275622?refId=TDT4kYD8Vj5nWFUYbH8V7g%3D%3D&trackingId=KyeLz%2FCnjBf4JvooFWukkw%3D%3D&position=7&pageNum=0,0,Skipped,Skipped: Job title 'Stage Controlling Global (H/F)' doesn't match ML/Data keywords
2026-02-07T23:54:12.580970,https://fr.linkedin.com/jobs/view/solutions-engineer-intern-at-bigblue-4332308160?refId=yFhH1xivIxDLvR09urA0ew%3D%3D&trackingId=a21eGsX%2BTYhkExJy2sNeyg%3D%3D&position=7&pageNum=1,Solutions Engineer intern,Internship,Not Applicable,2025-10-27,Bigblue,https://www.bigblue.co/,,,,https://fr.linkedin.com/jobs/view/solutions-engineer-intern-at-bigblue-4332308160?refId=yFhH1xivIxDLvR09urA0ew%3D%3D&trackingId=a21eGsX%2BTYhkExJy2sNeyg%3D%3D&position=7&pageNum=1,5,Skipped,"Skipped: Role match but missing technical keywords: machine learning engineer intern, data scientist intern, ai engineer intern, research intern"
2026-02-07T23:54:12.584300,https://fr.linkedin.com/jobs/view/operations-intern-r%C3%A9gion-centre-start-date-2026-at-amazon-4308670140?refId=yFhH1xivIxDLvR09urA0ew%3D%3D&trackingId=fMAlcvvNor83YcvyLt5BwQ%3D%3D&position=24&pageNum=1,Operations Intern - Région Centre - Start Date 2026,Full-time,Internship,2026-02-05,Amazon,https://www.aboutamazon.com/,,,,https://fr.linkedin.com/jobs/view/operations-intern-r%C3%A9gion-centre-start-date-2026-at-amazon-4308670140?refId=yFhH1xivIxDLvR09urA0ew%3D%3D&trackingId=fMAlcvvNor83YcvyLt5BwQ%3D%3D&position=24&pageNum=1,5,Skipped,"Skipped: Role match but missing technical keywords: machine learning engineer intern, data scientist intern, ai engineer intern, research intern"
2026-02-07T23:54:12.588941,https://fr.linkedin.com/jobs/view/intern-film-grain-analysis-at-interdigital-inc-4365350699?refId=yFhH1xivIxDLvR09urA0ew%3D%3D&trackingId=TTufTbIQwywO9TStZrC9gw%3D%3D&position=8&pageNum=1,"Intern, Film Grain Analysis",Internship,Internship,2026-01-22,"InterDigital, Inc.",http://www.interdigital.com,,,,https://fr.linkedin.com/jobs/view/intern-film-grain-analysis-at-interdigital-inc-4365350699?refId=yFhH1xivIxDLvR09urA0ew%3D%3D&trackingId=TTufTbIQwywO9TStZrC9gw%3D%3D&position=8&pageNum=1,5,Skipped,"Skipped: Role match but missing technical keywords: machine learning engineer intern, data scientist intern, ai engineer intern, research intern"
2026-02-07T23:54:12.593602,https://fr.linkedin.com/jobs/view/stage-aliad-venture-capital-operations-controller-intern-h-f-at-air-liquide-4369972084?refId=yFhH1xivIxDLvR09urA0ew%3D%3D&trackingId=iM%2Bhd5m4KtnVVwqxNEa3XQ%3D%3D&position=25&pageNum=1,Stage - ALIAD - Venture Capital & Operations Controller Intern H/F,Full-time,Internship,2026-02-06,Air Liquide,http://www.airliquide.com,,,,https://fr.linkedin.com/jobs/view/stage-aliad-venture-capital-operations-controller-intern-h-f-at-air-liquide-4369972084?refId=yFhH1xivIxDLvR09urA0ew%3D%3D&trackingId=iM%2Bhd5m4KtnVVwqxNEa3XQ%3D%3D&position=25&pageNum=1,5,Skipped,"Skipped: Role match but missing technical keywords: machine learning engineer intern, data scientist intern, ai engineer intern, research intern"
2026-02-07T23:54:12.675187,https://fr.linkedin.com/jobs/view/stage-en-tourisme-at-indie-campers-4346307286?refId=yFhH1xivIxDLvR09urA0ew%3D%3D&trackingId=QrS%2BHMov5Y6o5O6QSC57tw%3D%3D&position=22&pageNum=1,Stage en Tourisme,Full-time,Internship,2025-12-26,Indie Campers,https://indiecampers.com,,,,https://fr.linkedin.com/jobs/view/stage-en-tourisme-at-indie-campers-4346307286?refId=yFhH1xivIxDLvR09urA0ew%3D%3D&trackingId=QrS%2BHMov5Y6o5O6QSC57tw%3D%3D&position=22&pageNum=1,0,Skipped,Skipped: Job title 'Stage en Tourisme' doesn't match ML/Data keywords
2026-02-07T23:54:12.678034,https://fr.linkedin.com/jobs/view/financial-analyst-intern-at-acca-careers-4365741298?refId=yFhH1xivIxDLvR09urA0ew%3D%3D&trackingId=rQ3egVgwyracXZgDzQZIcA%3D%3D&position=21&pageNum=1,Financial Analyst Intern,Internship,Internship,2026-01-23,ACCA Careers,https://jobs.accaglobal.com/,,,,https://fr.linkedin.com/jobs/view/financial-analyst-intern-at-acca-careers-4365741298?refId=yFhH1xivIxDLvR09urA0ew%3D%3D&trackingId=rQ3egVgwyracXZgDzQZIcA%3D%3D&position=21&pageNum=1,5,Skipped,"Skipped: Role match but missing technical keywords: machine learning engineer intern, data scientist intern, ai engineer intern, research intern"
2026-02-07T23:54:12.681924,https://fr.linkedin.com/jobs/view/fp-a-analyst-europe-apprentice-or-intern-f-h-at-catalina-marketing-costa-rica-4348313459?refId=yFhH1xivIxDLvR09urA0ew%3D%3D&trackingId=2M6B0KrPg%2BjfsZkLvbHPNg%3D%3D&position=20&pageNum=1,FP&A Analyst Europe Apprentice or Intern F/H,Internship,Internship,2025-12-03,Catalina Marketing Costa Rica,https://www.catalina.com,,,,https://fr.linkedin.com/jobs/view/fp-a-analyst-europe-apprentice-or-intern-f-h-at-catalina-marketing-costa-rica-4348313459?refId=yFhH1xivIxDLvR09urA0ew%3D%3D&trackingId=2M6B0KrPg%2BjfsZkLvbHPNg%3D%3D&position=20&pageNum=1,5,Skipped,"Skipped: Role match but missing technical keywords: machine learning engineer intern, data scientist intern, ai engineer intern, research intern"
2026-02-07T23:54:12.685786,https://fr.linkedin.com/jobs/view/stage-go-to-market-product-intern-at-havas-media-france-4265332688?refId=yFhH1xivIxDLvR09urA0ew%3D%3D&trackingId=IOtLtnlyWW2753%2FlTrm9pg%3D%3D&position=19&pageNum=1,STAGE - GO TO MARKET PRODUCT INTERN,Full-time,Internship,2025-09-11,Havas Media France,https://havasmedianetwork.com,,,,https://fr.linkedin.com/jobs/view/stage-go-to-market-product-intern-at-havas-media-france-4265332688?refId=yFhH1xivIxDLvR09urA0ew%3D%3D&trackingId=IOtLtnlyWW2753%2FlTrm9pg%3D%3D&position=19&pageNum=1,5,Skipped,"Skipped: Role match but missing technical keywords: machine learning engineer intern, data scientist intern, ai engineer intern, research intern"
2026-02-07T23:54:12.689289,https://fr.linkedin.com/jobs/view/strategy-operations-intern-paris-at-sunday-4362605280?refId=yFhH1xivIxDLvR09urA0ew%3D%3D&trackingId=sVfjHYZo4aen0TtssYg6Uw%3D%3D&position=18&pageNum=1,Strategy & Operations Intern - Paris,Full-time,Internship,2026-01-22,sunday,http://www.sundayapp.com,,,,https://fr.linkedin.com/jobs/view/strategy-operations-intern-paris-at-sunday-4362605280?refId=yFhH1xivIxDLvR09urA0ew%3D%3D&trackingId=sVfjHYZo4aen0TtssYg6Uw%3D%3D&position=18&pageNum=1,5,Skipped,"Skipped: Role match but missing technical keywords: machine learning engineer intern, data scientist intern, ai engineer intern, research intern"
2026-02-07T23:54:12.692538,https://fr.linkedin.com/jobs/view/stage-aliad-venture-capital-operations-controller-intern-h-f-at-air-liquide-4361372947?refId=yFhH1xivIxDLvR09urA0ew%3D%3D&trackingId=V%2F6DvbXlKbYbFyaoC5u2zw%3D%3D&position=13&pageNum=1,Stage - ALIAD - Venture Capital & Operations Controller Intern H/F,Full-time,Internship,2026-02-04,Air Liquide,http://www.airliquide.com,,,,https://fr.linkedin.com/jobs/view/stage-aliad-venture-capital-operations-controller-intern-h-f-at-air-liquide-4361372947?refId=yFhH1xivIxDLvR09urA0ew%3D%3D&trackingId=V%2F6DvbXlKbYbFyaoC5u2zw%3D%3D&position=13&pageNum=1,5,Skipped,"Skipped: Role match but missing technical keywords: machine learning engineer intern, data scientist intern, ai engineer intern, research intern"
2026-02-07T23:54:12.839197,https://fr.linkedin.com/jobs/view/talent-acquisition-coordinator-internship-at-alice-bob-4369951744?refId=yFhH1xivIxDLvR09urA0ew%3D%3D&trackingId=uNZR9yroR9f09CxN5gHYJw%3D%3D&position=14&pageNum=1,Talent Acquisition Coordinator - Internship,Internship,Not Applicable,2026-02-06,Alice & Bob,https://alice-bob.com/,,,,https://fr.linkedin.com/jobs/view/talent-acquisition-coordinator-internship-at-alice-bob-4369951744?refId=yFhH1xivIxDLvR09urA0ew%3D%3D&trackingId=uNZR9yroR9f09CxN5gHYJw%3D%3D&position=14&pageNum=1,5,Skipped,"Skipped: Role match but missing technical keywords: machine learning engineer intern, data scientist intern, ai engineer intern, research intern"
2026-02-07T23:54:12.842871,https://fr.linkedin.com/jobs/view/assistant-chef-de-projet-si-europe-f-h-stage-at-christian-dior-couture-4328665539?refId=TDT4kYD8Vj5nWFUYbH8V7g%3D%3D&trackingId=uU8kcnZDxsB1qIA3Bq2YhQ%3D%3D&position=2&pageNum=0,Assistant Chef de Projet SI Europe F/H - STAGE,Full-time,Internship,2026-02-02,Christian Dior Couture,https://www.dior.com/carrieres/index.html,,,,https://fr.linkedin.com/jobs/view/assistant-chef-de-projet-si-europe-f-h-stage-at-christian-dior-couture-4328665539?refId=TDT4kYD8Vj5nWFUYbH8V7g%3D%3D&trackingId=uU8kcnZDxsB1qIA3Bq2YhQ%3D%3D&position=2&pageNum=0,0,Skipped,Skipped: Job title 'Assistant Chef de Projet SI Europe F/H - STAGE' doesn't match ML/Data keywords
2026-02-07T23:54:12.845241,https://fr.linkedin.com/jobs/view/business-program-management-apprentice-at-microsoft-4365270837?refId=yFhH1xivIxDLvR09urA0ew%3D%3D&trackingId=HuFaUqkwtL9bXDOeGiPszA%3D%3D&position=16&pageNum=1,Business Program Management Apprentice,Full-time,Not Applicable,2026-01-22,Microsoft,https://news.microsoft.com/,,,,https://fr.linkedin.com/jobs/view/business-program-management-apprentice-at-microsoft-4365270837?refId=yFhH1xivIxDLvR09urA0ew%3D%3D&trackingId=HuFaUqkwtL9bXDOeGiPszA%3D%3D&position=16&pageNum=1,0,Skipped,Skipped: Job title 'Business Program Management Apprentice' doesn't match ML/Data keywords
2026-02-07T23:54:12.848679,https://fr.linkedin.com/jobs/view/automotive-recruiter-intern-at-mechanics-body-shops-marketplace-4264768443?refId=yFhH1xivIxDLvR09urA0ew%3D%3D&trackingId=wx9GDqfvjpZ78sQRrfo2UA%3D%3D&position=11&pageNum=1,Automotive Recruiter Intern,Internship,Internship,2025-07-09,Mechanics & Body Shops Marketplace,https://www.mechanicsmarketplace.com,,,,https://fr.linkedin.com/jobs/view/automotive-recruiter-intern-at-mechanics-body-shops-marketplace-4264768443?refId=yFhH1xivIxDLvR09urA0ew%3D%3D&trackingId=wx9GDqfvjpZ78sQRrfo2UA%3D%3D&position=11&pageNum=1,5,Skipped,"Skipped: Role match but missing technical keywords: machine learning engineer intern, data scientist intern, ai engineer intern, research intern"
2026-02-07T23:54:12.852734,https://fr.linkedin.com/jobs/view/client-experience-retail-assistant-stage-h-f-at-lemaire-4358818219?refId=yFhH1xivIxDLvR09urA0ew%3D%3D&trackingId=a3EKdmiw9Y%2BrGL8aEZDOYw%3D%3D&position=15&pageNum=1,Client Experience Retail Assistant - Stage (H/F),Internship,Internship,2026-02-04,LEMAIRE,http://www.lemaire.fr/,,,,https://fr.linkedin.com/jobs/view/client-experience-retail-assistant-stage-h-f-at-lemaire-4358818219?refId=yFhH1xivIxDLvR09urA0ew%3D%3D&trackingId=a3EKdmiw9Y%2BrGL8aEZDOYw%3D%3D&position=15&pageNum=1,0,Skipped,Skipped: Job title 'Client Experience Retail Assistant - Stage (H/F)' doesn't match ML/Data keywords
2026-02-07T23:54:12.855611,https://fr.linkedin.com/jobs/view/balenciaga-e-commerce-content-production-intern-march-2026-f-h-at-balenciaga-4365087443?refId=yFhH1xivIxDLvR09urA0ew%3D%3D&trackingId=snc%2Br3Gvz9LRCKQF3Q76AA%3D%3D&position=4&pageNum=1,BALENCIAGA - E-Commerce Content Production Intern - March 2026 (F/H),Full-time,Not Applicable,2026-01-21,BALENCIAGA,http://www.balenciaga.com,,,,https://fr.linkedin.com/jobs/view/balenciaga-e-commerce-content-production-intern-march-2026-f-h-at-balenciaga-4365087443?refId=yFhH1xivIxDLvR09urA0ew%3D%3D&trackingId=snc%2Br3Gvz9LRCKQF3Q76AA%3D%3D&position=4&pageNum=1,5,Skipped,"Skipped: Role match but missing technical keywords: machine learning engineer intern, data scientist intern, ai engineer intern, research intern"
2026-02-07T23:54:12.857789,https://fr.linkedin.com/jobs/view/operations-intern-%C3%AEle-de-france-start-date-2026-at-amazon-4308423942?refId=yFhH1xivIxDLvR09urA0ew%3D%3D&trackingId=wV6Ufpd%2BdrxTJJQsAQXxjw%3D%3D&position=9&pageNum=1,Operations Intern - Île de France - Start Date 2026,Full-time,Internship,2026-02-06,Amazon,https://www.aboutamazon.com/,,,,https://fr.linkedin.com/jobs/view/operations-intern-%C3%AEle-de-france-start-date-2026-at-amazon-4308423942?refId=yFhH1xivIxDLvR09urA0ew%3D%3D&trackingId=wV6Ufpd%2BdrxTJJQsAQXxjw%3D%3D&position=9&pageNum=1,5,Skipped,"Skipped: Role match but missing technical keywords: machine learning engineer intern, data scientist intern, ai engineer intern, research intern"
2026-02-07T23:54:12.860253,https://fr.linkedin.com/jobs/view/operations-intern-%C3%AEle-de-france-start-date-2026-at-amazon-4308419993?refId=yFhH1xivIxDLvR09urA0ew%3D%3D&trackingId=PoSPAS88rAImWRFYqaQ%2BNA%3D%3D&position=6&pageNum=1,Operations Intern - Île de France - Start Date 2026,Full-time,Internship,2026-02-06,Amazon,https://www.aboutamazon.com/,,,,https://fr.linkedin.com/jobs/view/operations-intern-%C3%AEle-de-france-start-date-2026-at-amazon-4308419993?refId=yFhH1xivIxDLvR09urA0ew%3D%3D&trackingId=PoSPAS88rAImWRFYqaQ%2BNA%3D%3D&position=6&pageNum=1,5,Skipped,"Skipped: Role match but missing technical keywords: machine learning engineer intern, data scientist intern, ai engineer intern, research intern"
2026-02-07T23:54:12.862505,https://fr.linkedin.com/jobs/view/intern-analyst-portfolio-manager-assistant-active-advisory-at-ubs-4328860268?refId=yFhH1xivIxDLvR09urA0ew%3D%3D&trackingId=YCWavid5kzTp8bBc7T61Gg%3D%3D&position=10&pageNum=1,Intern - Analyst & Portfolio Manager Assistant - Active Advisory,Full-time,Entry level,2026-02-03,UBS,http://www.ubs.com/about,,,,https://fr.linkedin.com/jobs/view/intern-analyst-portfolio-manager-assistant-active-advisory-at-ubs-4328860268?refId=yFhH1xivIxDLvR09urA0ew%3D%3D&trackingId=YCWavid5kzTp8bBc7T61Gg%3D%3D&position=10&pageNum=1,5,Skipped,"Skipped: Role match but missing technical keywords: machine learning engineer intern, data scientist intern, ai engineer intern, research intern"
2026-02-07T23:54:12.865540,https://fr.linkedin.com/jobs/view/stage-engineering-compliance-h-f-at-klepierre-4366810515?refId=yFhH1xivIxDLvR09urA0ew%3D%3D&trackingId=aAAplg5cw%2FZxJCukZBCZNQ%3D%3D&position=5&pageNum=1,Stage - Engineering Compliance H/F,Internship,Internship,2026-01-29,KLEPIERRE,http://www.klepierre.com,,,,https://fr.linkedin.com/jobs/view/stage-engineering-compliance-h-f-at-klepierre-4366810515?refId=yFhH1xivIxDLvR09urA0ew%3D%3D&trackingId=aAAplg5cw%2FZxJCukZBCZNQ%3D%3D&position=5&pageNum=1,5,Skipped,"Skipped: Role match but missing technical keywords: machine learning engineer intern, ai engineer intern"
2026-02-07T23:54:12.868692,https://fr.linkedin.com/jobs/view/intern-trader-assistant-at-engie-international-supply-energy-management-4350686142?refId=yFhH1xivIxDLvR09urA0ew%3D%3D&trackingId=aVgH1J%2BZmsbFHzed85wFOg%3D%3D&position=3&pageNum=1,Intern - Trader Assistant,Internship,Internship,2026-01-21,ENGIE - International Supply & Energy Management,https://gems.engie.com,,,,https://fr.linkedin.com/jobs/view/intern-trader-assistant-at-engie-international-supply-energy-management-4350686142?refId=yFhH1xivIxDLvR09urA0ew%3D%3D&trackingId=aVgH1J%2BZmsbFHzed85wFOg%3D%3D&position=3&pageNum=1,5,Skipped,"Skipped: Role match but missing technical keywords: machine learning engineer intern, data scientist intern, ai engineer intern, research intern"
2026-02-07T23:54:12.871249,https://fr.linkedin.com/jobs/view/stage-en-tourisme-at-indie-campers-4366942411?refId=OlFbuCuERjQrtvFzFrUiVg%3D%3D&trackingId=d9wNkn12%2Fr%2BZMV4EMt4t3w%3D%3D&position=25&pageNum=2,Stage en Tourisme,Full-time,Internship,2026-01-28,Indie Campers,https://indiecampers.com,,,,https://fr.linkedin.com/jobs/view/stage-en-tourisme-at-indie-campers-4366942411?refId=OlFbuCuERjQrtvFzFrUiVg%3D%3D&trackingId=d9wNkn12%2Fr%2BZMV4EMt4t3w%3D%3D&position=25&pageNum=2,0,Skipped,Skipped: Job title 'Stage en Tourisme' doesn't match ML/Data keywords
2026-02-07T23:54:12.873679,https://fr.linkedin.com/jobs/view/financial-analyst-intern-at-amazon-4335233610?refId=yFhH1xivIxDLvR09urA0ew%3D%3D&trackingId=t1G1aOVBkg1giLTzaRc3Ng%3D%3D&position=2&pageNum=1,Financial Analyst Intern,Full-time,Not Applicable,2026-02-04,Amazon,https://www.aboutamazon.com/,,,,https://fr.linkedin.com/jobs/view/financial-analyst-intern-at-amazon-4335233610?refId=yFhH1xivIxDLvR09urA0ew%3D%3D&trackingId=t1G1aOVBkg1giLTzaRc3Ng%3D%3D&position=2&pageNum=1,5,Skipped,"Skipped: Role match but missing technical keywords: machine learning engineer intern, data scientist intern, ai engineer intern, research intern"
2026-02-08T01:15:09.629939,https://fr.linkedin.com/jobs/view/global-editorial-content-marketing-stage-intern-paris-at-cozycozy-com-4337099031?refId=TDT4kYD8Vj5nWFUYbH8V7g%3D%3D&trackingId=lQ3UhALmdZBf3pExPHbyxg%3D%3D&position=24&pageNum=0,"Global Editorial Content Marketing Stage / Intern, Paris",Internship,Not Applicable,2025-11-20,cozycozy.com,https://www.cozycozy.com,,,,https://fr.linkedin.com/jobs/view/global-editorial-content-marketing-stage-intern-paris-at-cozycozy-com-4337099031?refId=TDT4kYD8Vj5nWFUYbH8V7g%3D%3D&trackingId=lQ3UhALmdZBf3pExPHbyxg%3D%3D&position=24&pageNum=0,5,Skipped,"Skipped: Role match but missing technical keywords: machine learning engineer intern, data scientist intern, ai engineer intern, research intern"
2026-02-08T01:15:09.635999,https://fr.linkedin.com/jobs/view/strategy-consultant-internship-private-equity-lyon-f-h-at-indefi-4325718969?refId=TDT4kYD8Vj5nWFUYbH8V7g%3D%3D&trackingId=bM17Rl%2BXmOa2EV%2F7H6pJZg%3D%3D&position=25&pageNum=0,Strategy Consultant Internship - Private Equity - Lyon F/H,Internship,Internship,2025-12-04,INDEFI,http://www.indefi.com,,,,https://fr.linkedin.com/jobs/view/strategy-consultant-internship-private-equity-lyon-f-h-at-indefi-4325718969?refId=TDT4kYD8Vj5nWFUYbH8V7g%3D%3D&trackingId=bM17Rl%2BXmOa2EV%2F7H6pJZg%3D%3D&position=25&pageNum=0,5,Skipped,"Skipped: Role match but missing technical keywords: machine learning engineer intern, data scientist intern, ai engineer intern, research intern"
2026-02-08T01:15:09.640167,https://fr.linkedin.com/jobs/view/revenue-operations-intern-at-swan-4329689579?refId=TDT4kYD8Vj5nWFUYbH8V7g%3D%3D&trackingId=tsDtDVlfh43mSk37a6Zqzw%3D%3D&position=22&pageNum=0,Revenue Operations Intern,Internship,Internship,2025-12-31,Swan,https://swan.io,,,,https://fr.linkedin.com/jobs/view/revenue-operations-intern-at-swan-4329689579?refId=TDT4kYD8Vj5nWFUYbH8V7g%3D%3D&trackingId=tsDtDVlfh43mSk37a6Zqzw%3D%3D&position=22&pageNum=0,5,Skipped,"Skipped: Role match but missing technical keywords: machine learning engineer intern, data scientist intern, ai engineer intern, research intern"
2026-02-08T01:15:09.646072,https://fr.linkedin.com/jobs/view/intern-global-talent-acquisition-project-management-h-f-at-lacoste-4297589491?refId=TDT4kYD8Vj5nWFUYbH8V7g%3D%3D&trackingId=DUZqCHP9qjh1Rx60ZJ29Yw%3D%3D&position=23&pageNum=0,Intern Global Talent Acquisition Project Management (H/F),Full-time,Not Applicable,2025-09-08,Lacoste,https://corporate.lacoste.com/,,,,https://fr.linkedin.com/jobs/view/intern-global-talent-acquisition-project-management-h-f-at-lacoste-4297589491?refId=TDT4kYD8Vj5nWFUYbH8V7g%3D%3D&trackingId=DUZqCHP9qjh1Rx60ZJ29Yw%3D%3D&position=23&pageNum=0,5,Skipped,"Skipped: Role match but missing technical keywords: machine learning engineer intern, data scientist intern, ai engineer intern, research intern"
2026-02-08T01:15:09.650251,https://fr.linkedin.com/jobs/view/stage-assistant-consultant-paid-social-h-f-at-dentsu-4345376920?refId=TDT4kYD8Vj5nWFUYbH8V7g%3D%3D&trackingId=lHI%2BQV8K2ZFZfoU57CmqdA%3D%3D&position=19&pageNum=0,STAGE - Assistant Consultant Paid Social H/F,Full-time,Internship,2026-01-12,dentsu,https://bit.ly/3lDa6Ff,,,,https://fr.linkedin.com/jobs/view/stage-assistant-consultant-paid-social-h-f-at-dentsu-4345376920?refId=TDT4kYD8Vj5nWFUYbH8V7g%3D%3D&trackingId=lHI%2BQV8K2ZFZfoU57CmqdA%3D%3D&position=19&pageNum=0,0,Skipped,Skipped: Job title 'STAGE - Assistant Consultant Paid Social H/F' doesn't match ML/Data keywords
2026-02-08T01:15:09.655370,https://fr.linkedin.com/jobs/view/oliver-wyman-stage-2a-polytechnique-paris-france-at-oliver-wyman-4359427349?refId=TDT4kYD8Vj5nWFUYbH8V7g%3D%3D&trackingId=E0XVYRIzueZ%2B6SSqXnCXzg%3D%3D&position=20&pageNum=0,Oliver Wyman - Stage 2A Polytechnique - Paris (France),Internship,Not Applicable,2026-01-31,Oliver Wyman,http://www.oliverwyman.com,,,,https://fr.linkedin.com/jobs/view/oliver-wyman-stage-2a-polytechnique-paris-france-at-oliver-wyman-4359427349?refId=TDT4kYD8Vj5nWFUYbH8V7g%3D%3D&trackingId=E0XVYRIzueZ%2B6SSqXnCXzg%3D%3D&position=20&pageNum=0,0,Skipped,Skipped: Job title 'Oliver Wyman - Stage 2A Polytechnique - Paris (France)' doesn't match ML/Data keywords
2026-02-08T01:15:09.662086,https://fr.linkedin.com/jobs/view/stage-marketing-operations-f-h-at-worldline-4332768064?refId=TDT4kYD8Vj5nWFUYbH8V7g%3D%3D&trackingId=6nDVxO%2FZXrKmawzQxLkpLA%3D%3D&position=21&pageNum=0,Stage - Marketing Operations (F/H),Internship,Entry level,2026-02-06,Worldline,http://worldline.com,,,,https://fr.linkedin.com/jobs/view/stage-marketing-operations-f-h-at-worldline-4332768064?refId=TDT4kYD8Vj5nWFUYbH8V7g%3D%3D&trackingId=6nDVxO%2FZXrKmawzQxLkpLA%3D%3D&position=21&pageNum=0,0,Skipped,Skipped: Job title 'Stage - Marketing Operations (F/H)' doesn't match ML/Data keywords
2026-02-08T01:15:09.667434,https://fr.linkedin.com/jobs/view/kering-data-product-owner-stage-at-kering-4361320470?refId=TDT4kYD8Vj5nWFUYbH8V7g%3D%3D&trackingId=vtgAwIhg5Q0oIIwmHJbk7g%3D%3D&position=18&pageNum=0,KERING Data Product Owner (stage),Full-time,Internship,2026-01-13,Kering,https://www.kering.com/en,,,,https://fr.linkedin.com/jobs/view/kering-data-product-owner-stage-at-kering-4361320470?refId=TDT4kYD8Vj5nWFUYbH8V7g%3D%3D&trackingId=vtgAwIhg5Q0oIIwmHJbk7g%3D%3D&position=18&pageNum=0,5,Skipped,Skipped: Role match but missing technical keywords: data scientist intern
2026-02-08T01:15:09.672533,https://fr.linkedin.com/jobs/view/intern-web-editor-gq-at-cond%C3%A9-nast-4362960775?refId=TDT4kYD8Vj5nWFUYbH8V7g%3D%3D&trackingId=%2B%2FOY0Lc%2FB8PxGrRC33p4xQ%3D%3D&position=14&pageNum=0,Intern Web Editor GQ,Full-time,Internship,2026-02-05,Condé Nast,http://www.condenast.com,,,,https://fr.linkedin.com/jobs/view/intern-web-editor-gq-at-cond%C3%A9-nast-4362960775?refId=TDT4kYD8Vj5nWFUYbH8V7g%3D%3D&trackingId=%2B%2FOY0Lc%2FB8PxGrRC33p4xQ%3D%3D&position=14&pageNum=0,5,Skipped,"Skipped: Role match but missing technical keywords: machine learning engineer intern, data scientist intern, ai engineer intern, research intern"
2026-02-08T01:15:09.678574,https://fr.linkedin.com/jobs/view/stage-global-strategy-intern-h-f-at-edenred-4365982064?refId=TDT4kYD8Vj5nWFUYbH8V7g%3D%3D&trackingId=OBeWqKSWvLIT7If%2F6w1VSA%3D%3D&position=16&pageNum=0,Stage - Global Strategy Intern (H/F),Internship,Internship,2026-01-27,Edenred,https://www.edenred.com,,,,https://fr.linkedin.com/jobs/view/stage-global-strategy-intern-h-f-at-edenred-4365982064?refId=TDT4kYD8Vj5nWFUYbH8V7g%3D%3D&trackingId=OBeWqKSWvLIT7If%2F6w1VSA%3D%3D&position=16&pageNum=0,5,Skipped,"Skipped: Role match but missing technical keywords: machine learning engineer intern, data scientist intern, ai engineer intern, research intern"
2026-02-08T01:15:09.684627,https://fr.linkedin.com/jobs/view/strategy-consultant-internship-private-equity-paris-f-h-at-indefi-4362145931?refId=TDT4kYD8Vj5nWFUYbH8V7g%3D%3D&trackingId=kluoyr6MdGCacE0v0JN1pA%3D%3D&position=13&pageNum=0,Strategy Consultant Internship - Private Equity - Paris F/H,Internship,Internship,2026-01-22,INDEFI,http://www.indefi.com,,,,https://fr.linkedin.com/jobs/view/strategy-consultant-internship-private-equity-paris-f-h-at-indefi-4362145931?refId=TDT4kYD8Vj5nWFUYbH8V7g%3D%3D&trackingId=kluoyr6MdGCacE0v0JN1pA%3D%3D&position=13&pageNum=0,5,Skipped,"Skipped: Role match but missing technical keywords: machine learning engineer intern, data scientist intern, ai engineer intern, research intern"
2026-02-08T01:15:09.690822,https://fr.linkedin.com/jobs/view/corporate-strategy-analyst-stage-paris-at-papernest-4367849121?refId=TDT4kYD8Vj5nWFUYbH8V7g%3D%3D&trackingId=AeFL6bExzQ8Ks95jWICv5A%3D%3D&position=17&pageNum=0,Corporate Strategy Analyst - Stage - Paris,Other,Not Applicable,2026-01-21,papernest,http://www.papernest.com,,,,https://fr.linkedin.com/jobs/view/corporate-strategy-analyst-stage-paris-at-papernest-4367849121?refId=TDT4kYD8Vj5nWFUYbH8V7g%3D%3D&trackingId=AeFL6bExzQ8Ks95jWICv5A%3D%3D&position=17&pageNum=0,0,Skipped,Skipped: Job title 'Corporate Strategy Analyst - Stage - Paris' doesn't match ML/Data keywords
2026-02-08T01:15:09.793671,https://fr.linkedin.com/jobs/view/data-analyst-assistant-operations-europe-stage-f-h-at-christian-dior-couture-4328475713?refId=TDT4kYD8Vj5nWFUYbH8V7g%3D%3D&trackingId=cAzGvHA2yNHZ2ccVYquH8w%3D%3D&position=8&pageNum=0,Data Analyst Assistant Operations Europe - Stage F/H,Full-time,Internship,2026-02-02,Christian Dior Couture,https://www.dior.com/carrieres/index.html,,,,https://fr.linkedin.com/jobs/view/data-analyst-assistant-operations-europe-stage-f-h-at-christian-dior-couture-4328475713?refId=TDT4kYD8Vj5nWFUYbH8V7g%3D%3D&trackingId=cAzGvHA2yNHZ2ccVYquH8w%3D%3D&position=8&pageNum=0,5,Skipped,Skipped: Role match but missing technical keywords: data scientist intern
2026-02-08T01:15:09.798205,https://fr.linkedin.com/jobs/view/vc-analyst-intern-at-wind-4353019038?refId=TDT4kYD8Vj5nWFUYbH8V7g%3D%3D&trackingId=iu%2B3C4iBlyDkhbup6EqcXw%3D%3D&position=12&pageNum=0,VC Analyst Intern,Internship,Internship,2026-01-15,Wind,http://wind.capital,,,,https://fr.linkedin.com/jobs/view/vc-analyst-intern-at-wind-4353019038?refId=TDT4kYD8Vj5nWFUYbH8V7g%3D%3D&trackingId=iu%2B3C4iBlyDkhbup6EqcXw%3D%3D&position=12&pageNum=0,5,Skipped,"Skipped: Role match but missing technical keywords: machine learning engineer intern, data scientist intern, ai engineer intern, research intern"
2026-02-08T01:15:09.803220,https://fr.linkedin.com/jobs/view/internship-chief-of-staff-at-twoway-4357429590?refId=TDT4kYD8Vj5nWFUYbH8V7g%3D%3D&trackingId=2%2FgPiHY1i%2Fy2o5AyZdxKrQ%3D%3D&position=9&pageNum=0,[Internship] Chief of Staff,Internship,Internship,2026-02-03,TwoWay,https://www.twoway.finance/,,,,https://fr.linkedin.com/jobs/view/internship-chief-of-staff-at-twoway-4357429590?refId=TDT4kYD8Vj5nWFUYbH8V7g%3D%3D&trackingId=2%2FgPiHY1i%2Fy2o5AyZdxKrQ%3D%3D&position=9&pageNum=0,5,Skipped,"Skipped: Role match but missing technical keywords: machine learning engineer intern, data scientist intern, ai engineer intern, research intern"
2026-02-08T01:15:09.808266,https://fr.linkedin.com/jobs/view/founder-associate-intern-at-n%C5%ABmi%C2%AE-4336590083?refId=TDT4kYD8Vj5nWFUYbH8V7g%3D%3D&trackingId=4U5L%2FZ5zntj%2BBZdRIH36AQ%3D%3D&position=10&pageNum=0,Founder associate intern,Internship,Internship,2025-10-23,Nūmi®,https://www.numi.life/,,,,https://fr.linkedin.com/jobs/view/founder-associate-intern-at-n%C5%ABmi%C2%AE-4336590083?refId=TDT4kYD8Vj5nWFUYbH8V7g%3D%3D&trackingId=4U5L%2FZ5zntj%2BBZdRIH36AQ%3D%3D&position=10&pageNum=0,5,Skipped,"Skipped: Role match but missing technical keywords: machine learning engineer intern, data scientist intern, ai engineer intern, research intern"
2026-02-08T01:15:09.812817,https://fr.linkedin.com/jobs/view/technology-growth-equity-investment-intern-starting-july-september-2026-for-6-months-at-revaia-4365517336?refId=TDT4kYD8Vj5nWFUYbH8V7g%3D%3D&trackingId=%2BhBFhY4DJR9%2F1H%2FQuyE9Ug%3D%3D&position=11&pageNum=0,Technology Growth Equity - Investment Intern - Starting July/September 2026 for 6 months,Internship,Internship,2026-01-23,Revaia,https://revaia.com,,,,https://fr.linkedin.com/jobs/view/technology-growth-equity-investment-intern-starting-july-september-2026-for-6-months-at-revaia-4365517336?refId=TDT4kYD8Vj5nWFUYbH8V7g%3D%3D&trackingId=%2BhBFhY4DJR9%2F1H%2FQuyE9Ug%3D%3D&position=11&pageNum=0,5,Skipped,"Skipped: Role match but missing technical keywords: machine learning engineer intern, data scientist intern, ai engineer intern, research intern"
2026-02-08T01:15:09.817535,https://fr.linkedin.com/jobs/view/intern-chinese-project-analyst-h-f-at-richemont-4360856769?refId=TDT4kYD8Vj5nWFUYbH8V7g%3D%3D&trackingId=9JI8hZwggGaIYhkx91%2BsXQ%3D%3D&position=6&pageNum=0,Intern - Chinese Project Analyst (H/F),Full-time,Internship,2026-01-19,Richemont,http://www.richemont.com/,,,,https://fr.linkedin.com/jobs/view/intern-chinese-project-analyst-h-f-at-richemont-4360856769?refId=TDT4kYD8Vj5nWFUYbH8V7g%3D%3D&trackingId=9JI8hZwggGaIYhkx91%2BsXQ%3D%3D&position=6&pageNum=0,5,Skipped,"Skipped: Role match but missing technical keywords: machine learning engineer intern, data scientist intern, ai engineer intern, research intern"
2026-02-08T01:15:09.823044,https://fr.linkedin.com/jobs/view/stage-marketing-analyst-consumer-insight-h-f-at-richemont-4368757407?refId=TDT4kYD8Vj5nWFUYbH8V7g%3D%3D&trackingId=%2FLkfwuAKrZxpVBMAoDYudg%3D%3D&position=5&pageNum=0,Stage - Marketing Analyst Consumer Insight (H/F),Full-time,Internship,2026-02-04,Richemont,http://www.richemont.com/,,,,https://fr.linkedin.com/jobs/view/stage-marketing-analyst-consumer-insight-h-f-at-richemont-4368757407?refId=TDT4kYD8Vj5nWFUYbH8V7g%3D%3D&trackingId=%2FLkfwuAKrZxpVBMAoDYudg%3D%3D&position=5&pageNum=0,0,Skipped,Skipped: Job title 'Stage - Marketing Analyst Consumer Insight (H/F)' doesn't match ML/Data keywords
2026-02-08T01:15:09.828054,https://fr.linkedin.com/jobs/view/software-engineering-full-stack-intern-in-sydney-australia-at-inautalent-4366978981?refId=TDT4kYD8Vj5nWFUYbH8V7g%3D%3D&trackingId=2pKtRIGC4A%2FcHqrFOf89uA%3D%3D&position=3&pageNum=0,"Software Engineering (Full-Stack) Intern - in Sydney, Australia",Full-time,Internship,2026-01-29,INAUTALENT,https://inautalent.com/,,,,https://fr.linkedin.com/jobs/view/software-engineering-full-stack-intern-in-sydney-australia-at-inautalent-4366978981?refId=TDT4kYD8Vj5nWFUYbH8V7g%3D%3D&trackingId=2pKtRIGC4A%2FcHqrFOf89uA%3D%3D&position=3&pageNum=0,5,Skipped,"Skipped: Role match but missing technical keywords: machine learning engineer intern, data scientist intern, ai engineer intern, research intern"
2026-02-08T01:15:09.834423,https://fr.linkedin.com/jobs/view/stage-assistant-e-chef-de-projet-marketing-ev%C3%A8nementiel-horlogerie-joaillerie-europe-juillet-2026-at-chanel-4329220344?refId=TDT4kYD8Vj5nWFUYbH8V7g%3D%3D&trackingId=9adg51Ng8zLXDyPSTfoiYg%3D%3D&position=1&pageNum=0,STAGE - Assistant(e) Chef de Projet Marketing & Evènementiel - Horlogerie Joaillerie EUROPE - Juillet 2026,Full-time,Internship,2026-02-04,CHANEL,http://www.chanel.com,,,,https://fr.linkedin.com/jobs/view/stage-assistant-e-chef-de-projet-marketing-ev%C3%A8nementiel-horlogerie-joaillerie-europe-juillet-2026-at-chanel-4329220344?refId=TDT4kYD8Vj5nWFUYbH8V7g%3D%3D&trackingId=9adg51Ng8zLXDyPSTfoiYg%3D%3D&position=1&pageNum=0,0,Skipped,Skipped: Job title 'STAGE - Assistant(e) Chef de Projet Marketing & Evènementiel - Horlogerie Joaillerie EUROPE - Juillet 2026' doesn't match ML/Data keywords
2026-02-08T01:15:09.841395,https://fr.linkedin.com/jobs/view/software-engineering-full-stack-intern-in-sydney-australia-at-inautalent-4366981885?refId=TDT4kYD8Vj5nWFUYbH8V7g%3D%3D&trackingId=Sqw4SyVslZJNoNVxLEdZNA%3D%3D&position=4&pageNum=0,"Software Engineering (Full-Stack) Intern - in Sydney, Australia",Full-time,Internship,2026-01-29,INAUTALENT,https://inautalent.com/,,,,https://fr.linkedin.com/jobs/view/software-engineering-full-stack-intern-in-sydney-australia-at-inautalent-4366981885?refId=TDT4kYD8Vj5nWFUYbH8V7g%3D%3D&trackingId=Sqw4SyVslZJNoNVxLEdZNA%3D%3D&position=4&pageNum=0,5,Skipped,"Skipped: Role match but missing technical keywords: machine learning engineer intern, data scientist intern, ai engineer intern, research intern"
2026-02-08T01:15:09.846138,https://fr.linkedin.com/jobs/view/stage-controlling-global-h-f-at-urgo-medical-4368275622?refId=TDT4kYD8Vj5nWFUYbH8V7g%3D%3D&trackingId=KyeLz%2FCnjBf4JvooFWukkw%3D%3D&position=7&pageNum=0,Stage Controlling Global (H/F),Internship,Internship,2026-02-03,Urgo Medical,http://urgomedical.com,,,,https://fr.linkedin.com/jobs/view/stage-controlling-global-h-f-at-urgo-medical-4368275622?refId=TDT4kYD8Vj5nWFUYbH8V7g%3D%3D&trackingId=KyeLz%2FCnjBf4JvooFWukkw%3D%3D&position=7&pageNum=0,0,Skipped,Skipped: Job title 'Stage Controlling Global (H/F)' doesn't match ML/Data keywords
2026-02-08T01:15:09.850968,https://fr.linkedin.com/jobs/view/solutions-engineer-intern-at-bigblue-4332308160?refId=yFhH1xivIxDLvR09urA0ew%3D%3D&trackingId=a21eGsX%2BTYhkExJy2sNeyg%3D%3D&position=7&pageNum=1,Solutions Engineer intern,Internship,Not Applicable,2025-10-27,Bigblue,https://www.bigblue.co/,,,,https://fr.linkedin.com/jobs/view/solutions-engineer-intern-at-bigblue-4332308160?refId=yFhH1xivIxDLvR09urA0ew%3D%3D&trackingId=a21eGsX%2BTYhkExJy2sNeyg%3D%3D&position=7&pageNum=1,5,Skipped,"Skipped: Role match but missing technical keywords: machine learning engineer intern, data scientist intern, ai engineer intern, research intern"
2026-02-08T01:15:09.858531,https://fr.linkedin.com/jobs/view/operations-intern-r%C3%A9gion-centre-start-date-2026-at-amazon-4308670140?refId=yFhH1xivIxDLvR09urA0ew%3D%3D&trackingId=fMAlcvvNor83YcvyLt5BwQ%3D%3D&position=24&pageNum=1,Operations Intern - Région Centre - Start Date 2026,Full-time,Internship,2026-02-05,Amazon,https://www.aboutamazon.com/,,,,https://fr.linkedin.com/jobs/view/operations-intern-r%C3%A9gion-centre-start-date-2026-at-amazon-4308670140?refId=yFhH1xivIxDLvR09urA0ew%3D%3D&trackingId=fMAlcvvNor83YcvyLt5BwQ%3D%3D&position=24&pageNum=1,5,Skipped,"Skipped: Role match but missing technical keywords: machine learning engineer intern, data scientist intern, ai engineer intern, research intern"
2026-02-08T01:15:09.863359,https://fr.linkedin.com/jobs/view/intern-film-grain-analysis-at-interdigital-inc-4365350699?refId=yFhH1xivIxDLvR09urA0ew%3D%3D&trackingId=TTufTbIQwywO9TStZrC9gw%3D%3D&position=8&pageNum=1,"Intern, Film Grain Analysis",Internship,Internship,2026-01-22,"InterDigital, Inc.",http://www.interdigital.com,,,,https://fr.linkedin.com/jobs/view/intern-film-grain-analysis-at-interdigital-inc-4365350699?refId=yFhH1xivIxDLvR09urA0ew%3D%3D&trackingId=TTufTbIQwywO9TStZrC9gw%3D%3D&position=8&pageNum=1,5,Skipped,"Skipped: Role match but missing technical keywords: machine learning engineer intern, data scientist intern, ai engineer intern, research intern"
2026-02-08T01:15:09.867186,https://fr.linkedin.com/jobs/view/stage-aliad-venture-capital-operations-controller-intern-h-f-at-air-liquide-4369972084?refId=yFhH1xivIxDLvR09urA0ew%3D%3D&trackingId=iM%2Bhd5m4KtnVVwqxNEa3XQ%3D%3D&position=25&pageNum=1,Stage - ALIAD - Venture Capital & Operations Controller Intern H/F,Full-time,Internship,2026-02-06,Air Liquide,http://www.airliquide.com,,,,https://fr.linkedin.com/jobs/view/stage-aliad-venture-capital-operations-controller-intern-h-f-at-air-liquide-4369972084?refId=yFhH1xivIxDLvR09urA0ew%3D%3D&trackingId=iM%2Bhd5m4KtnVVwqxNEa3XQ%3D%3D&position=25&pageNum=1,5,Skipped,"Skipped: Role match but missing technical keywords: machine learning engineer intern, data scientist intern, ai engineer intern, research intern"
2026-02-08T01:15:09.956920,https://fr.linkedin.com/jobs/view/stage-en-tourisme-at-indie-campers-4346307286?refId=yFhH1xivIxDLvR09urA0ew%3D%3D&trackingId=QrS%2BHMov5Y6o5O6QSC57tw%3D%3D&position=22&pageNum=1,Stage en Tourisme,Full-time,Internship,2025-12-26,Indie Campers,https://indiecampers.com,,,,https://fr.linkedin.com/jobs/view/stage-en-tourisme-at-indie-campers-4346307286?refId=yFhH1xivIxDLvR09urA0ew%3D%3D&trackingId=QrS%2BHMov5Y6o5O6QSC57tw%3D%3D&position=22&pageNum=1,0,Skipped,Skipped: Job title 'Stage en Tourisme' doesn't match ML/Data keywords
2026-02-08T01:15:09.960966,https://fr.linkedin.com/jobs/view/financial-analyst-intern-at-acca-careers-4365741298?refId=yFhH1xivIxDLvR09urA0ew%3D%3D&trackingId=rQ3egVgwyracXZgDzQZIcA%3D%3D&position=21&pageNum=1,Financial Analyst Intern,Internship,Internship,2026-01-23,ACCA Careers,https://jobs.accaglobal.com/,,,,https://fr.linkedin.com/jobs/view/financial-analyst-intern-at-acca-careers-4365741298?refId=yFhH1xivIxDLvR09urA0ew%3D%3D&trackingId=rQ3egVgwyracXZgDzQZIcA%3D%3D&position=21&pageNum=1,5,Skipped,"Skipped: Role match but missing technical keywords: machine learning engineer intern, data scientist intern, ai engineer intern, research intern"
2026-02-08T01:15:09.966826,https://fr.linkedin.com/jobs/view/fp-a-analyst-europe-apprentice-or-intern-f-h-at-catalina-marketing-costa-rica-4348313459?refId=yFhH1xivIxDLvR09urA0ew%3D%3D&trackingId=2M6B0KrPg%2BjfsZkLvbHPNg%3D%3D&position=20&pageNum=1,FP&A Analyst Europe Apprentice or Intern F/H,Internship,Internship,2025-12-03,Catalina Marketing Costa Rica,https://www.catalina.com,,,,https://fr.linkedin.com/jobs/view/fp-a-analyst-europe-apprentice-or-intern-f-h-at-catalina-marketing-costa-rica-4348313459?refId=yFhH1xivIxDLvR09urA0ew%3D%3D&trackingId=2M6B0KrPg%2BjfsZkLvbHPNg%3D%3D&position=20&pageNum=1,5,Skipped,"Skipped: Role match but missing technical keywords: machine learning engineer intern, data scientist intern, ai engineer intern, research intern"
2026-02-08T01:15:09.973815,https://fr.linkedin.com/jobs/view/stage-go-to-market-product-intern-at-havas-media-france-4265332688?refId=yFhH1xivIxDLvR09urA0ew%3D%3D&trackingId=IOtLtnlyWW2753%2FlTrm9pg%3D%3D&position=19&pageNum=1,STAGE - GO TO MARKET PRODUCT INTERN,Full-time,Internship,2025-09-11,Havas Media France,https://havasmedianetwork.com,,,,https://fr.linkedin.com/jobs/view/stage-go-to-market-product-intern-at-havas-media-france-4265332688?refId=yFhH1xivIxDLvR09urA0ew%3D%3D&trackingId=IOtLtnlyWW2753%2FlTrm9pg%3D%3D&position=19&pageNum=1,5,Skipped,"Skipped: Role match but missing technical keywords: machine learning engineer intern, data scientist intern, ai engineer intern, research intern"
2026-02-08T01:15:09.979919,https://fr.linkedin.com/jobs/view/strategy-operations-intern-paris-at-sunday-4362605280?refId=yFhH1xivIxDLvR09urA0ew%3D%3D&trackingId=sVfjHYZo4aen0TtssYg6Uw%3D%3D&position=18&pageNum=1,Strategy & Operations Intern - Paris,Full-time,Internship,2026-01-22,sunday,http://www.sundayapp.com,,,,https://fr.linkedin.com/jobs/view/strategy-operations-intern-paris-at-sunday-4362605280?refId=yFhH1xivIxDLvR09urA0ew%3D%3D&trackingId=sVfjHYZo4aen0TtssYg6Uw%3D%3D&position=18&pageNum=1,5,Skipped,"Skipped: Role match but missing technical keywords: machine learning engineer intern, data scientist intern, ai engineer intern, research intern"
2026-02-08T01:15:09.985809,https://fr.linkedin.com/jobs/view/stage-aliad-venture-capital-operations-controller-intern-h-f-at-air-liquide-4361372947?refId=yFhH1xivIxDLvR09urA0ew%3D%3D&trackingId=V%2F6DvbXlKbYbFyaoC5u2zw%3D%3D&position=13&pageNum=1,Stage - ALIAD - Venture Capital & Operations Controller Intern H/F,Full-time,Internship,2026-02-04,Air Liquide,http://www.airliquide.com,,,,https://fr.linkedin.com/jobs/view/stage-aliad-venture-capital-operations-controller-intern-h-f-at-air-liquide-4361372947?refId=yFhH1xivIxDLvR09urA0ew%3D%3D&trackingId=V%2F6DvbXlKbYbFyaoC5u2zw%3D%3D&position=13&pageNum=1,5,Skipped,"Skipped: Role match but missing technical keywords: machine learning engineer intern, data scientist intern, ai engineer intern, research intern"
2026-02-08T01:15:10.128293,https://fr.linkedin.com/jobs/view/talent-acquisition-coordinator-internship-at-alice-bob-4369951744?refId=yFhH1xivIxDLvR09urA0ew%3D%3D&trackingId=uNZR9yroR9f09CxN5gHYJw%3D%3D&position=14&pageNum=1,Talent Acquisition Coordinator - Internship,Internship,Not Applicable,2026-02-06,Alice & Bob,https://alice-bob.com/,,,,https://fr.linkedin.com/jobs/view/talent-acquisition-coordinator-internship-at-alice-bob-4369951744?refId=yFhH1xivIxDLvR09urA0ew%3D%3D&trackingId=uNZR9yroR9f09CxN5gHYJw%3D%3D&position=14&pageNum=1,5,Skipped,"Skipped: Role match but missing technical keywords: machine learning engineer intern, data scientist intern, ai engineer intern, research intern"
2026-02-08T01:15:10.131743,https://fr.linkedin.com/jobs/view/assistant-chef-de-projet-si-europe-f-h-stage-at-christian-dior-couture-4328665539?refId=TDT4kYD8Vj5nWFUYbH8V7g%3D%3D&trackingId=uU8kcnZDxsB1qIA3Bq2YhQ%3D%3D&position=2&pageNum=0,Assistant Chef de Projet SI Europe F/H - STAGE,Full-time,Internship,2026-02-02,Christian Dior Couture,https://www.dior.com/carrieres/index.html,,,,https://fr.linkedin.com/jobs/view/assistant-chef-de-projet-si-europe-f-h-stage-at-christian-dior-couture-4328665539?refId=TDT4kYD8Vj5nWFUYbH8V7g%3D%3D&trackingId=uU8kcnZDxsB1qIA3Bq2YhQ%3D%3D&position=2&pageNum=0,0,Skipped,Skipped: Job title 'Assistant Chef de Projet SI Europe F/H - STAGE' doesn't match ML/Data keywords
2026-02-08T01:15:10.137984,https://fr.linkedin.com/jobs/view/business-program-management-apprentice-at-microsoft-4365270837?refId=yFhH1xivIxDLvR09urA0ew%3D%3D&trackingId=HuFaUqkwtL9bXDOeGiPszA%3D%3D&position=16&pageNum=1,Business Program Management Apprentice,Full-time,Not Applicable,2026-01-22,Microsoft,https://news.microsoft.com/,,,,https://fr.linkedin.com/jobs/view/business-program-management-apprentice-at-microsoft-4365270837?refId=yFhH1xivIxDLvR09urA0ew%3D%3D&trackingId=HuFaUqkwtL9bXDOeGiPszA%3D%3D&position=16&pageNum=1,0,Skipped,Skipped: Job title 'Business Program Management Apprentice' doesn't match ML/Data keywords
2026-02-08T01:15:10.142646,https://fr.linkedin.com/jobs/view/automotive-recruiter-intern-at-mechanics-body-shops-marketplace-4264768443?refId=yFhH1xivIxDLvR09urA0ew%3D%3D&trackingId=wx9GDqfvjpZ78sQRrfo2UA%3D%3D&position=11&pageNum=1,Automotive Recruiter Intern,Internship,Internship,2025-07-09,Mechanics & Body Shops Marketplace,https://www.mechanicsmarketplace.com,,,,https://fr.linkedin.com/jobs/view/automotive-recruiter-intern-at-mechanics-body-shops-marketplace-4264768443?refId=yFhH1xivIxDLvR09urA0ew%3D%3D&trackingId=wx9GDqfvjpZ78sQRrfo2UA%3D%3D&position=11&pageNum=1,5,Skipped,"Skipped: Role match but missing technical keywords: machine learning engineer intern, data scientist intern, ai engineer intern, research intern"
2026-02-08T01:15:10.146745,https://fr.linkedin.com/jobs/view/client-experience-retail-assistant-stage-h-f-at-lemaire-4358818219?refId=yFhH1xivIxDLvR09urA0ew%3D%3D&trackingId=a3EKdmiw9Y%2BrGL8aEZDOYw%3D%3D&position=15&pageNum=1,Client Experience Retail Assistant - Stage (H/F),Internship,Internship,2026-02-04,LEMAIRE,http://www.lemaire.fr/,,,,https://fr.linkedin.com/jobs/view/client-experience-retail-assistant-stage-h-f-at-lemaire-4358818219?refId=yFhH1xivIxDLvR09urA0ew%3D%3D&trackingId=a3EKdmiw9Y%2BrGL8aEZDOYw%3D%3D&position=15&pageNum=1,0,Skipped,Skipped: Job title 'Client Experience Retail Assistant - Stage (H/F)' doesn't match ML/Data keywords
2026-02-08T01:15:10.151500,https://fr.linkedin.com/jobs/view/balenciaga-e-commerce-content-production-intern-march-2026-f-h-at-balenciaga-4365087443?refId=yFhH1xivIxDLvR09urA0ew%3D%3D&trackingId=snc%2Br3Gvz9LRCKQF3Q76AA%3D%3D&position=4&pageNum=1,BALENCIAGA - E-Commerce Content Production Intern - March 2026 (F/H),Full-time,Not Applicable,2026-01-21,BALENCIAGA,http://www.balenciaga.com,,,,https://fr.linkedin.com/jobs/view/balenciaga-e-commerce-content-production-intern-march-2026-f-h-at-balenciaga-4365087443?refId=yFhH1xivIxDLvR09urA0ew%3D%3D&trackingId=snc%2Br3Gvz9LRCKQF3Q76AA%3D%3D&position=4&pageNum=1,5,Skipped,"Skipped: Role match but missing technical keywords: machine learning engineer intern, data scientist intern, ai engineer intern, research intern"
2026-02-08T01:15:10.157976,https://fr.linkedin.com/jobs/view/operations-intern-%C3%AEle-de-france-start-date-2026-at-amazon-4308423942?refId=yFhH1xivIxDLvR09urA0ew%3D%3D&trackingId=wV6Ufpd%2BdrxTJJQsAQXxjw%3D%3D&position=9&pageNum=1,Operations Intern - Île de France - Start Date 2026,Full-time,Internship,2026-02-06,Amazon,https://www.aboutamazon.com/,,,,https://fr.linkedin.com/jobs/view/operations-intern-%C3%AEle-de-france-start-date-2026-at-amazon-4308423942?refId=yFhH1xivIxDLvR09urA0ew%3D%3D&trackingId=wV6Ufpd%2BdrxTJJQsAQXxjw%3D%3D&position=9&pageNum=1,5,Skipped,"Skipped: Role match but missing technical keywords: machine learning engineer intern, data scientist intern, ai engineer intern, research intern"
2026-02-08T01:15:10.163062,https://fr.linkedin.com/jobs/view/operations-intern-%C3%AEle-de-france-start-date-2026-at-amazon-4308419993?refId=yFhH1xivIxDLvR09urA0ew%3D%3D&trackingId=PoSPAS88rAImWRFYqaQ%2BNA%3D%3D&position=6&pageNum=1,Operations Intern - Île de France - Start Date 2026,Full-time,Internship,2026-02-06,Amazon,https://www.aboutamazon.com/,,,,https://fr.linkedin.com/jobs/view/operations-intern-%C3%AEle-de-france-start-date-2026-at-amazon-4308419993?refId=yFhH1xivIxDLvR09urA0ew%3D%3D&trackingId=PoSPAS88rAImWRFYqaQ%2BNA%3D%3D&position=6&pageNum=1,5,Skipped,"Skipped: Role match but missing technical keywords: machine learning engineer intern, data scientist intern, ai engineer intern, research intern"
2026-02-08T01:15:10.167560,https://fr.linkedin.com/jobs/view/intern-analyst-portfolio-manager-assistant-active-advisory-at-ubs-4328860268?refId=yFhH1xivIxDLvR09urA0ew%3D%3D&trackingId=YCWavid5kzTp8bBc7T61Gg%3D%3D&position=10&pageNum=1,Intern - Analyst & Portfolio Manager Assistant - Active Advisory,Full-time,Entry level,2026-02-03,UBS,http://www.ubs.com/about,,,,https://fr.linkedin.com/jobs/view/intern-analyst-portfolio-manager-assistant-active-advisory-at-ubs-4328860268?refId=yFhH1xivIxDLvR09urA0ew%3D%3D&trackingId=YCWavid5kzTp8bBc7T61Gg%3D%3D&position=10&pageNum=1,5,Skipped,"Skipped: Role match but missing technical keywords: machine learning engineer intern, data scientist intern, ai engineer intern, research intern"
2026-02-08T01:15:10.173669,https://fr.linkedin.com/jobs/view/stage-engineering-compliance-h-f-at-klepierre-4366810515?refId=yFhH1xivIxDLvR09urA0ew%3D%3D&trackingId=aAAplg5cw%2FZxJCukZBCZNQ%3D%3D&position=5&pageNum=1,Stage - Engineering Compliance H/F,Internship,Internship,2026-01-29,KLEPIERRE,http://www.klepierre.com,,,,https://fr.linkedin.com/jobs/view/stage-engineering-compliance-h-f-at-klepierre-4366810515?refId=yFhH1xivIxDLvR09urA0ew%3D%3D&trackingId=aAAplg5cw%2FZxJCukZBCZNQ%3D%3D&position=5&pageNum=1,5,Skipped,"Skipped: Role match but missing technical keywords: machine learning engineer intern, ai engineer intern"
2026-02-08T01:15:10.177305,https://fr.linkedin.com/jobs/view/intern-trader-assistant-at-engie-international-supply-energy-management-4350686142?refId=yFhH1xivIxDLvR09urA0ew%3D%3D&trackingId=aVgH1J%2BZmsbFHzed85wFOg%3D%3D&position=3&pageNum=1,Intern - Trader Assistant,Internship,Internship,2026-01-21,ENGIE - International Supply & Energy Management,https://gems.engie.com,,,,https://fr.linkedin.com/jobs/view/intern-trader-assistant-at-engie-international-supply-energy-management-4350686142?refId=yFhH1xivIxDLvR09urA0ew%3D%3D&trackingId=aVgH1J%2BZmsbFHzed85wFOg%3D%3D&position=3&pageNum=1,5,Skipped,"Skipped: Role match but missing technical keywords: machine learning engineer intern, data scientist intern, ai engineer intern, research intern"
2026-02-08T01:15:10.180703,https://fr.linkedin.com/jobs/view/stage-en-tourisme-at-indie-campers-4366942411?refId=OlFbuCuERjQrtvFzFrUiVg%3D%3D&trackingId=d9wNkn12%2Fr%2BZMV4EMt4t3w%3D%3D&position=25&pageNum=2,Stage en Tourisme,Full-time,Internship,2026-01-28,Indie Campers,https://indiecampers.com,,,,https://fr.linkedin.com/jobs/view/stage-en-tourisme-at-indie-campers-4366942411?refId=OlFbuCuERjQrtvFzFrUiVg%3D%3D&trackingId=d9wNkn12%2Fr%2BZMV4EMt4t3w%3D%3D&position=25&pageNum=2,0,Skipped,Skipped: Job title 'Stage en Tourisme' doesn't match ML/Data keywords
2026-02-08T01:15:10.184013,https://fr.linkedin.com/jobs/view/financial-analyst-intern-at-amazon-4335233610?refId=yFhH1xivIxDLvR09urA0ew%3D%3D&trackingId=t1G1aOVBkg1giLTzaRc3Ng%3D%3D&position=2&pageNum=1,Financial Analyst Intern,Full-time,Not Applicable,2026-02-04,Amazon,https://www.aboutamazon.com/,,,,https://fr.linkedin.com/jobs/view/financial-analyst-intern-at-amazon-4335233610?refId=yFhH1xivIxDLvR09urA0ew%3D%3D&trackingId=t1G1aOVBkg1giLTzaRc3Ng%3D%3D&position=2&pageNum=1,5,Skipped,"Skipped: Role match but missing technical keywords: machine learning engineer intern, data scientist intern, ai engineer intern, research intern"
2026-02-08T01:19:28.198433,https://fr.linkedin.com/jobs/view/global-editorial-content-marketing-stage-intern-paris-at-cozycozy-com-4337099031?refId=TDT4kYD8Vj5nWFUYbH8V7g%3D%3D&trackingId=lQ3UhALmdZBf3pExPHbyxg%3D%3D&position=24&pageNum=0,"Global Editorial Content Marketing Stage / Intern, Paris",Internship,Not Applicable,2025-11-20,cozycozy.com,https://www.cozycozy.com,,,,https://fr.linkedin.com/jobs/view/global-editorial-content-marketing-stage-intern-paris-at-cozycozy-com-4337099031?refId=TDT4kYD8Vj5nWFUYbH8V7g%3D%3D&trackingId=lQ3UhALmdZBf3pExPHbyxg%3D%3D&position=24&pageNum=0,5,Skipped,"Skipped: Role match but missing technical keywords: machine learning engineer intern, data scientist intern, ai engineer intern, research intern"
2026-02-08T01:19:28.202441,https://fr.linkedin.com/jobs/view/strategy-consultant-internship-private-equity-lyon-f-h-at-indefi-4325718969?refId=TDT4kYD8Vj5nWFUYbH8V7g%3D%3D&trackingId=bM17Rl%2BXmOa2EV%2F7H6pJZg%3D%3D&position=25&pageNum=0,Strategy Consultant Internship - Private Equity - Lyon F/H,Internship,Internship,2025-12-04,INDEFI,http://www.indefi.com,,,,https://fr.linkedin.com/jobs/view/strategy-consultant-internship-private-equity-lyon-f-h-at-indefi-4325718969?refId=TDT4kYD8Vj5nWFUYbH8V7g%3D%3D&trackingId=bM17Rl%2BXmOa2EV%2F7H6pJZg%3D%3D&position=25&pageNum=0,5,Skipped,"Skipped: Role match but missing technical keywords: machine learning engineer intern, data scientist intern, ai engineer intern, research intern"
2026-02-08T01:19:28.206052,https://fr.linkedin.com/jobs/view/revenue-operations-intern-at-swan-4329689579?refId=TDT4kYD8Vj5nWFUYbH8V7g%3D%3D&trackingId=tsDtDVlfh43mSk37a6Zqzw%3D%3D&position=22&pageNum=0,Revenue Operations Intern,Internship,Internship,2025-12-31,Swan,https://swan.io,,,,https://fr.linkedin.com/jobs/view/revenue-operations-intern-at-swan-4329689579?refId=TDT4kYD8Vj5nWFUYbH8V7g%3D%3D&trackingId=tsDtDVlfh43mSk37a6Zqzw%3D%3D&position=22&pageNum=0,5,Skipped,"Skipped: Role match but missing technical keywords: machine learning engineer intern, data scientist intern, ai engineer intern, research intern"
2026-02-08T01:19:28.209126,https://fr.linkedin.com/jobs/view/intern-global-talent-acquisition-project-management-h-f-at-lacoste-4297589491?refId=TDT4kYD8Vj5nWFUYbH8V7g%3D%3D&trackingId=DUZqCHP9qjh1Rx60ZJ29Yw%3D%3D&position=23&pageNum=0,Intern Global Talent Acquisition Project Management (H/F),Full-time,Not Applicable,2025-09-08,Lacoste,https://corporate.lacoste.com/,,,,https://fr.linkedin.com/jobs/view/intern-global-talent-acquisition-project-management-h-f-at-lacoste-4297589491?refId=TDT4kYD8Vj5nWFUYbH8V7g%3D%3D&trackingId=DUZqCHP9qjh1Rx60ZJ29Yw%3D%3D&position=23&pageNum=0,5,Skipped,"Skipped: Role match but missing technical keywords: machine learning engineer intern, data scientist intern, ai engineer intern, research intern"
2026-02-08T01:19:28.213027,https://fr.linkedin.com/jobs/view/stage-assistant-consultant-paid-social-h-f-at-dentsu-4345376920?refId=TDT4kYD8Vj5nWFUYbH8V7g%3D%3D&trackingId=lHI%2BQV8K2ZFZfoU57CmqdA%3D%3D&position=19&pageNum=0,STAGE - Assistant Consultant Paid Social H/F,Full-time,Internship,2026-01-12,dentsu,https://bit.ly/3lDa6Ff,,,,https://fr.linkedin.com/jobs/view/stage-assistant-consultant-paid-social-h-f-at-dentsu-4345376920?refId=TDT4kYD8Vj5nWFUYbH8V7g%3D%3D&trackingId=lHI%2BQV8K2ZFZfoU57CmqdA%3D%3D&position=19&pageNum=0,0,Skipped,Skipped: Job title 'STAGE - Assistant Consultant Paid Social H/F' doesn't match ML/Data keywords
2026-02-08T01:19:28.216545,https://fr.linkedin.com/jobs/view/oliver-wyman-stage-2a-polytechnique-paris-france-at-oliver-wyman-4359427349?refId=TDT4kYD8Vj5nWFUYbH8V7g%3D%3D&trackingId=E0XVYRIzueZ%2B6SSqXnCXzg%3D%3D&position=20&pageNum=0,Oliver Wyman - Stage 2A Polytechnique - Paris (France),Internship,Not Applicable,2026-01-31,Oliver Wyman,http://www.oliverwyman.com,,,,https://fr.linkedin.com/jobs/view/oliver-wyman-stage-2a-polytechnique-paris-france-at-oliver-wyman-4359427349?refId=TDT4kYD8Vj5nWFUYbH8V7g%3D%3D&trackingId=E0XVYRIzueZ%2B6SSqXnCXzg%3D%3D&position=20&pageNum=0,0,Skipped,Skipped: Job title 'Oliver Wyman - Stage 2A Polytechnique - Paris (France)' doesn't match ML/Data keywords
2026-02-08T01:19:28.220578,https://fr.linkedin.com/jobs/view/stage-marketing-operations-f-h-at-worldline-4332768064?refId=TDT4kYD8Vj5nWFUYbH8V7g%3D%3D&trackingId=6nDVxO%2FZXrKmawzQxLkpLA%3D%3D&position=21&pageNum=0,Stage - Marketing Operations (F/H),Internship,Entry level,2026-02-06,Worldline,http://worldline.com,,,,https://fr.linkedin.com/jobs/view/stage-marketing-operations-f-h-at-worldline-4332768064?refId=TDT4kYD8Vj5nWFUYbH8V7g%3D%3D&trackingId=6nDVxO%2FZXrKmawzQxLkpLA%3D%3D&position=21&pageNum=0,0,Skipped,Skipped: Job title 'Stage - Marketing Operations (F/H)' doesn't match ML/Data keywords
2026-02-08T01:19:28.223430,https://fr.linkedin.com/jobs/view/kering-data-product-owner-stage-at-kering-4361320470?refId=TDT4kYD8Vj5nWFUYbH8V7g%3D%3D&trackingId=vtgAwIhg5Q0oIIwmHJbk7g%3D%3D&position=18&pageNum=0,KERING Data Product Owner (stage),Full-time,Internship,2026-01-13,Kering,https://www.kering.com/en,,,,https://fr.linkedin.com/jobs/view/kering-data-product-owner-stage-at-kering-4361320470?refId=TDT4kYD8Vj5nWFUYbH8V7g%3D%3D&trackingId=vtgAwIhg5Q0oIIwmHJbk7g%3D%3D&position=18&pageNum=0,5,Skipped,Skipped: Role match but missing technical keywords: data scientist intern
2026-02-08T01:19:28.226823,https://fr.linkedin.com/jobs/view/intern-web-editor-gq-at-cond%C3%A9-nast-4362960775?refId=TDT4kYD8Vj5nWFUYbH8V7g%3D%3D&trackingId=%2B%2FOY0Lc%2FB8PxGrRC33p4xQ%3D%3D&position=14&pageNum=0,Intern Web Editor GQ,Full-time,Internship,2026-02-05,Condé Nast,http://www.condenast.com,,,,https://fr.linkedin.com/jobs/view/intern-web-editor-gq-at-cond%C3%A9-nast-4362960775?refId=TDT4kYD8Vj5nWFUYbH8V7g%3D%3D&trackingId=%2B%2FOY0Lc%2FB8PxGrRC33p4xQ%3D%3D&position=14&pageNum=0,5,Skipped,"Skipped: Role match but missing technical keywords: machine learning engineer intern, data scientist intern, ai engineer intern, research intern"
2026-02-08T01:19:28.229942,https://fr.linkedin.com/jobs/view/stage-global-strategy-intern-h-f-at-edenred-4365982064?refId=TDT4kYD8Vj5nWFUYbH8V7g%3D%3D&trackingId=OBeWqKSWvLIT7If%2F6w1VSA%3D%3D&position=16&pageNum=0,Stage - Global Strategy Intern (H/F),Internship,Internship,2026-01-27,Edenred,https://www.edenred.com,,,,https://fr.linkedin.com/jobs/view/stage-global-strategy-intern-h-f-at-edenred-4365982064?refId=TDT4kYD8Vj5nWFUYbH8V7g%3D%3D&trackingId=OBeWqKSWvLIT7If%2F6w1VSA%3D%3D&position=16&pageNum=0,5,Skipped,"Skipped: Role match but missing technical keywords: machine learning engineer intern, data scientist intern, ai engineer intern, research intern"
2026-02-08T01:19:28.232508,https://fr.linkedin.com/jobs/view/strategy-consultant-internship-private-equity-paris-f-h-at-indefi-4362145931?refId=TDT4kYD8Vj5nWFUYbH8V7g%3D%3D&trackingId=kluoyr6MdGCacE0v0JN1pA%3D%3D&position=13&pageNum=0,Strategy Consultant Internship - Private Equity - Paris F/H,Internship,Internship,2026-01-22,INDEFI,http://www.indefi.com,,,,https://fr.linkedin.com/jobs/view/strategy-consultant-internship-private-equity-paris-f-h-at-indefi-4362145931?refId=TDT4kYD8Vj5nWFUYbH8V7g%3D%3D&trackingId=kluoyr6MdGCacE0v0JN1pA%3D%3D&position=13&pageNum=0,5,Skipped,"Skipped: Role match but missing technical keywords: machine learning engineer intern, data scientist intern, ai engineer intern, research intern"
2026-02-08T01:19:28.236044,https://fr.linkedin.com/jobs/view/corporate-strategy-analyst-stage-paris-at-papernest-4367849121?refId=TDT4kYD8Vj5nWFUYbH8V7g%3D%3D&trackingId=AeFL6bExzQ8Ks95jWICv5A%3D%3D&position=17&pageNum=0,Corporate Strategy Analyst - Stage - Paris,Other,Not Applicable,2026-01-21,papernest,http://www.papernest.com,,,,https://fr.linkedin.com/jobs/view/corporate-strategy-analyst-stage-paris-at-papernest-4367849121?refId=TDT4kYD8Vj5nWFUYbH8V7g%3D%3D&trackingId=AeFL6bExzQ8Ks95jWICv5A%3D%3D&position=17&pageNum=0,0,Skipped,Skipped: Job title 'Corporate Strategy Analyst - Stage - Paris' doesn't match ML/Data keywords
2026-02-08T01:19:30.775551,https://fr.linkedin.com/jobs/view/data-analyst-assistant-operations-europe-stage-f-h-at-christian-dior-couture-4328475713?refId=TDT4kYD8Vj5nWFUYbH8V7g%3D%3D&trackingId=cAzGvHA2yNHZ2ccVYquH8w%3D%3D&position=8&pageNum=0,Data Analyst Assistant Operations Europe - Stage F/H,Full-time,Internship,2026-02-02,Christian Dior Couture,https://www.dior.com/carrieres/index.html,,,,https://fr.linkedin.com/jobs/view/data-analyst-assistant-operations-europe-stage-f-h-at-christian-dior-couture-4328475713?refId=TDT4kYD8Vj5nWFUYbH8V7g%3D%3D&trackingId=cAzGvHA2yNHZ2ccVYquH8w%3D%3D&position=8&pageNum=0,5,Skipped,Skipped: Role match but missing technical keywords: data scientist intern
2026-02-08T01:19:30.777908,https://fr.linkedin.com/jobs/view/vc-analyst-intern-at-wind-4353019038?refId=TDT4kYD8Vj5nWFUYbH8V7g%3D%3D&trackingId=iu%2B3C4iBlyDkhbup6EqcXw%3D%3D&position=12&pageNum=0,VC Analyst Intern,Internship,Internship,2026-01-15,Wind,http://wind.capital,,,,https://fr.linkedin.com/jobs/view/vc-analyst-intern-at-wind-4353019038?refId=TDT4kYD8Vj5nWFUYbH8V7g%3D%3D&trackingId=iu%2B3C4iBlyDkhbup6EqcXw%3D%3D&position=12&pageNum=0,5,Skipped,"Skipped: Role match but missing technical keywords: machine learning engineer intern, data scientist intern, ai engineer intern, research intern"
2026-02-08T01:19:30.780273,https://fr.linkedin.com/jobs/view/internship-chief-of-staff-at-twoway-4357429590?refId=TDT4kYD8Vj5nWFUYbH8V7g%3D%3D&trackingId=2%2FgPiHY1i%2Fy2o5AyZdxKrQ%3D%3D&position=9&pageNum=0,[Internship] Chief of Staff,Internship,Internship,2026-02-03,TwoWay,https://www.twoway.finance/,,,,https://fr.linkedin.com/jobs/view/internship-chief-of-staff-at-twoway-4357429590?refId=TDT4kYD8Vj5nWFUYbH8V7g%3D%3D&trackingId=2%2FgPiHY1i%2Fy2o5AyZdxKrQ%3D%3D&position=9&pageNum=0,5,Skipped,"Skipped: Role match but missing technical keywords: machine learning engineer intern, data scientist intern, ai engineer intern, research intern"
2026-02-08T01:19:30.794785,https://fr.linkedin.com/jobs/view/founder-associate-intern-at-n%C5%ABmi%C2%AE-4336590083?refId=TDT4kYD8Vj5nWFUYbH8V7g%3D%3D&trackingId=4U5L%2FZ5zntj%2BBZdRIH36AQ%3D%3D&position=10&pageNum=0,Founder associate intern,Internship,Internship,2025-10-23,Nūmi®,https://www.numi.life/,,,,https://fr.linkedin.com/jobs/view/founder-associate-intern-at-n%C5%ABmi%C2%AE-4336590083?refId=TDT4kYD8Vj5nWFUYbH8V7g%3D%3D&trackingId=4U5L%2FZ5zntj%2BBZdRIH36AQ%3D%3D&position=10&pageNum=0,5,Skipped,"Skipped: Role match but missing technical keywords: machine learning engineer intern, data scientist intern, ai engineer intern, research intern"
2026-02-08T01:19:30.797461,https://fr.linkedin.com/jobs/view/technology-growth-equity-investment-intern-starting-july-september-2026-for-6-months-at-revaia-4365517336?refId=TDT4kYD8Vj5nWFUYbH8V7g%3D%3D&trackingId=%2BhBFhY4DJR9%2F1H%2FQuyE9Ug%3D%3D&position=11&pageNum=0,Technology Growth Equity - Investment Intern - Starting July/September 2026 for 6 months,Internship,Internship,2026-01-23,Revaia,https://revaia.com,,,,https://fr.linkedin.com/jobs/view/technology-growth-equity-investment-intern-starting-july-september-2026-for-6-months-at-revaia-4365517336?refId=TDT4kYD8Vj5nWFUYbH8V7g%3D%3D&trackingId=%2BhBFhY4DJR9%2F1H%2FQuyE9Ug%3D%3D&position=11&pageNum=0,5,Skipped,"Skipped: Role match but missing technical keywords: machine learning engineer intern, data scientist intern, ai engineer intern, research intern"
2026-02-08T01:19:30.800090,https://fr.linkedin.com/jobs/view/intern-chinese-project-analyst-h-f-at-richemont-4360856769?refId=TDT4kYD8Vj5nWFUYbH8V7g%3D%3D&trackingId=9JI8hZwggGaIYhkx91%2BsXQ%3D%3D&position=6&pageNum=0,Intern - Chinese Project Analyst (H/F),Full-time,Internship,2026-01-19,Richemont,http://www.richemont.com/,,,,https://fr.linkedin.com/jobs/view/intern-chinese-project-analyst-h-f-at-richemont-4360856769?refId=TDT4kYD8Vj5nWFUYbH8V7g%3D%3D&trackingId=9JI8hZwggGaIYhkx91%2BsXQ%3D%3D&position=6&pageNum=0,5,Skipped,"Skipped: Role match but missing technical keywords: machine learning engineer intern, data scientist intern, ai engineer intern, research intern"
2026-02-08T01:19:30.803723,https://fr.linkedin.com/jobs/view/stage-marketing-analyst-consumer-insight-h-f-at-richemont-4368757407?refId=TDT4kYD8Vj5nWFUYbH8V7g%3D%3D&trackingId=%2FLkfwuAKrZxpVBMAoDYudg%3D%3D&position=5&pageNum=0,Stage - Marketing Analyst Consumer Insight (H/F),Full-time,Internship,2026-02-04,Richemont,http://www.richemont.com/,,,,https://fr.linkedin.com/jobs/view/stage-marketing-analyst-consumer-insight-h-f-at-richemont-4368757407?refId=TDT4kYD8Vj5nWFUYbH8V7g%3D%3D&trackingId=%2FLkfwuAKrZxpVBMAoDYudg%3D%3D&position=5&pageNum=0,0,Skipped,Skipped: Job title 'Stage - Marketing Analyst Consumer Insight (H/F)' doesn't match ML/Data keywords
2026-02-08T01:19:30.806457,https://fr.linkedin.com/jobs/view/software-engineering-full-stack-intern-in-sydney-australia-at-inautalent-4366978981?refId=TDT4kYD8Vj5nWFUYbH8V7g%3D%3D&trackingId=2pKtRIGC4A%2FcHqrFOf89uA%3D%3D&position=3&pageNum=0,"Software Engineering (Full-Stack) Intern - in Sydney, Australia",Full-time,Internship,2026-01-29,INAUTALENT,https://inautalent.com/,,,,https://fr.linkedin.com/jobs/view/software-engineering-full-stack-intern-in-sydney-australia-at-inautalent-4366978981?refId=TDT4kYD8Vj5nWFUYbH8V7g%3D%3D&trackingId=2pKtRIGC4A%2FcHqrFOf89uA%3D%3D&position=3&pageNum=0,5,Skipped,"Skipped: Role match but missing technical keywords: machine learning engineer intern, data scientist intern, ai engineer intern, research intern"
2026-02-08T01:19:30.810718,https://fr.linkedin.com/jobs/view/stage-assistant-e-chef-de-projet-marketing-ev%C3%A8nementiel-horlogerie-joaillerie-europe-juillet-2026-at-chanel-4329220344?refId=TDT4kYD8Vj5nWFUYbH8V7g%3D%3D&trackingId=9adg51Ng8zLXDyPSTfoiYg%3D%3D&position=1&pageNum=0,STAGE - Assistant(e) Chef de Projet Marketing & Evènementiel - Horlogerie Joaillerie EUROPE - Juillet 2026,Full-time,Internship,2026-02-04,CHANEL,http://www.chanel.com,,,,https://fr.linkedin.com/jobs/view/stage-assistant-e-chef-de-projet-marketing-ev%C3%A8nementiel-horlogerie-joaillerie-europe-juillet-2026-at-chanel-4329220344?refId=TDT4kYD8Vj5nWFUYbH8V7g%3D%3D&trackingId=9adg51Ng8zLXDyPSTfoiYg%3D%3D&position=1&pageNum=0,0,Skipped,Skipped: Job title 'STAGE - Assistant(e) Chef de Projet Marketing & Evènementiel - Horlogerie Joaillerie EUROPE - Juillet 2026' doesn't match ML/Data keywords
2026-02-08T01:19:30.814344,https://fr.linkedin.com/jobs/view/software-engineering-full-stack-intern-in-sydney-australia-at-inautalent-4366981885?refId=TDT4kYD8Vj5nWFUYbH8V7g%3D%3D&trackingId=Sqw4SyVslZJNoNVxLEdZNA%3D%3D&position=4&pageNum=0,"Software Engineering (Full-Stack) Intern - in Sydney, Australia",Full-time,Internship,2026-01-29,INAUTALENT,https://inautalent.com/,,,,https://fr.linkedin.com/jobs/view/software-engineering-full-stack-intern-in-sydney-australia-at-inautalent-4366981885?refId=TDT4kYD8Vj5nWFUYbH8V7g%3D%3D&trackingId=Sqw4SyVslZJNoNVxLEdZNA%3D%3D&position=4&pageNum=0,5,Skipped,"Skipped: Role match but missing technical keywords: machine learning engineer intern, data scientist intern, ai engineer intern, research intern"
2026-02-08T01:19:30.817509,https://fr.linkedin.com/jobs/view/stage-controlling-global-h-f-at-urgo-medical-4368275622?refId=TDT4kYD8Vj5nWFUYbH8V7g%3D%3D&trackingId=KyeLz%2FCnjBf4JvooFWukkw%3D%3D&position=7&pageNum=0,Stage Controlling Global (H/F),Internship,Internship,2026-02-03,Urgo Medical,http://urgomedical.com,,,,https://fr.linkedin.com/jobs/view/stage-controlling-global-h-f-at-urgo-medical-4368275622?refId=TDT4kYD8Vj5nWFUYbH8V7g%3D%3D&trackingId=KyeLz%2FCnjBf4JvooFWukkw%3D%3D&position=7&pageNum=0,0,Skipped,Skipped: Job title 'Stage Controlling Global (H/F)' doesn't match ML/Data keywords
2026-02-08T01:19:30.821186,https://fr.linkedin.com/jobs/view/solutions-engineer-intern-at-bigblue-4332308160?refId=yFhH1xivIxDLvR09urA0ew%3D%3D&trackingId=a21eGsX%2BTYhkExJy2sNeyg%3D%3D&position=7&pageNum=1,Solutions Engineer intern,Internship,Not Applicable,2025-10-27,Bigblue,https://www.bigblue.co/,,,,https://fr.linkedin.com/jobs/view/solutions-engineer-intern-at-bigblue-4332308160?refId=yFhH1xivIxDLvR09urA0ew%3D%3D&trackingId=a21eGsX%2BTYhkExJy2sNeyg%3D%3D&position=7&pageNum=1,5,Skipped,"Skipped: Role match but missing technical keywords: machine learning engineer intern, data scientist intern, ai engineer intern, research intern"
2026-02-08T01:19:30.826679,https://fr.linkedin.com/jobs/view/operations-intern-r%C3%A9gion-centre-start-date-2026-at-amazon-4308670140?refId=yFhH1xivIxDLvR09urA0ew%3D%3D&trackingId=fMAlcvvNor83YcvyLt5BwQ%3D%3D&position=24&pageNum=1,Operations Intern - Région Centre - Start Date 2026,Full-time,Internship,2026-02-05,Amazon,https://www.aboutamazon.com/,,,,https://fr.linkedin.com/jobs/view/operations-intern-r%C3%A9gion-centre-start-date-2026-at-amazon-4308670140?refId=yFhH1xivIxDLvR09urA0ew%3D%3D&trackingId=fMAlcvvNor83YcvyLt5BwQ%3D%3D&position=24&pageNum=1,5,Skipped,"Skipped: Role match but missing technical keywords: machine learning engineer intern, data scientist intern, ai engineer intern, research intern"
2026-02-08T01:19:30.832090,https://fr.linkedin.com/jobs/view/intern-film-grain-analysis-at-interdigital-inc-4365350699?refId=yFhH1xivIxDLvR09urA0ew%3D%3D&trackingId=TTufTbIQwywO9TStZrC9gw%3D%3D&position=8&pageNum=1,"Intern, Film Grain Analysis",Internship,Internship,2026-01-22,"InterDigital, Inc.",http://www.interdigital.com,,,,https://fr.linkedin.com/jobs/view/intern-film-grain-analysis-at-interdigital-inc-4365350699?refId=yFhH1xivIxDLvR09urA0ew%3D%3D&trackingId=TTufTbIQwywO9TStZrC9gw%3D%3D&position=8&pageNum=1,5,Skipped,"Skipped: Role match but missing technical keywords: machine learning engineer intern, data scientist intern, ai engineer intern, research intern"
2026-02-08T01:19:30.836782,https://fr.linkedin.com/jobs/view/stage-aliad-venture-capital-operations-controller-intern-h-f-at-air-liquide-4369972084?refId=yFhH1xivIxDLvR09urA0ew%3D%3D&trackingId=iM%2Bhd5m4KtnVVwqxNEa3XQ%3D%3D&position=25&pageNum=1,Stage - ALIAD - Venture Capital & Operations Controller Intern H/F,Full-time,Internship,2026-02-06,Air Liquide,http://www.airliquide.com,,,,https://fr.linkedin.com/jobs/view/stage-aliad-venture-capital-operations-controller-intern-h-f-at-air-liquide-4369972084?refId=yFhH1xivIxDLvR09urA0ew%3D%3D&trackingId=iM%2Bhd5m4KtnVVwqxNEa3XQ%3D%3D&position=25&pageNum=1,5,Skipped,"Skipped: Role match but missing technical keywords: machine learning engineer intern, data scientist intern, ai engineer intern, research intern"
2026-02-08T01:19:32.990900,https://fr.linkedin.com/jobs/view/stage-en-tourisme-at-indie-campers-4346307286?refId=yFhH1xivIxDLvR09urA0ew%3D%3D&trackingId=QrS%2BHMov5Y6o5O6QSC57tw%3D%3D&position=22&pageNum=1,Stage en Tourisme,Full-time,Internship,2025-12-26,Indie Campers,https://indiecampers.com,,,,https://fr.linkedin.com/jobs/view/stage-en-tourisme-at-indie-campers-4346307286?refId=yFhH1xivIxDLvR09urA0ew%3D%3D&trackingId=QrS%2BHMov5Y6o5O6QSC57tw%3D%3D&position=22&pageNum=1,0,Skipped,Skipped: Job title 'Stage en Tourisme' doesn't match ML/Data keywords
2026-02-08T01:19:32.993571,https://fr.linkedin.com/jobs/view/financial-analyst-intern-at-acca-careers-4365741298?refId=yFhH1xivIxDLvR09urA0ew%3D%3D&trackingId=rQ3egVgwyracXZgDzQZIcA%3D%3D&position=21&pageNum=1,Financial Analyst Intern,Internship,Internship,2026-01-23,ACCA Careers,https://jobs.accaglobal.com/,,,,https://fr.linkedin.com/jobs/view/financial-analyst-intern-at-acca-careers-4365741298?refId=yFhH1xivIxDLvR09urA0ew%3D%3D&trackingId=rQ3egVgwyracXZgDzQZIcA%3D%3D&position=21&pageNum=1,5,Skipped,"Skipped: Role match but missing technical keywords: machine learning engineer intern, data scientist intern, ai engineer intern, research intern"
2026-02-08T01:19:32.996555,https://fr.linkedin.com/jobs/view/fp-a-analyst-europe-apprentice-or-intern-f-h-at-catalina-marketing-costa-rica-4348313459?refId=yFhH1xivIxDLvR09urA0ew%3D%3D&trackingId=2M6B0KrPg%2BjfsZkLvbHPNg%3D%3D&position=20&pageNum=1,FP&A Analyst Europe Apprentice or Intern F/H,Internship,Internship,2025-12-03,Catalina Marketing Costa Rica,https://www.catalina.com,,,,https://fr.linkedin.com/jobs/view/fp-a-analyst-europe-apprentice-or-intern-f-h-at-catalina-marketing-costa-rica-4348313459?refId=yFhH1xivIxDLvR09urA0ew%3D%3D&trackingId=2M6B0KrPg%2BjfsZkLvbHPNg%3D%3D&position=20&pageNum=1,5,Skipped,"Skipped: Role match but missing technical keywords: machine learning engineer intern, data scientist intern, ai engineer intern, research intern"
2026-02-08T01:19:32.998965,https://fr.linkedin.com/jobs/view/stage-go-to-market-product-intern-at-havas-media-france-4265332688?refId=yFhH1xivIxDLvR09urA0ew%3D%3D&trackingId=IOtLtnlyWW2753%2FlTrm9pg%3D%3D&position=19&pageNum=1,STAGE - GO TO MARKET PRODUCT INTERN,Full-time,Internship,2025-09-11,Havas Media France,https://havasmedianetwork.com,,,,https://fr.linkedin.com/jobs/view/stage-go-to-market-product-intern-at-havas-media-france-4265332688?refId=yFhH1xivIxDLvR09urA0ew%3D%3D&trackingId=IOtLtnlyWW2753%2FlTrm9pg%3D%3D&position=19&pageNum=1,5,Skipped,"Skipped: Role match but missing technical keywords: machine learning engineer intern, data scientist intern, ai engineer intern, research intern"
2026-02-08T01:19:33.001680,https://fr.linkedin.com/jobs/view/strategy-operations-intern-paris-at-sunday-4362605280?refId=yFhH1xivIxDLvR09urA0ew%3D%3D&trackingId=sVfjHYZo4aen0TtssYg6Uw%3D%3D&position=18&pageNum=1,Strategy & Operations Intern - Paris,Full-time,Internship,2026-01-22,sunday,http://www.sundayapp.com,,,,https://fr.linkedin.com/jobs/view/strategy-operations-intern-paris-at-sunday-4362605280?refId=yFhH1xivIxDLvR09urA0ew%3D%3D&trackingId=sVfjHYZo4aen0TtssYg6Uw%3D%3D&position=18&pageNum=1,5,Skipped,"Skipped: Role match but missing technical keywords: machine learning engineer intern, data scientist intern, ai engineer intern, research intern"
2026-02-08T01:19:33.004266,https://fr.linkedin.com/jobs/view/stage-aliad-venture-capital-operations-controller-intern-h-f-at-air-liquide-4361372947?refId=yFhH1xivIxDLvR09urA0ew%3D%3D&trackingId=V%2F6DvbXlKbYbFyaoC5u2zw%3D%3D&position=13&pageNum=1,Stage - ALIAD - Venture Capital & Operations Controller Intern H/F,Full-time,Internship,2026-02-04,Air Liquide,http://www.airliquide.com,,,,https://fr.linkedin.com/jobs/view/stage-aliad-venture-capital-operations-controller-intern-h-f-at-air-liquide-4361372947?refId=yFhH1xivIxDLvR09urA0ew%3D%3D&trackingId=V%2F6DvbXlKbYbFyaoC5u2zw%3D%3D&position=13&pageNum=1,5,Skipped,"Skipped: Role match but missing technical keywords: machine learning engineer intern, data scientist intern, ai engineer intern, research intern"
2026-02-08T01:19:37.154210,https://fr.linkedin.com/jobs/view/talent-acquisition-coordinator-internship-at-alice-bob-4369951744?refId=yFhH1xivIxDLvR09urA0ew%3D%3D&trackingId=uNZR9yroR9f09CxN5gHYJw%3D%3D&position=14&pageNum=1,Talent Acquisition Coordinator - Internship,Internship,Not Applicable,2026-02-06,Alice & Bob,https://alice-bob.com/,,,,https://fr.linkedin.com/jobs/view/talent-acquisition-coordinator-internship-at-alice-bob-4369951744?refId=yFhH1xivIxDLvR09urA0ew%3D%3D&trackingId=uNZR9yroR9f09CxN5gHYJw%3D%3D&position=14&pageNum=1,5,Skipped,"Skipped: Role match but missing technical keywords: machine learning engineer intern, data scientist intern, ai engineer intern, research intern"
2026-02-08T01:19:37.156827,https://fr.linkedin.com/jobs/view/assistant-chef-de-projet-si-europe-f-h-stage-at-christian-dior-couture-4328665539?refId=TDT4kYD8Vj5nWFUYbH8V7g%3D%3D&trackingId=uU8kcnZDxsB1qIA3Bq2YhQ%3D%3D&position=2&pageNum=0,Assistant Chef de Projet SI Europe F/H - STAGE,Full-time,Internship,2026-02-02,Christian Dior Couture,https://www.dior.com/carrieres/index.html,,,,https://fr.linkedin.com/jobs/view/assistant-chef-de-projet-si-europe-f-h-stage-at-christian-dior-couture-4328665539?refId=TDT4kYD8Vj5nWFUYbH8V7g%3D%3D&trackingId=uU8kcnZDxsB1qIA3Bq2YhQ%3D%3D&position=2&pageNum=0,0,Skipped,Skipped: Job title 'Assistant Chef de Projet SI Europe F/H - STAGE' doesn't match ML/Data keywords
2026-02-08T01:19:37.159572,https://fr.linkedin.com/jobs/view/business-program-management-apprentice-at-microsoft-4365270837?refId=yFhH1xivIxDLvR09urA0ew%3D%3D&trackingId=HuFaUqkwtL9bXDOeGiPszA%3D%3D&position=16&pageNum=1,Business Program Management Apprentice,Full-time,Not Applicable,2026-01-22,Microsoft,https://news.microsoft.com/,,,,https://fr.linkedin.com/jobs/view/business-program-management-apprentice-at-microsoft-4365270837?refId=yFhH1xivIxDLvR09urA0ew%3D%3D&trackingId=HuFaUqkwtL9bXDOeGiPszA%3D%3D&position=16&pageNum=1,0,Skipped,Skipped: Job title 'Business Program Management Apprentice' doesn't match ML/Data keywords
2026-02-08T01:19:37.162909,https://fr.linkedin.com/jobs/view/automotive-recruiter-intern-at-mechanics-body-shops-marketplace-4264768443?refId=yFhH1xivIxDLvR09urA0ew%3D%3D&trackingId=wx9GDqfvjpZ78sQRrfo2UA%3D%3D&position=11&pageNum=1,Automotive Recruiter Intern,Internship,Internship,2025-07-09,Mechanics & Body Shops Marketplace,https://www.mechanicsmarketplace.com,,,,https://fr.linkedin.com/jobs/view/automotive-recruiter-intern-at-mechanics-body-shops-marketplace-4264768443?refId=yFhH1xivIxDLvR09urA0ew%3D%3D&trackingId=wx9GDqfvjpZ78sQRrfo2UA%3D%3D&position=11&pageNum=1,5,Skipped,"Skipped: Role match but missing technical keywords: machine learning engineer intern, data scientist intern, ai engineer intern, research intern"
2026-02-08T01:19:37.166850,https://fr.linkedin.com/jobs/view/client-experience-retail-assistant-stage-h-f-at-lemaire-4358818219?refId=yFhH1xivIxDLvR09urA0ew%3D%3D&trackingId=a3EKdmiw9Y%2BrGL8aEZDOYw%3D%3D&position=15&pageNum=1,Client Experience Retail Assistant - Stage (H/F),Internship,Internship,2026-02-04,LEMAIRE,http://www.lemaire.fr/,,,,https://fr.linkedin.com/jobs/view/client-experience-retail-assistant-stage-h-f-at-lemaire-4358818219?refId=yFhH1xivIxDLvR09urA0ew%3D%3D&trackingId=a3EKdmiw9Y%2BrGL8aEZDOYw%3D%3D&position=15&pageNum=1,0,Skipped,Skipped: Job title 'Client Experience Retail Assistant - Stage (H/F)' doesn't match ML/Data keywords
2026-02-08T01:19:37.170861,https://fr.linkedin.com/jobs/view/balenciaga-e-commerce-content-production-intern-march-2026-f-h-at-balenciaga-4365087443?refId=yFhH1xivIxDLvR09urA0ew%3D%3D&trackingId=snc%2Br3Gvz9LRCKQF3Q76AA%3D%3D&position=4&pageNum=1,BALENCIAGA - E-Commerce Content Production Intern - March 2026 (F/H),Full-time,Not Applicable,2026-01-21,BALENCIAGA,http://www.balenciaga.com,,,,https://fr.linkedin.com/jobs/view/balenciaga-e-commerce-content-production-intern-march-2026-f-h-at-balenciaga-4365087443?refId=yFhH1xivIxDLvR09urA0ew%3D%3D&trackingId=snc%2Br3Gvz9LRCKQF3Q76AA%3D%3D&position=4&pageNum=1,5,Skipped,"Skipped: Role match but missing technical keywords: machine learning engineer intern, data scientist intern, ai engineer intern, research intern"
2026-02-08T01:19:37.174878,https://fr.linkedin.com/jobs/view/operations-intern-%C3%AEle-de-france-start-date-2026-at-amazon-4308423942?refId=yFhH1xivIxDLvR09urA0ew%3D%3D&trackingId=wV6Ufpd%2BdrxTJJQsAQXxjw%3D%3D&position=9&pageNum=1,Operations Intern - Île de France - Start Date 2026,Full-time,Internship,2026-02-06,Amazon,https://www.aboutamazon.com/,,,,https://fr.linkedin.com/jobs/view/operations-intern-%C3%AEle-de-france-start-date-2026-at-amazon-4308423942?refId=yFhH1xivIxDLvR09urA0ew%3D%3D&trackingId=wV6Ufpd%2BdrxTJJQsAQXxjw%3D%3D&position=9&pageNum=1,5,Skipped,"Skipped: Role match but missing technical keywords: machine learning engineer intern, data scientist intern, ai engineer intern, research intern"
2026-02-08T01:19:37.178584,https://fr.linkedin.com/jobs/view/operations-intern-%C3%AEle-de-france-start-date-2026-at-amazon-4308419993?refId=yFhH1xivIxDLvR09urA0ew%3D%3D&trackingId=PoSPAS88rAImWRFYqaQ%2BNA%3D%3D&position=6&pageNum=1,Operations Intern - Île de France - Start Date 2026,Full-time,Internship,2026-02-06,Amazon,https://www.aboutamazon.com/,,,,https://fr.linkedin.com/jobs/view/operations-intern-%C3%AEle-de-france-start-date-2026-at-amazon-4308419993?refId=yFhH1xivIxDLvR09urA0ew%3D%3D&trackingId=PoSPAS88rAImWRFYqaQ%2BNA%3D%3D&position=6&pageNum=1,5,Skipped,"Skipped: Role match but missing technical keywords: machine learning engineer intern, data scientist intern, ai engineer intern, research intern"
2026-02-08T01:19:37.181977,https://fr.linkedin.com/jobs/view/intern-analyst-portfolio-manager-assistant-active-advisory-at-ubs-4328860268?refId=yFhH1xivIxDLvR09urA0ew%3D%3D&trackingId=YCWavid5kzTp8bBc7T61Gg%3D%3D&position=10&pageNum=1,Intern - Analyst & Portfolio Manager Assistant - Active Advisory,Full-time,Entry level,2026-02-03,UBS,http://www.ubs.com/about,,,,https://fr.linkedin.com/jobs/view/intern-analyst-portfolio-manager-assistant-active-advisory-at-ubs-4328860268?refId=yFhH1xivIxDLvR09urA0ew%3D%3D&trackingId=YCWavid5kzTp8bBc7T61Gg%3D%3D&position=10&pageNum=1,5,Skipped,"Skipped: Role match but missing technical keywords: machine learning engineer intern, data scientist intern, ai engineer intern, research intern"
2026-02-08T01:19:37.185046,https://fr.linkedin.com/jobs/view/stage-engineering-compliance-h-f-at-klepierre-4366810515?refId=yFhH1xivIxDLvR09urA0ew%3D%3D&trackingId=aAAplg5cw%2FZxJCukZBCZNQ%3D%3D&position=5&pageNum=1,Stage - Engineering Compliance H/F,Internship,Internship,2026-01-29,KLEPIERRE,http://www.klepierre.com,,,,https://fr.linkedin.com/jobs/view/stage-engineering-compliance-h-f-at-klepierre-4366810515?refId=yFhH1xivIxDLvR09urA0ew%3D%3D&trackingId=aAAplg5cw%2FZxJCukZBCZNQ%3D%3D&position=5&pageNum=1,5,Skipped,"Skipped: Role match but missing technical keywords: machine learning engineer intern, ai engineer intern"
2026-02-08T01:19:37.187514,https://fr.linkedin.com/jobs/view/intern-trader-assistant-at-engie-international-supply-energy-management-4350686142?refId=yFhH1xivIxDLvR09urA0ew%3D%3D&trackingId=aVgH1J%2BZmsbFHzed85wFOg%3D%3D&position=3&pageNum=1,Intern - Trader Assistant,Internship,Internship,2026-01-21,ENGIE - International Supply & Energy Management,https://gems.engie.com,,,,https://fr.linkedin.com/jobs/view/intern-trader-assistant-at-engie-international-supply-energy-management-4350686142?refId=yFhH1xivIxDLvR09urA0ew%3D%3D&trackingId=aVgH1J%2BZmsbFHzed85wFOg%3D%3D&position=3&pageNum=1,5,Skipped,"Skipped: Role match but missing technical keywords: machine learning engineer intern, data scientist intern, ai engineer intern, research intern"
2026-02-08T01:19:37.191558,https://fr.linkedin.com/jobs/view/stage-en-tourisme-at-indie-campers-4366942411?refId=OlFbuCuERjQrtvFzFrUiVg%3D%3D&trackingId=d9wNkn12%2Fr%2BZMV4EMt4t3w%3D%3D&position=25&pageNum=2,Stage en Tourisme,Full-time,Internship,2026-01-28,Indie Campers,https://indiecampers.com,,,,https://fr.linkedin.com/jobs/view/stage-en-tourisme-at-indie-campers-4366942411?refId=OlFbuCuERjQrtvFzFrUiVg%3D%3D&trackingId=d9wNkn12%2Fr%2BZMV4EMt4t3w%3D%3D&position=25&pageNum=2,0,Skipped,Skipped: Job title 'Stage en Tourisme' doesn't match ML/Data keywords
2026-02-08T01:19:37.194674,https://fr.linkedin.com/jobs/view/financial-analyst-intern-at-amazon-4335233610?refId=yFhH1xivIxDLvR09urA0ew%3D%3D&trackingId=t1G1aOVBkg1giLTzaRc3Ng%3D%3D&position=2&pageNum=1,Financial Analyst Intern,Full-time,Not Applicable,2026-02-04,Amazon,https://www.aboutamazon.com/,,,,https://fr.linkedin.com/jobs/view/financial-analyst-intern-at-amazon-4335233610?refId=yFhH1xivIxDLvR09urA0ew%3D%3D&trackingId=t1G1aOVBkg1giLTzaRc3Ng%3D%3D&position=2&pageNum=1,5,Skipped,"Skipped: Role match but missing technical keywords: machine learning engineer intern, data scientist intern, ai engineer intern, research intern"
2026-02-08T01:20:02.381969,https://fr.linkedin.com/jobs/view/global-editorial-content-marketing-stage-intern-paris-at-cozycozy-com-4337099031?refId=TDT4kYD8Vj5nWFUYbH8V7g%3D%3D&trackingId=lQ3UhALmdZBf3pExPHbyxg%3D%3D&position=24&pageNum=0,"Global Editorial Content Marketing Stage / Intern, Paris",Internship,Not Applicable,2025-11-20,cozycozy.com,https://www.cozycozy.com,,,,https://fr.linkedin.com/jobs/view/global-editorial-content-marketing-stage-intern-paris-at-cozycozy-com-4337099031?refId=TDT4kYD8Vj5nWFUYbH8V7g%3D%3D&trackingId=lQ3UhALmdZBf3pExPHbyxg%3D%3D&position=24&pageNum=0,5,Skipped,"Skipped: Role match but missing technical keywords: machine learning engineer intern, data scientist intern, ai engineer intern, research intern"
2026-02-08T01:20:02.384755,https://fr.linkedin.com/jobs/view/strategy-consultant-internship-private-equity-lyon-f-h-at-indefi-4325718969?refId=TDT4kYD8Vj5nWFUYbH8V7g%3D%3D&trackingId=bM17Rl%2BXmOa2EV%2F7H6pJZg%3D%3D&position=25&pageNum=0,Strategy Consultant Internship - Private Equity - Lyon F/H,Internship,Internship,2025-12-04,INDEFI,http://www.indefi.com,,,,https://fr.linkedin.com/jobs/view/strategy-consultant-internship-private-equity-lyon-f-h-at-indefi-4325718969?refId=TDT4kYD8Vj5nWFUYbH8V7g%3D%3D&trackingId=bM17Rl%2BXmOa2EV%2F7H6pJZg%3D%3D&position=25&pageNum=0,5,Skipped,"Skipped: Role match but missing technical keywords: machine learning engineer intern, data scientist intern, ai engineer intern, research intern"
2026-02-08T01:20:02.387155,https://fr.linkedin.com/jobs/view/revenue-operations-intern-at-swan-4329689579?refId=TDT4kYD8Vj5nWFUYbH8V7g%3D%3D&trackingId=tsDtDVlfh43mSk37a6Zqzw%3D%3D&position=22&pageNum=0,Revenue Operations Intern,Internship,Internship,2025-12-31,Swan,https://swan.io,,,,https://fr.linkedin.com/jobs/view/revenue-operations-intern-at-swan-4329689579?refId=TDT4kYD8Vj5nWFUYbH8V7g%3D%3D&trackingId=tsDtDVlfh43mSk37a6Zqzw%3D%3D&position=22&pageNum=0,5,Skipped,"Skipped: Role match but missing technical keywords: machine learning engineer intern, data scientist intern, ai engineer intern, research intern"
2026-02-08T01:20:02.389219,https://fr.linkedin.com/jobs/view/intern-global-talent-acquisition-project-management-h-f-at-lacoste-4297589491?refId=TDT4kYD8Vj5nWFUYbH8V7g%3D%3D&trackingId=DUZqCHP9qjh1Rx60ZJ29Yw%3D%3D&position=23&pageNum=0,Intern Global Talent Acquisition Project Management (H/F),Full-time,Not Applicable,2025-09-08,Lacoste,https://corporate.lacoste.com/,,,,https://fr.linkedin.com/jobs/view/intern-global-talent-acquisition-project-management-h-f-at-lacoste-4297589491?refId=TDT4kYD8Vj5nWFUYbH8V7g%3D%3D&trackingId=DUZqCHP9qjh1Rx60ZJ29Yw%3D%3D&position=23&pageNum=0,5,Skipped,"Skipped: Role match but missing technical keywords: machine learning engineer intern, data scientist intern, ai engineer intern, research intern"
2026-02-08T01:20:02.391546,https://fr.linkedin.com/jobs/view/stage-assistant-consultant-paid-social-h-f-at-dentsu-4345376920?refId=TDT4kYD8Vj5nWFUYbH8V7g%3D%3D&trackingId=lHI%2BQV8K2ZFZfoU57CmqdA%3D%3D&position=19&pageNum=0,STAGE - Assistant Consultant Paid Social H/F,Full-time,Internship,2026-01-12,dentsu,https://bit.ly/3lDa6Ff,,,,https://fr.linkedin.com/jobs/view/stage-assistant-consultant-paid-social-h-f-at-dentsu-4345376920?refId=TDT4kYD8Vj5nWFUYbH8V7g%3D%3D&trackingId=lHI%2BQV8K2ZFZfoU57CmqdA%3D%3D&position=19&pageNum=0,0,Skipped,Skipped: Job title 'STAGE - Assistant Consultant Paid Social H/F' doesn't match ML/Data keywords
2026-02-08T01:20:02.394149,https://fr.linkedin.com/jobs/view/oliver-wyman-stage-2a-polytechnique-paris-france-at-oliver-wyman-4359427349?refId=TDT4kYD8Vj5nWFUYbH8V7g%3D%3D&trackingId=E0XVYRIzueZ%2B6SSqXnCXzg%3D%3D&position=20&pageNum=0,Oliver Wyman - Stage 2A Polytechnique - Paris (France),Internship,Not Applicable,2026-01-31,Oliver Wyman,http://www.oliverwyman.com,,,,https://fr.linkedin.com/jobs/view/oliver-wyman-stage-2a-polytechnique-paris-france-at-oliver-wyman-4359427349?refId=TDT4kYD8Vj5nWFUYbH8V7g%3D%3D&trackingId=E0XVYRIzueZ%2B6SSqXnCXzg%3D%3D&position=20&pageNum=0,0,Skipped,Skipped: Job title 'Oliver Wyman - Stage 2A Polytechnique - Paris (France)' doesn't match ML/Data keywords
2026-02-08T01:20:02.396583,https://fr.linkedin.com/jobs/view/stage-marketing-operations-f-h-at-worldline-4332768064?refId=TDT4kYD8Vj5nWFUYbH8V7g%3D%3D&trackingId=6nDVxO%2FZXrKmawzQxLkpLA%3D%3D&position=21&pageNum=0,Stage - Marketing Operations (F/H),Internship,Entry level,2026-02-06,Worldline,http://worldline.com,,,,https://fr.linkedin.com/jobs/view/stage-marketing-operations-f-h-at-worldline-4332768064?refId=TDT4kYD8Vj5nWFUYbH8V7g%3D%3D&trackingId=6nDVxO%2FZXrKmawzQxLkpLA%3D%3D&position=21&pageNum=0,0,Skipped,Skipped: Job title 'Stage - Marketing Operations (F/H)' doesn't match ML/Data keywords
2026-02-08T01:20:02.398730,https://fr.linkedin.com/jobs/view/kering-data-product-owner-stage-at-kering-4361320470?refId=TDT4kYD8Vj5nWFUYbH8V7g%3D%3D&trackingId=vtgAwIhg5Q0oIIwmHJbk7g%3D%3D&position=18&pageNum=0,KERING Data Product Owner (stage),Full-time,Internship,2026-01-13,Kering,https://www.kering.com/en,,,,https://fr.linkedin.com/jobs/view/kering-data-product-owner-stage-at-kering-4361320470?refId=TDT4kYD8Vj5nWFUYbH8V7g%3D%3D&trackingId=vtgAwIhg5Q0oIIwmHJbk7g%3D%3D&position=18&pageNum=0,5,Skipped,Skipped: Role match but missing technical keywords: data scientist intern
2026-02-08T01:20:02.400831,https://fr.linkedin.com/jobs/view/intern-web-editor-gq-at-cond%C3%A9-nast-4362960775?refId=TDT4kYD8Vj5nWFUYbH8V7g%3D%3D&trackingId=%2B%2FOY0Lc%2FB8PxGrRC33p4xQ%3D%3D&position=14&pageNum=0,Intern Web Editor GQ,Full-time,Internship,2026-02-05,Condé Nast,http://www.condenast.com,,,,https://fr.linkedin.com/jobs/view/intern-web-editor-gq-at-cond%C3%A9-nast-4362960775?refId=TDT4kYD8Vj5nWFUYbH8V7g%3D%3D&trackingId=%2B%2FOY0Lc%2FB8PxGrRC33p4xQ%3D%3D&position=14&pageNum=0,5,Skipped,"Skipped: Role match but missing technical keywords: machine learning engineer intern, data scientist intern, ai engineer intern, research intern"
2026-02-08T01:20:02.403069,https://fr.linkedin.com/jobs/view/stage-global-strategy-intern-h-f-at-edenred-4365982064?refId=TDT4kYD8Vj5nWFUYbH8V7g%3D%3D&trackingId=OBeWqKSWvLIT7If%2F6w1VSA%3D%3D&position=16&pageNum=0,Stage - Global Strategy Intern (H/F),Internship,Internship,2026-01-27,Edenred,https://www.edenred.com,,,,https://fr.linkedin.com/jobs/view/stage-global-strategy-intern-h-f-at-edenred-4365982064?refId=TDT4kYD8Vj5nWFUYbH8V7g%3D%3D&trackingId=OBeWqKSWvLIT7If%2F6w1VSA%3D%3D&position=16&pageNum=0,5,Skipped,"Skipped: Role match but missing technical keywords: machine learning engineer intern, data scientist intern, ai engineer intern, research intern"
2026-02-08T01:20:02.405252,https://fr.linkedin.com/jobs/view/strategy-consultant-internship-private-equity-paris-f-h-at-indefi-4362145931?refId=TDT4kYD8Vj5nWFUYbH8V7g%3D%3D&trackingId=kluoyr6MdGCacE0v0JN1pA%3D%3D&position=13&pageNum=0,Strategy Consultant Internship - Private Equity - Paris F/H,Internship,Internship,2026-01-22,INDEFI,http://www.indefi.com,,,,https://fr.linkedin.com/jobs/view/strategy-consultant-internship-private-equity-paris-f-h-at-indefi-4362145931?refId=TDT4kYD8Vj5nWFUYbH8V7g%3D%3D&trackingId=kluoyr6MdGCacE0v0JN1pA%3D%3D&position=13&pageNum=0,5,Skipped,"Skipped: Role match but missing technical keywords: machine learning engineer intern, data scientist intern, ai engineer intern, research intern"
2026-02-08T01:20:02.407484,https://fr.linkedin.com/jobs/view/corporate-strategy-analyst-stage-paris-at-papernest-4367849121?refId=TDT4kYD8Vj5nWFUYbH8V7g%3D%3D&trackingId=AeFL6bExzQ8Ks95jWICv5A%3D%3D&position=17&pageNum=0,Corporate Strategy Analyst - Stage - Paris,Other,Not Applicable,2026-01-21,papernest,http://www.papernest.com,,,,https://fr.linkedin.com/jobs/view/corporate-strategy-analyst-stage-paris-at-papernest-4367849121?refId=TDT4kYD8Vj5nWFUYbH8V7g%3D%3D&trackingId=AeFL6bExzQ8Ks95jWICv5A%3D%3D&position=17&pageNum=0,0,Skipped,Skipped: Job title 'Corporate Strategy Analyst - Stage - Paris' doesn't match ML/Data keywords
2026-02-08T01:20:04.686238,https://fr.linkedin.com/jobs/view/data-analyst-assistant-operations-europe-stage-f-h-at-christian-dior-couture-4328475713?refId=TDT4kYD8Vj5nWFUYbH8V7g%3D%3D&trackingId=cAzGvHA2yNHZ2ccVYquH8w%3D%3D&position=8&pageNum=0,Data Analyst Assistant Operations Europe - Stage F/H,Full-time,Internship,2026-02-02,Christian Dior Couture,https://www.dior.com/carrieres/index.html,,,,https://fr.linkedin.com/jobs/view/data-analyst-assistant-operations-europe-stage-f-h-at-christian-dior-couture-4328475713?refId=TDT4kYD8Vj5nWFUYbH8V7g%3D%3D&trackingId=cAzGvHA2yNHZ2ccVYquH8w%3D%3D&position=8&pageNum=0,5,Skipped,Skipped: Role match but missing technical keywords: data scientist intern
2026-02-08T01:20:04.688632,https://fr.linkedin.com/jobs/view/vc-analyst-intern-at-wind-4353019038?refId=TDT4kYD8Vj5nWFUYbH8V7g%3D%3D&trackingId=iu%2B3C4iBlyDkhbup6EqcXw%3D%3D&position=12&pageNum=0,VC Analyst Intern,Internship,Internship,2026-01-15,Wind,http://wind.capital,,,,https://fr.linkedin.com/jobs/view/vc-analyst-intern-at-wind-4353019038?refId=TDT4kYD8Vj5nWFUYbH8V7g%3D%3D&trackingId=iu%2B3C4iBlyDkhbup6EqcXw%3D%3D&position=12&pageNum=0,5,Skipped,"Skipped: Role match but missing technical keywords: machine learning engineer intern, data scientist intern, ai engineer intern, research intern"
2026-02-08T01:20:04.691731,https://fr.linkedin.com/jobs/view/internship-chief-of-staff-at-twoway-4357429590?refId=TDT4kYD8Vj5nWFUYbH8V7g%3D%3D&trackingId=2%2FgPiHY1i%2Fy2o5AyZdxKrQ%3D%3D&position=9&pageNum=0,[Internship] Chief of Staff,Internship,Internship,2026-02-03,TwoWay,https://www.twoway.finance/,,,,https://fr.linkedin.com/jobs/view/internship-chief-of-staff-at-twoway-4357429590?refId=TDT4kYD8Vj5nWFUYbH8V7g%3D%3D&trackingId=2%2FgPiHY1i%2Fy2o5AyZdxKrQ%3D%3D&position=9&pageNum=0,5,Skipped,"Skipped: Role match but missing technical keywords: machine learning engineer intern, data scientist intern, ai engineer intern, research intern"
2026-02-08T01:20:04.707578,https://fr.linkedin.com/jobs/view/founder-associate-intern-at-n%C5%ABmi%C2%AE-4336590083?refId=TDT4kYD8Vj5nWFUYbH8V7g%3D%3D&trackingId=4U5L%2FZ5zntj%2BBZdRIH36AQ%3D%3D&position=10&pageNum=0,Founder associate intern,Internship,Internship,2025-10-23,Nūmi®,https://www.numi.life/,,,,https://fr.linkedin.com/jobs/view/founder-associate-intern-at-n%C5%ABmi%C2%AE-4336590083?refId=TDT4kYD8Vj5nWFUYbH8V7g%3D%3D&trackingId=4U5L%2FZ5zntj%2BBZdRIH36AQ%3D%3D&position=10&pageNum=0,5,Skipped,"Skipped: Role match but missing technical keywords: machine learning engineer intern, data scientist intern, ai engineer intern, research intern"
2026-02-08T01:20:04.709951,https://fr.linkedin.com/jobs/view/technology-growth-equity-investment-intern-starting-july-september-2026-for-6-months-at-revaia-4365517336?refId=TDT4kYD8Vj5nWFUYbH8V7g%3D%3D&trackingId=%2BhBFhY4DJR9%2F1H%2FQuyE9Ug%3D%3D&position=11&pageNum=0,Technology Growth Equity - Investment Intern - Starting July/September 2026 for 6 months,Internship,Internship,2026-01-23,Revaia,https://revaia.com,,,,https://fr.linkedin.com/jobs/view/technology-growth-equity-investment-intern-starting-july-september-2026-for-6-months-at-revaia-4365517336?refId=TDT4kYD8Vj5nWFUYbH8V7g%3D%3D&trackingId=%2BhBFhY4DJR9%2F1H%2FQuyE9Ug%3D%3D&position=11&pageNum=0,5,Skipped,"Skipped: Role match but missing technical keywords: machine learning engineer intern, data scientist intern, ai engineer intern, research intern"
2026-02-08T01:20:04.712392,https://fr.linkedin.com/jobs/view/intern-chinese-project-analyst-h-f-at-richemont-4360856769?refId=TDT4kYD8Vj5nWFUYbH8V7g%3D%3D&trackingId=9JI8hZwggGaIYhkx91%2BsXQ%3D%3D&position=6&pageNum=0,Intern - Chinese Project Analyst (H/F),Full-time,Internship,2026-01-19,Richemont,http://www.richemont.com/,,,,https://fr.linkedin.com/jobs/view/intern-chinese-project-analyst-h-f-at-richemont-4360856769?refId=TDT4kYD8Vj5nWFUYbH8V7g%3D%3D&trackingId=9JI8hZwggGaIYhkx91%2BsXQ%3D%3D&position=6&pageNum=0,5,Skipped,"Skipped: Role match but missing technical keywords: machine learning engineer intern, data scientist intern, ai engineer intern, research intern"
2026-02-08T01:20:04.715054,https://fr.linkedin.com/jobs/view/stage-marketing-analyst-consumer-insight-h-f-at-richemont-4368757407?refId=TDT4kYD8Vj5nWFUYbH8V7g%3D%3D&trackingId=%2FLkfwuAKrZxpVBMAoDYudg%3D%3D&position=5&pageNum=0,Stage - Marketing Analyst Consumer Insight (H/F),Full-time,Internship,2026-02-04,Richemont,http://www.richemont.com/,,,,https://fr.linkedin.com/jobs/view/stage-marketing-analyst-consumer-insight-h-f-at-richemont-4368757407?refId=TDT4kYD8Vj5nWFUYbH8V7g%3D%3D&trackingId=%2FLkfwuAKrZxpVBMAoDYudg%3D%3D&position=5&pageNum=0,0,Skipped,Skipped: Job title 'Stage - Marketing Analyst Consumer Insight (H/F)' doesn't match ML/Data keywords
2026-02-08T01:20:04.717179,https://fr.linkedin.com/jobs/view/software-engineering-full-stack-intern-in-sydney-australia-at-inautalent-4366978981?refId=TDT4kYD8Vj5nWFUYbH8V7g%3D%3D&trackingId=2pKtRIGC4A%2FcHqrFOf89uA%3D%3D&position=3&pageNum=0,"Software Engineering (Full-Stack) Intern - in Sydney, Australia",Full-time,Internship,2026-01-29,INAUTALENT,https://inautalent.com/,,,,https://fr.linkedin.com/jobs/view/software-engineering-full-stack-intern-in-sydney-australia-at-inautalent-4366978981?refId=TDT4kYD8Vj5nWFUYbH8V7g%3D%3D&trackingId=2pKtRIGC4A%2FcHqrFOf89uA%3D%3D&position=3&pageNum=0,5,Skipped,"Skipped: Role match but missing technical keywords: machine learning engineer intern, data scientist intern, ai engineer intern, research intern"
2026-02-08T01:20:04.719310,https://fr.linkedin.com/jobs/view/stage-assistant-e-chef-de-projet-marketing-ev%C3%A8nementiel-horlogerie-joaillerie-europe-juillet-2026-at-chanel-4329220344?refId=TDT4kYD8Vj5nWFUYbH8V7g%3D%3D&trackingId=9adg51Ng8zLXDyPSTfoiYg%3D%3D&position=1&pageNum=0,STAGE - Assistant(e) Chef de Projet Marketing & Evènementiel - Horlogerie Joaillerie EUROPE - Juillet 2026,Full-time,Internship,2026-02-04,CHANEL,http://www.chanel.com,,,,https://fr.linkedin.com/jobs/view/stage-assistant-e-chef-de-projet-marketing-ev%C3%A8nementiel-horlogerie-joaillerie-europe-juillet-2026-at-chanel-4329220344?refId=TDT4kYD8Vj5nWFUYbH8V7g%3D%3D&trackingId=9adg51Ng8zLXDyPSTfoiYg%3D%3D&position=1&pageNum=0,0,Skipped,Skipped: Job title 'STAGE - Assistant(e) Chef de Projet Marketing & Evènementiel - Horlogerie Joaillerie EUROPE - Juillet 2026' doesn't match ML/Data keywords
2026-02-08T01:20:04.721407,https://fr.linkedin.com/jobs/view/software-engineering-full-stack-intern-in-sydney-australia-at-inautalent-4366981885?refId=TDT4kYD8Vj5nWFUYbH8V7g%3D%3D&trackingId=Sqw4SyVslZJNoNVxLEdZNA%3D%3D&position=4&pageNum=0,"Software Engineering (Full-Stack) Intern - in Sydney, Australia",Full-time,Internship,2026-01-29,INAUTALENT,https://inautalent.com/,,,,https://fr.linkedin.com/jobs/view/software-engineering-full-stack-intern-in-sydney-australia-at-inautalent-4366981885?refId=TDT4kYD8Vj5nWFUYbH8V7g%3D%3D&trackingId=Sqw4SyVslZJNoNVxLEdZNA%3D%3D&position=4&pageNum=0,5,Skipped,"Skipped: Role match but missing technical keywords: machine learning engineer intern, data scientist intern, ai engineer intern, research intern"
2026-02-08T01:20:04.723533,https://fr.linkedin.com/jobs/view/stage-controlling-global-h-f-at-urgo-medical-4368275622?refId=TDT4kYD8Vj5nWFUYbH8V7g%3D%3D&trackingId=KyeLz%2FCnjBf4JvooFWukkw%3D%3D&position=7&pageNum=0,Stage Controlling Global (H/F),Internship,Internship,2026-02-03,Urgo Medical,http://urgomedical.com,,,,https://fr.linkedin.com/jobs/view/stage-controlling-global-h-f-at-urgo-medical-4368275622?refId=TDT4kYD8Vj5nWFUYbH8V7g%3D%3D&trackingId=KyeLz%2FCnjBf4JvooFWukkw%3D%3D&position=7&pageNum=0,0,Skipped,Skipped: Job title 'Stage Controlling Global (H/F)' doesn't match ML/Data keywords
2026-02-08T01:20:04.725983,https://fr.linkedin.com/jobs/view/solutions-engineer-intern-at-bigblue-4332308160?refId=yFhH1xivIxDLvR09urA0ew%3D%3D&trackingId=a21eGsX%2BTYhkExJy2sNeyg%3D%3D&position=7&pageNum=1,Solutions Engineer intern,Internship,Not Applicable,2025-10-27,Bigblue,https://www.bigblue.co/,,,,https://fr.linkedin.com/jobs/view/solutions-engineer-intern-at-bigblue-4332308160?refId=yFhH1xivIxDLvR09urA0ew%3D%3D&trackingId=a21eGsX%2BTYhkExJy2sNeyg%3D%3D&position=7&pageNum=1,5,Skipped,"Skipped: Role match but missing technical keywords: machine learning engineer intern, data scientist intern, ai engineer intern, research intern"
2026-02-08T01:20:04.728504,https://fr.linkedin.com/jobs/view/operations-intern-r%C3%A9gion-centre-start-date-2026-at-amazon-4308670140?refId=yFhH1xivIxDLvR09urA0ew%3D%3D&trackingId=fMAlcvvNor83YcvyLt5BwQ%3D%3D&position=24&pageNum=1,Operations Intern - Région Centre - Start Date 2026,Full-time,Internship,2026-02-05,Amazon,https://www.aboutamazon.com/,,,,https://fr.linkedin.com/jobs/view/operations-intern-r%C3%A9gion-centre-start-date-2026-at-amazon-4308670140?refId=yFhH1xivIxDLvR09urA0ew%3D%3D&trackingId=fMAlcvvNor83YcvyLt5BwQ%3D%3D&position=24&pageNum=1,5,Skipped,"Skipped: Role match but missing technical keywords: machine learning engineer intern, data scientist intern, ai engineer intern, research intern"
2026-02-08T01:20:04.730774,https://fr.linkedin.com/jobs/view/intern-film-grain-analysis-at-interdigital-inc-4365350699?refId=yFhH1xivIxDLvR09urA0ew%3D%3D&trackingId=TTufTbIQwywO9TStZrC9gw%3D%3D&position=8&pageNum=1,"Intern, Film Grain Analysis",Internship,Internship,2026-01-22,"InterDigital, Inc.",http://www.interdigital.com,,,,https://fr.linkedin.com/jobs/view/intern-film-grain-analysis-at-interdigital-inc-4365350699?refId=yFhH1xivIxDLvR09urA0ew%3D%3D&trackingId=TTufTbIQwywO9TStZrC9gw%3D%3D&position=8&pageNum=1,5,Skipped,"Skipped: Role match but missing technical keywords: machine learning engineer intern, data scientist intern, ai engineer intern, research intern"
2026-02-08T01:20:04.733471,https://fr.linkedin.com/jobs/view/stage-aliad-venture-capital-operations-controller-intern-h-f-at-air-liquide-4369972084?refId=yFhH1xivIxDLvR09urA0ew%3D%3D&trackingId=iM%2Bhd5m4KtnVVwqxNEa3XQ%3D%3D&position=25&pageNum=1,Stage - ALIAD - Venture Capital & Operations Controller Intern H/F,Full-time,Internship,2026-02-06,Air Liquide,http://www.airliquide.com,,,,https://fr.linkedin.com/jobs/view/stage-aliad-venture-capital-operations-controller-intern-h-f-at-air-liquide-4369972084?refId=yFhH1xivIxDLvR09urA0ew%3D%3D&trackingId=iM%2Bhd5m4KtnVVwqxNEa3XQ%3D%3D&position=25&pageNum=1,5,Skipped,"Skipped: Role match but missing technical keywords: machine learning engineer intern, data scientist intern, ai engineer intern, research intern"
2026-02-08T01:20:07.045971,https://fr.linkedin.com/jobs/view/stage-en-tourisme-at-indie-campers-4346307286?refId=yFhH1xivIxDLvR09urA0ew%3D%3D&trackingId=QrS%2BHMov5Y6o5O6QSC57tw%3D%3D&position=22&pageNum=1,Stage en Tourisme,Full-time,Internship,2025-12-26,Indie Campers,https://indiecampers.com,,,,https://fr.linkedin.com/jobs/view/stage-en-tourisme-at-indie-campers-4346307286?refId=yFhH1xivIxDLvR09urA0ew%3D%3D&trackingId=QrS%2BHMov5Y6o5O6QSC57tw%3D%3D&position=22&pageNum=1,0,Skipped,Skipped: Job title 'Stage en Tourisme' doesn't match ML/Data keywords
2026-02-08T01:20:07.049316,https://fr.linkedin.com/jobs/view/financial-analyst-intern-at-acca-careers-4365741298?refId=yFhH1xivIxDLvR09urA0ew%3D%3D&trackingId=rQ3egVgwyracXZgDzQZIcA%3D%3D&position=21&pageNum=1,Financial Analyst Intern,Internship,Internship,2026-01-23,ACCA Careers,https://jobs.accaglobal.com/,,,,https://fr.linkedin.com/jobs/view/financial-analyst-intern-at-acca-careers-4365741298?refId=yFhH1xivIxDLvR09urA0ew%3D%3D&trackingId=rQ3egVgwyracXZgDzQZIcA%3D%3D&position=21&pageNum=1,5,Skipped,"Skipped: Role match but missing technical keywords: machine learning engineer intern, data scientist intern, ai engineer intern, research intern"
2026-02-08T01:20:07.053818,https://fr.linkedin.com/jobs/view/fp-a-analyst-europe-apprentice-or-intern-f-h-at-catalina-marketing-costa-rica-4348313459?refId=yFhH1xivIxDLvR09urA0ew%3D%3D&trackingId=2M6B0KrPg%2BjfsZkLvbHPNg%3D%3D&position=20&pageNum=1,FP&A Analyst Europe Apprentice or Intern F/H,Internship,Internship,2025-12-03,Catalina Marketing Costa Rica,https://www.catalina.com,,,,https://fr.linkedin.com/jobs/view/fp-a-analyst-europe-apprentice-or-intern-f-h-at-catalina-marketing-costa-rica-4348313459?refId=yFhH1xivIxDLvR09urA0ew%3D%3D&trackingId=2M6B0KrPg%2BjfsZkLvbHPNg%3D%3D&position=20&pageNum=1,5,Skipped,"Skipped: Role match but missing technical keywords: machine learning engineer intern, data scientist intern, ai engineer intern, research intern"
2026-02-08T01:20:07.057703,https://fr.linkedin.com/jobs/view/stage-go-to-market-product-intern-at-havas-media-france-4265332688?refId=yFhH1xivIxDLvR09urA0ew%3D%3D&trackingId=IOtLtnlyWW2753%2FlTrm9pg%3D%3D&position=19&pageNum=1,STAGE - GO TO MARKET PRODUCT INTERN,Full-time,Internship,2025-09-11,Havas Media France,https://havasmedianetwork.com,,,,https://fr.linkedin.com/jobs/view/stage-go-to-market-product-intern-at-havas-media-france-4265332688?refId=yFhH1xivIxDLvR09urA0ew%3D%3D&trackingId=IOtLtnlyWW2753%2FlTrm9pg%3D%3D&position=19&pageNum=1,5,Skipped,"Skipped: Role match but missing technical keywords: machine learning engineer intern, data scientist intern, ai engineer intern, research intern"
2026-02-08T01:20:07.061172,https://fr.linkedin.com/jobs/view/strategy-operations-intern-paris-at-sunday-4362605280?refId=yFhH1xivIxDLvR09urA0ew%3D%3D&trackingId=sVfjHYZo4aen0TtssYg6Uw%3D%3D&position=18&pageNum=1,Strategy & Operations Intern - Paris,Full-time,Internship,2026-01-22,sunday,http://www.sundayapp.com,,,,https://fr.linkedin.com/jobs/view/strategy-operations-intern-paris-at-sunday-4362605280?refId=yFhH1xivIxDLvR09urA0ew%3D%3D&trackingId=sVfjHYZo4aen0TtssYg6Uw%3D%3D&position=18&pageNum=1,5,Skipped,"Skipped: Role match but missing technical keywords: machine learning engineer intern, data scientist intern, ai engineer intern, research intern"
2026-02-08T01:20:07.064390,https://fr.linkedin.com/jobs/view/stage-aliad-venture-capital-operations-controller-intern-h-f-at-air-liquide-4361372947?refId=yFhH1xivIxDLvR09urA0ew%3D%3D&trackingId=V%2F6DvbXlKbYbFyaoC5u2zw%3D%3D&position=13&pageNum=1,Stage - ALIAD - Venture Capital & Operations Controller Intern H/F,Full-time,Internship,2026-02-04,Air Liquide,http://www.airliquide.com,,,,https://fr.linkedin.com/jobs/view/stage-aliad-venture-capital-operations-controller-intern-h-f-at-air-liquide-4361372947?refId=yFhH1xivIxDLvR09urA0ew%3D%3D&trackingId=V%2F6DvbXlKbYbFyaoC5u2zw%3D%3D&position=13&pageNum=1,5,Skipped,"Skipped: Role match but missing technical keywords: machine learning engineer intern, data scientist intern, ai engineer intern, research intern"
2026-02-08T01:20:11.510372,https://fr.linkedin.com/jobs/view/talent-acquisition-coordinator-internship-at-alice-bob-4369951744?refId=yFhH1xivIxDLvR09urA0ew%3D%3D&trackingId=uNZR9yroR9f09CxN5gHYJw%3D%3D&position=14&pageNum=1,Talent Acquisition Coordinator - Internship,Internship,Not Applicable,2026-02-06,Alice & Bob,https://alice-bob.com/,,,,https://fr.linkedin.com/jobs/view/talent-acquisition-coordinator-internship-at-alice-bob-4369951744?refId=yFhH1xivIxDLvR09urA0ew%3D%3D&trackingId=uNZR9yroR9f09CxN5gHYJw%3D%3D&position=14&pageNum=1,5,Skipped,"Skipped: Role match but missing technical keywords: machine learning engineer intern, data scientist intern, ai engineer intern, research intern"
2026-02-08T01:20:11.515022,https://fr.linkedin.com/jobs/view/assistant-chef-de-projet-si-europe-f-h-stage-at-christian-dior-couture-4328665539?refId=TDT4kYD8Vj5nWFUYbH8V7g%3D%3D&trackingId=uU8kcnZDxsB1qIA3Bq2YhQ%3D%3D&position=2&pageNum=0,Assistant Chef de Projet SI Europe F/H - STAGE,Full-time,Internship,2026-02-02,Christian Dior Couture,https://www.dior.com/carrieres/index.html,,,,https://fr.linkedin.com/jobs/view/assistant-chef-de-projet-si-europe-f-h-stage-at-christian-dior-couture-4328665539?refId=TDT4kYD8Vj5nWFUYbH8V7g%3D%3D&trackingId=uU8kcnZDxsB1qIA3Bq2YhQ%3D%3D&position=2&pageNum=0,0,Skipped,Skipped: Job title 'Assistant Chef de Projet SI Europe F/H - STAGE' doesn't match ML/Data keywords
2026-02-08T01:20:11.519012,https://fr.linkedin.com/jobs/view/business-program-management-apprentice-at-microsoft-4365270837?refId=yFhH1xivIxDLvR09urA0ew%3D%3D&trackingId=HuFaUqkwtL9bXDOeGiPszA%3D%3D&position=16&pageNum=1,Business Program Management Apprentice,Full-time,Not Applicable,2026-01-22,Microsoft,https://news.microsoft.com/,,,,https://fr.linkedin.com/jobs/view/business-program-management-apprentice-at-microsoft-4365270837?refId=yFhH1xivIxDLvR09urA0ew%3D%3D&trackingId=HuFaUqkwtL9bXDOeGiPszA%3D%3D&position=16&pageNum=1,0,Skipped,Skipped: Job title 'Business Program Management Apprentice' doesn't match ML/Data keywords
2026-02-08T01:20:11.523095,https://fr.linkedin.com/jobs/view/automotive-recruiter-intern-at-mechanics-body-shops-marketplace-4264768443?refId=yFhH1xivIxDLvR09urA0ew%3D%3D&trackingId=wx9GDqfvjpZ78sQRrfo2UA%3D%3D&position=11&pageNum=1,Automotive Recruiter Intern,Internship,Internship,2025-07-09,Mechanics & Body Shops Marketplace,https://www.mechanicsmarketplace.com,,,,https://fr.linkedin.com/jobs/view/automotive-recruiter-intern-at-mechanics-body-shops-marketplace-4264768443?refId=yFhH1xivIxDLvR09urA0ew%3D%3D&trackingId=wx9GDqfvjpZ78sQRrfo2UA%3D%3D&position=11&pageNum=1,5,Skipped,"Skipped: Role match but missing technical keywords: machine learning engineer intern, data scientist intern, ai engineer intern, research intern"
2026-02-08T01:20:11.527383,https://fr.linkedin.com/jobs/view/client-experience-retail-assistant-stage-h-f-at-lemaire-4358818219?refId=yFhH1xivIxDLvR09urA0ew%3D%3D&trackingId=a3EKdmiw9Y%2BrGL8aEZDOYw%3D%3D&position=15&pageNum=1,Client Experience Retail Assistant - Stage (H/F),Internship,Internship,2026-02-04,LEMAIRE,http://www.lemaire.fr/,,,,https://fr.linkedin.com/jobs/view/client-experience-retail-assistant-stage-h-f-at-lemaire-4358818219?refId=yFhH1xivIxDLvR09urA0ew%3D%3D&trackingId=a3EKdmiw9Y%2BrGL8aEZDOYw%3D%3D&position=15&pageNum=1,0,Skipped,Skipped: Job title 'Client Experience Retail Assistant - Stage (H/F)' doesn't match ML/Data keywords
2026-02-08T01:20:11.531405,https://fr.linkedin.com/jobs/view/balenciaga-e-commerce-content-production-intern-march-2026-f-h-at-balenciaga-4365087443?refId=yFhH1xivIxDLvR09urA0ew%3D%3D&trackingId=snc%2Br3Gvz9LRCKQF3Q76AA%3D%3D&position=4&pageNum=1,BALENCIAGA - E-Commerce Content Production Intern - March 2026 (F/H),Full-time,Not Applicable,2026-01-21,BALENCIAGA,http://www.balenciaga.com,,,,https://fr.linkedin.com/jobs/view/balenciaga-e-commerce-content-production-intern-march-2026-f-h-at-balenciaga-4365087443?refId=yFhH1xivIxDLvR09urA0ew%3D%3D&trackingId=snc%2Br3Gvz9LRCKQF3Q76AA%3D%3D&position=4&pageNum=1,5,Skipped,"Skipped: Role match but missing technical keywords: machine learning engineer intern, data scientist intern, ai engineer intern, research intern"
2026-02-08T01:20:11.534315,https://fr.linkedin.com/jobs/view/operations-intern-%C3%AEle-de-france-start-date-2026-at-amazon-4308423942?refId=yFhH1xivIxDLvR09urA0ew%3D%3D&trackingId=wV6Ufpd%2BdrxTJJQsAQXxjw%3D%3D&position=9&pageNum=1,Operations Intern - Île de France - Start Date 2026,Full-time,Internship,2026-02-06,Amazon,https://www.aboutamazon.com/,,,,https://fr.linkedin.com/jobs/view/operations-intern-%C3%AEle-de-france-start-date-2026-at-amazon-4308423942?refId=yFhH1xivIxDLvR09urA0ew%3D%3D&trackingId=wV6Ufpd%2BdrxTJJQsAQXxjw%3D%3D&position=9&pageNum=1,5,Skipped,"Skipped: Role match but missing technical keywords: machine learning engineer intern, data scientist intern, ai engineer intern, research intern"
2026-02-08T01:20:11.536513,https://fr.linkedin.com/jobs/view/operations-intern-%C3%AEle-de-france-start-date-2026-at-amazon-4308419993?refId=yFhH1xivIxDLvR09urA0ew%3D%3D&trackingId=PoSPAS88rAImWRFYqaQ%2BNA%3D%3D&position=6&pageNum=1,Operations Intern - Île de France - Start Date 2026,Full-time,Internship,2026-02-06,Amazon,https://www.aboutamazon.com/,,,,https://fr.linkedin.com/jobs/view/operations-intern-%C3%AEle-de-france-start-date-2026-at-amazon-4308419993?refId=yFhH1xivIxDLvR09urA0ew%3D%3D&trackingId=PoSPAS88rAImWRFYqaQ%2BNA%3D%3D&position=6&pageNum=1,5,Skipped,"Skipped: Role match but missing technical keywords: machine learning engineer intern, data scientist intern, ai engineer intern, research intern"
2026-02-08T01:20:11.538730,https://fr.linkedin.com/jobs/view/intern-analyst-portfolio-manager-assistant-active-advisory-at-ubs-4328860268?refId=yFhH1xivIxDLvR09urA0ew%3D%3D&trackingId=YCWavid5kzTp8bBc7T61Gg%3D%3D&position=10&pageNum=1,Intern - Analyst & Portfolio Manager Assistant - Active Advisory,Full-time,Entry level,2026-02-03,UBS,http://www.ubs.com/about,,,,https://fr.linkedin.com/jobs/view/intern-analyst-portfolio-manager-assistant-active-advisory-at-ubs-4328860268?refId=yFhH1xivIxDLvR09urA0ew%3D%3D&trackingId=YCWavid5kzTp8bBc7T61Gg%3D%3D&position=10&pageNum=1,5,Skipped,"Skipped: Role match but missing technical keywords: machine learning engineer intern, data scientist intern, ai engineer intern, research intern"
2026-02-08T01:20:11.541967,https://fr.linkedin.com/jobs/view/stage-engineering-compliance-h-f-at-klepierre-4366810515?refId=yFhH1xivIxDLvR09urA0ew%3D%3D&trackingId=aAAplg5cw%2FZxJCukZBCZNQ%3D%3D&position=5&pageNum=1,Stage - Engineering Compliance H/F,Internship,Internship,2026-01-29,KLEPIERRE,http://www.klepierre.com,,,,https://fr.linkedin.com/jobs/view/stage-engineering-compliance-h-f-at-klepierre-4366810515?refId=yFhH1xivIxDLvR09urA0ew%3D%3D&trackingId=aAAplg5cw%2FZxJCukZBCZNQ%3D%3D&position=5&pageNum=1,5,Skipped,"Skipped: Role match but missing technical keywords: machine learning engineer intern, ai engineer intern"
2026-02-08T01:20:11.545137,https://fr.linkedin.com/jobs/view/intern-trader-assistant-at-engie-international-supply-energy-management-4350686142?refId=yFhH1xivIxDLvR09urA0ew%3D%3D&trackingId=aVgH1J%2BZmsbFHzed85wFOg%3D%3D&position=3&pageNum=1,Intern - Trader Assistant,Internship,Internship,2026-01-21,ENGIE - International Supply & Energy Management,https://gems.engie.com,,,,https://fr.linkedin.com/jobs/view/intern-trader-assistant-at-engie-international-supply-energy-management-4350686142?refId=yFhH1xivIxDLvR09urA0ew%3D%3D&trackingId=aVgH1J%2BZmsbFHzed85wFOg%3D%3D&position=3&pageNum=1,5,Skipped,"Skipped: Role match but missing technical keywords: machine learning engineer intern, data scientist intern, ai engineer intern, research intern"
2026-02-08T01:20:11.547792,https://fr.linkedin.com/jobs/view/stage-en-tourisme-at-indie-campers-4366942411?refId=OlFbuCuERjQrtvFzFrUiVg%3D%3D&trackingId=d9wNkn12%2Fr%2BZMV4EMt4t3w%3D%3D&position=25&pageNum=2,Stage en Tourisme,Full-time,Internship,2026-01-28,Indie Campers,https://indiecampers.com,,,,https://fr.linkedin.com/jobs/view/stage-en-tourisme-at-indie-campers-4366942411?refId=OlFbuCuERjQrtvFzFrUiVg%3D%3D&trackingId=d9wNkn12%2Fr%2BZMV4EMt4t3w%3D%3D&position=25&pageNum=2,0,Skipped,Skipped: Job title 'Stage en Tourisme' doesn't match ML/Data keywords
2026-02-08T01:20:11.550500,https://fr.linkedin.com/jobs/view/financial-analyst-intern-at-amazon-4335233610?refId=yFhH1xivIxDLvR09urA0ew%3D%3D&trackingId=t1G1aOVBkg1giLTzaRc3Ng%3D%3D&position=2&pageNum=1,Financial Analyst Intern,Full-time,Not Applicable,2026-02-04,Amazon,https://www.aboutamazon.com/,,,,https://fr.linkedin.com/jobs/view/financial-analyst-intern-at-amazon-4335233610?refId=yFhH1xivIxDLvR09urA0ew%3D%3D&trackingId=t1G1aOVBkg1giLTzaRc3Ng%3D%3D&position=2&pageNum=1,5,Skipped,"Skipped: Role match but missing technical keywords: machine learning engineer intern, data scientist intern, ai engineer intern, research intern"
2026-02-08T01:58:09.718414,https://fr.linkedin.com/jobs/view/global-editorial-content-marketing-stage-intern-paris-at-cozycozy-com-4337099031?refId=TDT4kYD8Vj5nWFUYbH8V7g%3D%3D&trackingId=lQ3UhALmdZBf3pExPHbyxg%3D%3D&position=24&pageNum=0,"Global Editorial Content Marketing Stage / Intern, Paris",Internship,Not Applicable,2025-11-20,cozycozy.com,https://www.cozycozy.com,,,,https://fr.linkedin.com/jobs/view/global-editorial-content-marketing-stage-intern-paris-at-cozycozy-com-4337099031?refId=TDT4kYD8Vj5nWFUYbH8V7g%3D%3D&trackingId=lQ3UhALmdZBf3pExPHbyxg%3D%3D&position=24&pageNum=0,5,Skipped,"Skipped: Role match but missing technical keywords: machine learning engineer intern, data scientist intern, ai engineer intern, research intern"
2026-02-08T01:58:09.721095,https://fr.linkedin.com/jobs/view/strategy-consultant-internship-private-equity-lyon-f-h-at-indefi-4325718969?refId=TDT4kYD8Vj5nWFUYbH8V7g%3D%3D&trackingId=bM17Rl%2BXmOa2EV%2F7H6pJZg%3D%3D&position=25&pageNum=0,Strategy Consultant Internship - Private Equity - Lyon F/H,Internship,Internship,2025-12-04,INDEFI,http://www.indefi.com,,,,https://fr.linkedin.com/jobs/view/strategy-consultant-internship-private-equity-lyon-f-h-at-indefi-4325718969?refId=TDT4kYD8Vj5nWFUYbH8V7g%3D%3D&trackingId=bM17Rl%2BXmOa2EV%2F7H6pJZg%3D%3D&position=25&pageNum=0,5,Skipped,"Skipped: Role match but missing technical keywords: machine learning engineer intern, data scientist intern, ai engineer intern, research intern"
2026-02-08T01:58:09.723696,https://fr.linkedin.com/jobs/view/revenue-operations-intern-at-swan-4329689579?refId=TDT4kYD8Vj5nWFUYbH8V7g%3D%3D&trackingId=tsDtDVlfh43mSk37a6Zqzw%3D%3D&position=22&pageNum=0,Revenue Operations Intern,Internship,Internship,2025-12-31,Swan,https://swan.io,,,,https://fr.linkedin.com/jobs/view/revenue-operations-intern-at-swan-4329689579?refId=TDT4kYD8Vj5nWFUYbH8V7g%3D%3D&trackingId=tsDtDVlfh43mSk37a6Zqzw%3D%3D&position=22&pageNum=0,5,Skipped,"Skipped: Role match but missing technical keywords: machine learning engineer intern, data scientist intern, ai engineer intern, research intern"
2026-02-08T01:58:09.727222,https://fr.linkedin.com/jobs/view/intern-global-talent-acquisition-project-management-h-f-at-lacoste-4297589491?refId=TDT4kYD8Vj5nWFUYbH8V7g%3D%3D&trackingId=DUZqCHP9qjh1Rx60ZJ29Yw%3D%3D&position=23&pageNum=0,Intern Global Talent Acquisition Project Management (H/F),Full-time,Not Applicable,2025-09-08,Lacoste,https://corporate.lacoste.com/,,,,https://fr.linkedin.com/jobs/view/intern-global-talent-acquisition-project-management-h-f-at-lacoste-4297589491?refId=TDT4kYD8Vj5nWFUYbH8V7g%3D%3D&trackingId=DUZqCHP9qjh1Rx60ZJ29Yw%3D%3D&position=23&pageNum=0,5,Skipped,"Skipped: Role match but missing technical keywords: machine learning engineer intern, data scientist intern, ai engineer intern, research intern"
2026-02-08T01:58:09.730829,https://fr.linkedin.com/jobs/view/stage-assistant-consultant-paid-social-h-f-at-dentsu-4345376920?refId=TDT4kYD8Vj5nWFUYbH8V7g%3D%3D&trackingId=lHI%2BQV8K2ZFZfoU57CmqdA%3D%3D&position=19&pageNum=0,STAGE - Assistant Consultant Paid Social H/F,Full-time,Internship,2026-01-12,dentsu,https://bit.ly/3lDa6Ff,,,,https://fr.linkedin.com/jobs/view/stage-assistant-consultant-paid-social-h-f-at-dentsu-4345376920?refId=TDT4kYD8Vj5nWFUYbH8V7g%3D%3D&trackingId=lHI%2BQV8K2ZFZfoU57CmqdA%3D%3D&position=19&pageNum=0,0,Skipped,Skipped: Job title 'STAGE - Assistant Consultant Paid Social H/F' doesn't match ML/Data keywords
2026-02-08T01:58:09.733883,https://fr.linkedin.com/jobs/view/oliver-wyman-stage-2a-polytechnique-paris-france-at-oliver-wyman-4359427349?refId=TDT4kYD8Vj5nWFUYbH8V7g%3D%3D&trackingId=E0XVYRIzueZ%2B6SSqXnCXzg%3D%3D&position=20&pageNum=0,Oliver Wyman - Stage 2A Polytechnique - Paris (France),Internship,Not Applicable,2026-01-31,Oliver Wyman,http://www.oliverwyman.com,,,,https://fr.linkedin.com/jobs/view/oliver-wyman-stage-2a-polytechnique-paris-france-at-oliver-wyman-4359427349?refId=TDT4kYD8Vj5nWFUYbH8V7g%3D%3D&trackingId=E0XVYRIzueZ%2B6SSqXnCXzg%3D%3D&position=20&pageNum=0,0,Skipped,Skipped: Job title 'Oliver Wyman - Stage 2A Polytechnique - Paris (France)' doesn't match ML/Data keywords
2026-02-08T01:58:09.737368,https://fr.linkedin.com/jobs/view/stage-marketing-operations-f-h-at-worldline-4332768064?refId=TDT4kYD8Vj5nWFUYbH8V7g%3D%3D&trackingId=6nDVxO%2FZXrKmawzQxLkpLA%3D%3D&position=21&pageNum=0,Stage - Marketing Operations (F/H),Internship,Entry level,2026-02-06,Worldline,http://worldline.com,,,,https://fr.linkedin.com/jobs/view/stage-marketing-operations-f-h-at-worldline-4332768064?refId=TDT4kYD8Vj5nWFUYbH8V7g%3D%3D&trackingId=6nDVxO%2FZXrKmawzQxLkpLA%3D%3D&position=21&pageNum=0,0,Skipped,Skipped: Job title 'Stage - Marketing Operations (F/H)' doesn't match ML/Data keywords
2026-02-08T01:58:09.741413,https://fr.linkedin.com/jobs/view/kering-data-product-owner-stage-at-kering-4361320470?refId=TDT4kYD8Vj5nWFUYbH8V7g%3D%3D&trackingId=vtgAwIhg5Q0oIIwmHJbk7g%3D%3D&position=18&pageNum=0,KERING Data Product Owner (stage),Full-time,Internship,2026-01-13,Kering,https://www.kering.com/en,,,,https://fr.linkedin.com/jobs/view/kering-data-product-owner-stage-at-kering-4361320470?refId=TDT4kYD8Vj5nWFUYbH8V7g%3D%3D&trackingId=vtgAwIhg5Q0oIIwmHJbk7g%3D%3D&position=18&pageNum=0,5,Skipped,Skipped: Role match but missing technical keywords: data scientist intern
2026-02-08T01:58:09.745010,https://fr.linkedin.com/jobs/view/intern-web-editor-gq-at-cond%C3%A9-nast-4362960775?refId=TDT4kYD8Vj5nWFUYbH8V7g%3D%3D&trackingId=%2B%2FOY0Lc%2FB8PxGrRC33p4xQ%3D%3D&position=14&pageNum=0,Intern Web Editor GQ,Full-time,Internship,2026-02-05,Condé Nast,http://www.condenast.com,,,,https://fr.linkedin.com/jobs/view/intern-web-editor-gq-at-cond%C3%A9-nast-4362960775?refId=TDT4kYD8Vj5nWFUYbH8V7g%3D%3D&trackingId=%2B%2FOY0Lc%2FB8PxGrRC33p4xQ%3D%3D&position=14&pageNum=0,5,Skipped,"Skipped: Role match but missing technical keywords: machine learning engineer intern, data scientist intern, ai engineer intern, research intern"
2026-02-08T01:58:09.747880,https://fr.linkedin.com/jobs/view/stage-global-strategy-intern-h-f-at-edenred-4365982064?refId=TDT4kYD8Vj5nWFUYbH8V7g%3D%3D&trackingId=OBeWqKSWvLIT7If%2F6w1VSA%3D%3D&position=16&pageNum=0,Stage - Global Strategy Intern (H/F),Internship,Internship,2026-01-27,Edenred,https://www.edenred.com,,,,https://fr.linkedin.com/jobs/view/stage-global-strategy-intern-h-f-at-edenred-4365982064?refId=TDT4kYD8Vj5nWFUYbH8V7g%3D%3D&trackingId=OBeWqKSWvLIT7If%2F6w1VSA%3D%3D&position=16&pageNum=0,5,Skipped,"Skipped: Role match but missing technical keywords: machine learning engineer intern, data scientist intern, ai engineer intern, research intern"
2026-02-08T01:58:09.751953,https://fr.linkedin.com/jobs/view/strategy-consultant-internship-private-equity-paris-f-h-at-indefi-4362145931?refId=TDT4kYD8Vj5nWFUYbH8V7g%3D%3D&trackingId=kluoyr6MdGCacE0v0JN1pA%3D%3D&position=13&pageNum=0,Strategy Consultant Internship - Private Equity - Paris F/H,Internship,Internship,2026-01-22,INDEFI,http://www.indefi.com,,,,https://fr.linkedin.com/jobs/view/strategy-consultant-internship-private-equity-paris-f-h-at-indefi-4362145931?refId=TDT4kYD8Vj5nWFUYbH8V7g%3D%3D&trackingId=kluoyr6MdGCacE0v0JN1pA%3D%3D&position=13&pageNum=0,5,Skipped,"Skipped: Role match but missing technical keywords: machine learning engineer intern, data scientist intern, ai engineer intern, research intern"
2026-02-08T01:58:09.755628,https://fr.linkedin.com/jobs/view/corporate-strategy-analyst-stage-paris-at-papernest-4367849121?refId=TDT4kYD8Vj5nWFUYbH8V7g%3D%3D&trackingId=AeFL6bExzQ8Ks95jWICv5A%3D%3D&position=17&pageNum=0,Corporate Strategy Analyst - Stage - Paris,Other,Not Applicable,2026-01-21,papernest,http://www.papernest.com,,,,https://fr.linkedin.com/jobs/view/corporate-strategy-analyst-stage-paris-at-papernest-4367849121?refId=TDT4kYD8Vj5nWFUYbH8V7g%3D%3D&trackingId=AeFL6bExzQ8Ks95jWICv5A%3D%3D&position=17&pageNum=0,0,Skipped,Skipped: Job title 'Corporate Strategy Analyst - Stage - Paris' doesn't match ML/Data keywords
2026-02-08T01:58:12.142003,https://fr.linkedin.com/jobs/view/data-analyst-assistant-operations-europe-stage-f-h-at-christian-dior-couture-4328475713?refId=TDT4kYD8Vj5nWFUYbH8V7g%3D%3D&trackingId=cAzGvHA2yNHZ2ccVYquH8w%3D%3D&position=8&pageNum=0,Data Analyst Assistant Operations Europe - Stage F/H,Full-time,Internship,2026-02-02,Christian Dior Couture,https://www.dior.com/carrieres/index.html,,,,https://fr.linkedin.com/jobs/view/data-analyst-assistant-operations-europe-stage-f-h-at-christian-dior-couture-4328475713?refId=TDT4kYD8Vj5nWFUYbH8V7g%3D%3D&trackingId=cAzGvHA2yNHZ2ccVYquH8w%3D%3D&position=8&pageNum=0,5,Skipped,Skipped: Role match but missing technical keywords: data scientist intern
2026-02-08T01:58:12.145522,https://fr.linkedin.com/jobs/view/vc-analyst-intern-at-wind-4353019038?refId=TDT4kYD8Vj5nWFUYbH8V7g%3D%3D&trackingId=iu%2B3C4iBlyDkhbup6EqcXw%3D%3D&position=12&pageNum=0,VC Analyst Intern,Internship,Internship,2026-01-15,Wind,http://wind.capital,,,,https://fr.linkedin.com/jobs/view/vc-analyst-intern-at-wind-4353019038?refId=TDT4kYD8Vj5nWFUYbH8V7g%3D%3D&trackingId=iu%2B3C4iBlyDkhbup6EqcXw%3D%3D&position=12&pageNum=0,5,Skipped,"Skipped: Role match but missing technical keywords: machine learning engineer intern, data scientist intern, ai engineer intern, research intern"
2026-02-08T01:58:12.148536,https://fr.linkedin.com/jobs/view/internship-chief-of-staff-at-twoway-4357429590?refId=TDT4kYD8Vj5nWFUYbH8V7g%3D%3D&trackingId=2%2FgPiHY1i%2Fy2o5AyZdxKrQ%3D%3D&position=9&pageNum=0,[Internship] Chief of Staff,Internship,Internship,2026-02-03,TwoWay,https://www.twoway.finance/,,,,https://fr.linkedin.com/jobs/view/internship-chief-of-staff-at-twoway-4357429590?refId=TDT4kYD8Vj5nWFUYbH8V7g%3D%3D&trackingId=2%2FgPiHY1i%2Fy2o5AyZdxKrQ%3D%3D&position=9&pageNum=0,5,Skipped,"Skipped: Role match but missing technical keywords: machine learning engineer intern, data scientist intern, ai engineer intern, research intern"
2026-02-08T01:58:12.160334,https://fr.linkedin.com/jobs/view/founder-associate-intern-at-n%C5%ABmi%C2%AE-4336590083?refId=TDT4kYD8Vj5nWFUYbH8V7g%3D%3D&trackingId=4U5L%2FZ5zntj%2BBZdRIH36AQ%3D%3D&position=10&pageNum=0,Founder associate intern,Internship,Internship,2025-10-23,Nūmi®,https://www.numi.life/,,,,https://fr.linkedin.com/jobs/view/founder-associate-intern-at-n%C5%ABmi%C2%AE-4336590083?refId=TDT4kYD8Vj5nWFUYbH8V7g%3D%3D&trackingId=4U5L%2FZ5zntj%2BBZdRIH36AQ%3D%3D&position=10&pageNum=0,5,Skipped,"Skipped: Role match but missing technical keywords: machine learning engineer intern, data scientist intern, ai engineer intern, research intern"
2026-02-08T01:58:12.162968,https://fr.linkedin.com/jobs/view/technology-growth-equity-investment-intern-starting-july-september-2026-for-6-months-at-revaia-4365517336?refId=TDT4kYD8Vj5nWFUYbH8V7g%3D%3D&trackingId=%2BhBFhY4DJR9%2F1H%2FQuyE9Ug%3D%3D&position=11&pageNum=0,Technology Growth Equity - Investment Intern - Starting July/September 2026 for 6 months,Internship,Internship,2026-01-23,Revaia,https://revaia.com,,,,https://fr.linkedin.com/jobs/view/technology-growth-equity-investment-intern-starting-july-september-2026-for-6-months-at-revaia-4365517336?refId=TDT4kYD8Vj5nWFUYbH8V7g%3D%3D&trackingId=%2BhBFhY4DJR9%2F1H%2FQuyE9Ug%3D%3D&position=11&pageNum=0,5,Skipped,"Skipped: Role match but missing technical keywords: machine learning engineer intern, data scientist intern, ai engineer intern, research intern"
2026-02-08T01:58:12.166215,https://fr.linkedin.com/jobs/view/intern-chinese-project-analyst-h-f-at-richemont-4360856769?refId=TDT4kYD8Vj5nWFUYbH8V7g%3D%3D&trackingId=9JI8hZwggGaIYhkx91%2BsXQ%3D%3D&position=6&pageNum=0,Intern - Chinese Project Analyst (H/F),Full-time,Internship,2026-01-19,Richemont,http://www.richemont.com/,,,,https://fr.linkedin.com/jobs/view/intern-chinese-project-analyst-h-f-at-richemont-4360856769?refId=TDT4kYD8Vj5nWFUYbH8V7g%3D%3D&trackingId=9JI8hZwggGaIYhkx91%2BsXQ%3D%3D&position=6&pageNum=0,5,Skipped,"Skipped: Role match but missing technical keywords: machine learning engineer intern, data scientist intern, ai engineer intern, research intern"
2026-02-08T01:58:12.169296,https://fr.linkedin.com/jobs/view/stage-marketing-analyst-consumer-insight-h-f-at-richemont-4368757407?refId=TDT4kYD8Vj5nWFUYbH8V7g%3D%3D&trackingId=%2FLkfwuAKrZxpVBMAoDYudg%3D%3D&position=5&pageNum=0,Stage - Marketing Analyst Consumer Insight (H/F),Full-time,Internship,2026-02-04,Richemont,http://www.richemont.com/,,,,https://fr.linkedin.com/jobs/view/stage-marketing-analyst-consumer-insight-h-f-at-richemont-4368757407?refId=TDT4kYD8Vj5nWFUYbH8V7g%3D%3D&trackingId=%2FLkfwuAKrZxpVBMAoDYudg%3D%3D&position=5&pageNum=0,0,Skipped,Skipped: Job title 'Stage - Marketing Analyst Consumer Insight (H/F)' doesn't match ML/Data keywords
2026-02-08T01:58:12.173393,https://fr.linkedin.com/jobs/view/software-engineering-full-stack-intern-in-sydney-australia-at-inautalent-4366978981?refId=TDT4kYD8Vj5nWFUYbH8V7g%3D%3D&trackingId=2pKtRIGC4A%2FcHqrFOf89uA%3D%3D&position=3&pageNum=0,"Software Engineering (Full-Stack) Intern - in Sydney, Australia",Full-time,Internship,2026-01-29,INAUTALENT,https://inautalent.com/,,,,https://fr.linkedin.com/jobs/view/software-engineering-full-stack-intern-in-sydney-australia-at-inautalent-4366978981?refId=TDT4kYD8Vj5nWFUYbH8V7g%3D%3D&trackingId=2pKtRIGC4A%2FcHqrFOf89uA%3D%3D&position=3&pageNum=0,5,Skipped,"Skipped: Role match but missing technical keywords: machine learning engineer intern, data scientist intern, ai engineer intern, research intern"
2026-02-08T01:58:12.176806,https://fr.linkedin.com/jobs/view/stage-assistant-e-chef-de-projet-marketing-ev%C3%A8nementiel-horlogerie-joaillerie-europe-juillet-2026-at-chanel-4329220344?refId=TDT4kYD8Vj5nWFUYbH8V7g%3D%3D&trackingId=9adg51Ng8zLXDyPSTfoiYg%3D%3D&position=1&pageNum=0,STAGE - Assistant(e) Chef de Projet Marketing & Evènementiel - Horlogerie Joaillerie EUROPE - Juillet 2026,Full-time,Internship,2026-02-04,CHANEL,http://www.chanel.com,,,,https://fr.linkedin.com/jobs/view/stage-assistant-e-chef-de-projet-marketing-ev%C3%A8nementiel-horlogerie-joaillerie-europe-juillet-2026-at-chanel-4329220344?refId=TDT4kYD8Vj5nWFUYbH8V7g%3D%3D&trackingId=9adg51Ng8zLXDyPSTfoiYg%3D%3D&position=1&pageNum=0,0,Skipped,Skipped: Job title 'STAGE - Assistant(e) Chef de Projet Marketing & Evènementiel - Horlogerie Joaillerie EUROPE - Juillet 2026' doesn't match ML/Data keywords
2026-02-08T01:58:12.179452,https://fr.linkedin.com/jobs/view/software-engineering-full-stack-intern-in-sydney-australia-at-inautalent-4366981885?refId=TDT4kYD8Vj5nWFUYbH8V7g%3D%3D&trackingId=Sqw4SyVslZJNoNVxLEdZNA%3D%3D&position=4&pageNum=0,"Software Engineering (Full-Stack) Intern - in Sydney, Australia",Full-time,Internship,2026-01-29,INAUTALENT,https://inautalent.com/,,,,https://fr.linkedin.com/jobs/view/software-engineering-full-stack-intern-in-sydney-australia-at-inautalent-4366981885?refId=TDT4kYD8Vj5nWFUYbH8V7g%3D%3D&trackingId=Sqw4SyVslZJNoNVxLEdZNA%3D%3D&position=4&pageNum=0,5,Skipped,"Skipped: Role match but missing technical keywords: machine learning engineer intern, data scientist intern, ai engineer intern, research intern"
2026-02-08T01:58:12.183182,https://fr.linkedin.com/jobs/view/stage-controlling-global-h-f-at-urgo-medical-4368275622?refId=TDT4kYD8Vj5nWFUYbH8V7g%3D%3D&trackingId=KyeLz%2FCnjBf4JvooFWukkw%3D%3D&position=7&pageNum=0,Stage Controlling Global (H/F),Internship,Internship,2026-02-03,Urgo Medical,http://urgomedical.com,,,,https://fr.linkedin.com/jobs/view/stage-controlling-global-h-f-at-urgo-medical-4368275622?refId=TDT4kYD8Vj5nWFUYbH8V7g%3D%3D&trackingId=KyeLz%2FCnjBf4JvooFWukkw%3D%3D&position=7&pageNum=0,0,Skipped,Skipped: Job title 'Stage Controlling Global (H/F)' doesn't match ML/Data keywords
2026-02-08T01:58:12.187907,https://fr.linkedin.com/jobs/view/solutions-engineer-intern-at-bigblue-4332308160?refId=yFhH1xivIxDLvR09urA0ew%3D%3D&trackingId=a21eGsX%2BTYhkExJy2sNeyg%3D%3D&position=7&pageNum=1,Solutions Engineer intern,Internship,Not Applicable,2025-10-27,Bigblue,https://www.bigblue.co/,,,,https://fr.linkedin.com/jobs/view/solutions-engineer-intern-at-bigblue-4332308160?refId=yFhH1xivIxDLvR09urA0ew%3D%3D&trackingId=a21eGsX%2BTYhkExJy2sNeyg%3D%3D&position=7&pageNum=1,5,Skipped,"Skipped: Role match but missing technical keywords: machine learning engineer intern, data scientist intern, ai engineer intern, research intern"
2026-02-08T01:58:12.192122,https://fr.linkedin.com/jobs/view/operations-intern-r%C3%A9gion-centre-start-date-2026-at-amazon-4308670140?refId=yFhH1xivIxDLvR09urA0ew%3D%3D&trackingId=fMAlcvvNor83YcvyLt5BwQ%3D%3D&position=24&pageNum=1,Operations Intern - Région Centre - Start Date 2026,Full-time,Internship,2026-02-05,Amazon,https://www.aboutamazon.com/,,,,https://fr.linkedin.com/jobs/view/operations-intern-r%C3%A9gion-centre-start-date-2026-at-amazon-4308670140?refId=yFhH1xivIxDLvR09urA0ew%3D%3D&trackingId=fMAlcvvNor83YcvyLt5BwQ%3D%3D&position=24&pageNum=1,5,Skipped,"Skipped: Role match but missing technical keywords: machine learning engineer intern, data scientist intern, ai engineer intern, research intern"
2026-02-08T01:58:12.195143,https://fr.linkedin.com/jobs/view/intern-film-grain-analysis-at-interdigital-inc-4365350699?refId=yFhH1xivIxDLvR09urA0ew%3D%3D&trackingId=TTufTbIQwywO9TStZrC9gw%3D%3D&position=8&pageNum=1,"Intern, Film Grain Analysis",Internship,Internship,2026-01-22,"InterDigital, Inc.",http://www.interdigital.com,,,,https://fr.linkedin.com/jobs/view/intern-film-grain-analysis-at-interdigital-inc-4365350699?refId=yFhH1xivIxDLvR09urA0ew%3D%3D&trackingId=TTufTbIQwywO9TStZrC9gw%3D%3D&position=8&pageNum=1,5,Skipped,"Skipped: Role match but missing technical keywords: machine learning engineer intern, data scientist intern, ai engineer intern, research intern"
2026-02-08T01:58:12.198702,https://fr.linkedin.com/jobs/view/stage-aliad-venture-capital-operations-controller-intern-h-f-at-air-liquide-4369972084?refId=yFhH1xivIxDLvR09urA0ew%3D%3D&trackingId=iM%2Bhd5m4KtnVVwqxNEa3XQ%3D%3D&position=25&pageNum=1,Stage - ALIAD - Venture Capital & Operations Controller Intern H/F,Full-time,Internship,2026-02-06,Air Liquide,http://www.airliquide.com,,,,https://fr.linkedin.com/jobs/view/stage-aliad-venture-capital-operations-controller-intern-h-f-at-air-liquide-4369972084?refId=yFhH1xivIxDLvR09urA0ew%3D%3D&trackingId=iM%2Bhd5m4KtnVVwqxNEa3XQ%3D%3D&position=25&pageNum=1,5,Skipped,"Skipped: Role match but missing technical keywords: machine learning engineer intern, data scientist intern, ai engineer intern, research intern"
2026-02-08T01:58:14.461562,https://fr.linkedin.com/jobs/view/stage-en-tourisme-at-indie-campers-4346307286?refId=yFhH1xivIxDLvR09urA0ew%3D%3D&trackingId=QrS%2BHMov5Y6o5O6QSC57tw%3D%3D&position=22&pageNum=1,Stage en Tourisme,Full-time,Internship,2025-12-26,Indie Campers,https://indiecampers.com,,,,https://fr.linkedin.com/jobs/view/stage-en-tourisme-at-indie-campers-4346307286?refId=yFhH1xivIxDLvR09urA0ew%3D%3D&trackingId=QrS%2BHMov5Y6o5O6QSC57tw%3D%3D&position=22&pageNum=1,0,Skipped,Skipped: Job title 'Stage en Tourisme' doesn't match ML/Data keywords
2026-02-08T01:58:14.466103,https://fr.linkedin.com/jobs/view/financial-analyst-intern-at-acca-careers-4365741298?refId=yFhH1xivIxDLvR09urA0ew%3D%3D&trackingId=rQ3egVgwyracXZgDzQZIcA%3D%3D&position=21&pageNum=1,Financial Analyst Intern,Internship,Internship,2026-01-23,ACCA Careers,https://jobs.accaglobal.com/,,,,https://fr.linkedin.com/jobs/view/financial-analyst-intern-at-acca-careers-4365741298?refId=yFhH1xivIxDLvR09urA0ew%3D%3D&trackingId=rQ3egVgwyracXZgDzQZIcA%3D%3D&position=21&pageNum=1,5,Skipped,"Skipped: Role match but missing technical keywords: machine learning engineer intern, data scientist intern, ai engineer intern, research intern"
2026-02-08T01:58:14.471583,https://fr.linkedin.com/jobs/view/fp-a-analyst-europe-apprentice-or-intern-f-h-at-catalina-marketing-costa-rica-4348313459?refId=yFhH1xivIxDLvR09urA0ew%3D%3D&trackingId=2M6B0KrPg%2BjfsZkLvbHPNg%3D%3D&position=20&pageNum=1,FP&A Analyst Europe Apprentice or Intern F/H,Internship,Internship,2025-12-03,Catalina Marketing Costa Rica,https://www.catalina.com,,,,https://fr.linkedin.com/jobs/view/fp-a-analyst-europe-apprentice-or-intern-f-h-at-catalina-marketing-costa-rica-4348313459?refId=yFhH1xivIxDLvR09urA0ew%3D%3D&trackingId=2M6B0KrPg%2BjfsZkLvbHPNg%3D%3D&position=20&pageNum=1,5,Skipped,"Skipped: Role match but missing technical keywords: machine learning engineer intern, data scientist intern, ai engineer intern, research intern"
2026-02-08T01:58:14.476824,https://fr.linkedin.com/jobs/view/stage-go-to-market-product-intern-at-havas-media-france-4265332688?refId=yFhH1xivIxDLvR09urA0ew%3D%3D&trackingId=IOtLtnlyWW2753%2FlTrm9pg%3D%3D&position=19&pageNum=1,STAGE - GO TO MARKET PRODUCT INTERN,Full-time,Internship,2025-09-11,Havas Media France,https://havasmedianetwork.com,,,,https://fr.linkedin.com/jobs/view/stage-go-to-market-product-intern-at-havas-media-france-4265332688?refId=yFhH1xivIxDLvR09urA0ew%3D%3D&trackingId=IOtLtnlyWW2753%2FlTrm9pg%3D%3D&position=19&pageNum=1,5,Skipped,"Skipped: Role match but missing technical keywords: machine learning engineer intern, data scientist intern, ai engineer intern, research intern"
2026-02-08T01:58:14.481972,https://fr.linkedin.com/jobs/view/strategy-operations-intern-paris-at-sunday-4362605280?refId=yFhH1xivIxDLvR09urA0ew%3D%3D&trackingId=sVfjHYZo4aen0TtssYg6Uw%3D%3D&position=18&pageNum=1,Strategy & Operations Intern - Paris,Full-time,Internship,2026-01-22,sunday,http://www.sundayapp.com,,,,https://fr.linkedin.com/jobs/view/strategy-operations-intern-paris-at-sunday-4362605280?refId=yFhH1xivIxDLvR09urA0ew%3D%3D&trackingId=sVfjHYZo4aen0TtssYg6Uw%3D%3D&position=18&pageNum=1,5,Skipped,"Skipped: Role match but missing technical keywords: machine learning engineer intern, data scientist intern, ai engineer intern, research intern"
2026-02-08T01:58:14.488692,https://fr.linkedin.com/jobs/view/stage-aliad-venture-capital-operations-controller-intern-h-f-at-air-liquide-4361372947?refId=yFhH1xivIxDLvR09urA0ew%3D%3D&trackingId=V%2F6DvbXlKbYbFyaoC5u2zw%3D%3D&position=13&pageNum=1,Stage - ALIAD - Venture Capital & Operations Controller Intern H/F,Full-time,Internship,2026-02-04,Air Liquide,http://www.airliquide.com,,,,https://fr.linkedin.com/jobs/view/stage-aliad-venture-capital-operations-controller-intern-h-f-at-air-liquide-4361372947?refId=yFhH1xivIxDLvR09urA0ew%3D%3D&trackingId=V%2F6DvbXlKbYbFyaoC5u2zw%3D%3D&position=13&pageNum=1,5,Skipped,"Skipped: Role match but missing technical keywords: machine learning engineer intern, data scientist intern, ai engineer intern, research intern"
2026-02-08T01:58:19.443916,https://fr.linkedin.com/jobs/view/talent-acquisition-coordinator-internship-at-alice-bob-4369951744?refId=yFhH1xivIxDLvR09urA0ew%3D%3D&trackingId=uNZR9yroR9f09CxN5gHYJw%3D%3D&position=14&pageNum=1,Talent Acquisition Coordinator - Internship,Internship,Not Applicable,2026-02-06,Alice & Bob,https://alice-bob.com/,,,,https://fr.linkedin.com/jobs/view/talent-acquisition-coordinator-internship-at-alice-bob-4369951744?refId=yFhH1xivIxDLvR09urA0ew%3D%3D&trackingId=uNZR9yroR9f09CxN5gHYJw%3D%3D&position=14&pageNum=1,5,Skipped,"Skipped: Role match but missing technical keywords: machine learning engineer intern, data scientist intern, ai engineer intern, research intern"
2026-02-08T01:58:19.452431,https://fr.linkedin.com/jobs/view/assistant-chef-de-projet-si-europe-f-h-stage-at-christian-dior-couture-4328665539?refId=TDT4kYD8Vj5nWFUYbH8V7g%3D%3D&trackingId=uU8kcnZDxsB1qIA3Bq2YhQ%3D%3D&position=2&pageNum=0,Assistant Chef de Projet SI Europe F/H - STAGE,Full-time,Internship,2026-02-02,Christian Dior Couture,https://www.dior.com/carrieres/index.html,,,,https://fr.linkedin.com/jobs/view/assistant-chef-de-projet-si-europe-f-h-stage-at-christian-dior-couture-4328665539?refId=TDT4kYD8Vj5nWFUYbH8V7g%3D%3D&trackingId=uU8kcnZDxsB1qIA3Bq2YhQ%3D%3D&position=2&pageNum=0,0,Skipped,Skipped: Job title 'Assistant Chef de Projet SI Europe F/H - STAGE' doesn't match ML/Data keywords
2026-02-08T01:58:19.457207,https://fr.linkedin.com/jobs/view/business-program-management-apprentice-at-microsoft-4365270837?refId=yFhH1xivIxDLvR09urA0ew%3D%3D&trackingId=HuFaUqkwtL9bXDOeGiPszA%3D%3D&position=16&pageNum=1,Business Program Management Apprentice,Full-time,Not Applicable,2026-01-22,Microsoft,https://news.microsoft.com/,,,,https://fr.linkedin.com/jobs/view/business-program-management-apprentice-at-microsoft-4365270837?refId=yFhH1xivIxDLvR09urA0ew%3D%3D&trackingId=HuFaUqkwtL9bXDOeGiPszA%3D%3D&position=16&pageNum=1,0,Skipped,Skipped: Job title 'Business Program Management Apprentice' doesn't match ML/Data keywords
2026-02-08T01:58:19.462844,https://fr.linkedin.com/jobs/view/automotive-recruiter-intern-at-mechanics-body-shops-marketplace-4264768443?refId=yFhH1xivIxDLvR09urA0ew%3D%3D&trackingId=wx9GDqfvjpZ78sQRrfo2UA%3D%3D&position=11&pageNum=1,Automotive Recruiter Intern,Internship,Internship,2025-07-09,Mechanics & Body Shops Marketplace,https://www.mechanicsmarketplace.com,,,,https://fr.linkedin.com/jobs/view/automotive-recruiter-intern-at-mechanics-body-shops-marketplace-4264768443?refId=yFhH1xivIxDLvR09urA0ew%3D%3D&trackingId=wx9GDqfvjpZ78sQRrfo2UA%3D%3D&position=11&pageNum=1,5,Skipped,"Skipped: Role match but missing technical keywords: machine learning engineer intern, data scientist intern, ai engineer intern, research intern"
2026-02-08T01:58:19.476772,https://fr.linkedin.com/jobs/view/client-experience-retail-assistant-stage-h-f-at-lemaire-4358818219?refId=yFhH1xivIxDLvR09urA0ew%3D%3D&trackingId=a3EKdmiw9Y%2BrGL8aEZDOYw%3D%3D&position=15&pageNum=1,Client Experience Retail Assistant - Stage (H/F),Internship,Internship,2026-02-04,LEMAIRE,http://www.lemaire.fr/,,,,https://fr.linkedin.com/jobs/view/client-experience-retail-assistant-stage-h-f-at-lemaire-4358818219?refId=yFhH1xivIxDLvR09urA0ew%3D%3D&trackingId=a3EKdmiw9Y%2BrGL8aEZDOYw%3D%3D&position=15&pageNum=1,0,Skipped,Skipped: Job title 'Client Experience Retail Assistant - Stage (H/F)' doesn't match ML/Data keywords
2026-02-08T01:58:19.482612,https://fr.linkedin.com/jobs/view/balenciaga-e-commerce-content-production-intern-march-2026-f-h-at-balenciaga-4365087443?refId=yFhH1xivIxDLvR09urA0ew%3D%3D&trackingId=snc%2Br3Gvz9LRCKQF3Q76AA%3D%3D&position=4&pageNum=1,BALENCIAGA - E-Commerce Content Production Intern - March 2026 (F/H),Full-time,Not Applicable,2026-01-21,BALENCIAGA,http://www.balenciaga.com,,,,https://fr.linkedin.com/jobs/view/balenciaga-e-commerce-content-production-intern-march-2026-f-h-at-balenciaga-4365087443?refId=yFhH1xivIxDLvR09urA0ew%3D%3D&trackingId=snc%2Br3Gvz9LRCKQF3Q76AA%3D%3D&position=4&pageNum=1,5,Skipped,"Skipped: Role match but missing technical keywords: machine learning engineer intern, data scientist intern, ai engineer intern, research intern"
2026-02-08T01:58:19.489233,https://fr.linkedin.com/jobs/view/operations-intern-%C3%AEle-de-france-start-date-2026-at-amazon-4308423942?refId=yFhH1xivIxDLvR09urA0ew%3D%3D&trackingId=wV6Ufpd%2BdrxTJJQsAQXxjw%3D%3D&position=9&pageNum=1,Operations Intern - Île de France - Start Date 2026,Full-time,Internship,2026-02-06,Amazon,https://www.aboutamazon.com/,,,,https://fr.linkedin.com/jobs/view/operations-intern-%C3%AEle-de-france-start-date-2026-at-amazon-4308423942?refId=yFhH1xivIxDLvR09urA0ew%3D%3D&trackingId=wV6Ufpd%2BdrxTJJQsAQXxjw%3D%3D&position=9&pageNum=1,5,Skipped,"Skipped: Role match but missing technical keywords: machine learning engineer intern, data scientist intern, ai engineer intern, research intern"
2026-02-08T01:58:19.493574,https://fr.linkedin.com/jobs/view/operations-intern-%C3%AEle-de-france-start-date-2026-at-amazon-4308419993?refId=yFhH1xivIxDLvR09urA0ew%3D%3D&trackingId=PoSPAS88rAImWRFYqaQ%2BNA%3D%3D&position=6&pageNum=1,Operations Intern - Île de France - Start Date 2026,Full-time,Internship,2026-02-06,Amazon,https://www.aboutamazon.com/,,,,https://fr.linkedin.com/jobs/view/operations-intern-%C3%AEle-de-france-start-date-2026-at-amazon-4308419993?refId=yFhH1xivIxDLvR09urA0ew%3D%3D&trackingId=PoSPAS88rAImWRFYqaQ%2BNA%3D%3D&position=6&pageNum=1,5,Skipped,"Skipped: Role match but missing technical keywords: machine learning engineer intern, data scientist intern, ai engineer intern, research intern"
2026-02-08T01:58:19.499856,https://fr.linkedin.com/jobs/view/intern-analyst-portfolio-manager-assistant-active-advisory-at-ubs-4328860268?refId=yFhH1xivIxDLvR09urA0ew%3D%3D&trackingId=YCWavid5kzTp8bBc7T61Gg%3D%3D&position=10&pageNum=1,Intern - Analyst & Portfolio Manager Assistant - Active Advisory,Full-time,Entry level,2026-02-03,UBS,http://www.ubs.com/about,,,,https://fr.linkedin.com/jobs/view/intern-analyst-portfolio-manager-assistant-active-advisory-at-ubs-4328860268?refId=yFhH1xivIxDLvR09urA0ew%3D%3D&trackingId=YCWavid5kzTp8bBc7T61Gg%3D%3D&position=10&pageNum=1,5,Skipped,"Skipped: Role match but missing technical keywords: machine learning engineer intern, data scientist intern, ai engineer intern, research intern"
2026-02-08T01:58:19.505085,https://fr.linkedin.com/jobs/view/stage-engineering-compliance-h-f-at-klepierre-4366810515?refId=yFhH1xivIxDLvR09urA0ew%3D%3D&trackingId=aAAplg5cw%2FZxJCukZBCZNQ%3D%3D&position=5&pageNum=1,Stage - Engineering Compliance H/F,Internship,Internship,2026-01-29,KLEPIERRE,http://www.klepierre.com,,,,https://fr.linkedin.com/jobs/view/stage-engineering-compliance-h-f-at-klepierre-4366810515?refId=yFhH1xivIxDLvR09urA0ew%3D%3D&trackingId=aAAplg5cw%2FZxJCukZBCZNQ%3D%3D&position=5&pageNum=1,5,Skipped,"Skipped: Role match but missing technical keywords: machine learning engineer intern, ai engineer intern"
2026-02-08T01:58:19.509955,https://fr.linkedin.com/jobs/view/intern-trader-assistant-at-engie-international-supply-energy-management-4350686142?refId=yFhH1xivIxDLvR09urA0ew%3D%3D&trackingId=aVgH1J%2BZmsbFHzed85wFOg%3D%3D&position=3&pageNum=1,Intern - Trader Assistant,Internship,Internship,2026-01-21,ENGIE - International Supply & Energy Management,https://gems.engie.com,,,,https://fr.linkedin.com/jobs/view/intern-trader-assistant-at-engie-international-supply-energy-management-4350686142?refId=yFhH1xivIxDLvR09urA0ew%3D%3D&trackingId=aVgH1J%2BZmsbFHzed85wFOg%3D%3D&position=3&pageNum=1,5,Skipped,"Skipped: Role match but missing technical keywords: machine learning engineer intern, data scientist intern, ai engineer intern, research intern"
2026-02-08T01:58:19.515557,https://fr.linkedin.com/jobs/view/stage-en-tourisme-at-indie-campers-4366942411?refId=OlFbuCuERjQrtvFzFrUiVg%3D%3D&trackingId=d9wNkn12%2Fr%2BZMV4EMt4t3w%3D%3D&position=25&pageNum=2,Stage en Tourisme,Full-time,Internship,2026-01-28,Indie Campers,https://indiecampers.com,,,,https://fr.linkedin.com/jobs/view/stage-en-tourisme-at-indie-campers-4366942411?refId=OlFbuCuERjQrtvFzFrUiVg%3D%3D&trackingId=d9wNkn12%2Fr%2BZMV4EMt4t3w%3D%3D&position=25&pageNum=2,0,Skipped,Skipped: Job title 'Stage en Tourisme' doesn't match ML/Data keywords
2026-02-08T01:58:19.520753,https://fr.linkedin.com/jobs/view/financial-analyst-intern-at-amazon-4335233610?refId=yFhH1xivIxDLvR09urA0ew%3D%3D&trackingId=t1G1aOVBkg1giLTzaRc3Ng%3D%3D&position=2&pageNum=1,Financial Analyst Intern,Full-time,Not Applicable,2026-02-04,Amazon,https://www.aboutamazon.com/,,,,https://fr.linkedin.com/jobs/view/financial-analyst-intern-at-amazon-4335233610?refId=yFhH1xivIxDLvR09urA0ew%3D%3D&trackingId=t1G1aOVBkg1giLTzaRc3Ng%3D%3D&position=2&pageNum=1,5,Skipped,"Skipped: Role match but missing technical keywords: machine learning engineer intern, data scientist intern, ai engineer intern, research intern"
2026-02-08T02:12:04.762210,https://fr.linkedin.com/jobs/view/global-editorial-content-marketing-stage-intern-paris-at-cozycozy-com-4337099031?refId=TDT4kYD8Vj5nWFUYbH8V7g%3D%3D&trackingId=lQ3UhALmdZBf3pExPHbyxg%3D%3D&position=24&pageNum=0,"Global Editorial Content Marketing Stage / Intern, Paris",Internship,Not Applicable,2025-11-20,cozycozy.com,https://www.cozycozy.com,,,,https://fr.linkedin.com/jobs/view/global-editorial-content-marketing-stage-intern-paris-at-cozycozy-com-4337099031?refId=TDT4kYD8Vj5nWFUYbH8V7g%3D%3D&trackingId=lQ3UhALmdZBf3pExPHbyxg%3D%3D&position=24&pageNum=0,5,Skipped,"Skipped: Role match but missing technical keywords: machine learning engineer intern, data scientist intern, ai engineer intern, research intern"
2026-02-08T02:12:04.764888,https://fr.linkedin.com/jobs/view/strategy-consultant-internship-private-equity-lyon-f-h-at-indefi-4325718969?refId=TDT4kYD8Vj5nWFUYbH8V7g%3D%3D&trackingId=bM17Rl%2BXmOa2EV%2F7H6pJZg%3D%3D&position=25&pageNum=0,Strategy Consultant Internship - Private Equity - Lyon F/H,Internship,Internship,2025-12-04,INDEFI,http://www.indefi.com,,,,https://fr.linkedin.com/jobs/view/strategy-consultant-internship-private-equity-lyon-f-h-at-indefi-4325718969?refId=TDT4kYD8Vj5nWFUYbH8V7g%3D%3D&trackingId=bM17Rl%2BXmOa2EV%2F7H6pJZg%3D%3D&position=25&pageNum=0,5,Skipped,"Skipped: Role match but missing technical keywords: machine learning engineer intern, data scientist intern, ai engineer intern, research intern"
2026-02-08T02:12:04.767401,https://fr.linkedin.com/jobs/view/revenue-operations-intern-at-swan-4329689579?refId=TDT4kYD8Vj5nWFUYbH8V7g%3D%3D&trackingId=tsDtDVlfh43mSk37a6Zqzw%3D%3D&position=22&pageNum=0,Revenue Operations Intern,Internship,Internship,2025-12-31,Swan,https://swan.io,,,,https://fr.linkedin.com/jobs/view/revenue-operations-intern-at-swan-4329689579?refId=TDT4kYD8Vj5nWFUYbH8V7g%3D%3D&trackingId=tsDtDVlfh43mSk37a6Zqzw%3D%3D&position=22&pageNum=0,5,Skipped,"Skipped: Role match but missing technical keywords: machine learning engineer intern, data scientist intern, ai engineer intern, research intern"
2026-02-08T02:12:04.771061,https://fr.linkedin.com/jobs/view/intern-global-talent-acquisition-project-management-h-f-at-lacoste-4297589491?refId=TDT4kYD8Vj5nWFUYbH8V7g%3D%3D&trackingId=DUZqCHP9qjh1Rx60ZJ29Yw%3D%3D&position=23&pageNum=0,Intern Global Talent Acquisition Project Management (H/F),Full-time,Not Applicable,2025-09-08,Lacoste,https://corporate.lacoste.com/,,,,https://fr.linkedin.com/jobs/view/intern-global-talent-acquisition-project-management-h-f-at-lacoste-4297589491?refId=TDT4kYD8Vj5nWFUYbH8V7g%3D%3D&trackingId=DUZqCHP9qjh1Rx60ZJ29Yw%3D%3D&position=23&pageNum=0,5,Skipped,"Skipped: Role match but missing technical keywords: machine learning engineer intern, data scientist intern, ai engineer intern, research intern"
2026-02-08T02:12:04.774634,https://fr.linkedin.com/jobs/view/stage-assistant-consultant-paid-social-h-f-at-dentsu-4345376920?refId=TDT4kYD8Vj5nWFUYbH8V7g%3D%3D&trackingId=lHI%2BQV8K2ZFZfoU57CmqdA%3D%3D&position=19&pageNum=0,STAGE - Assistant Consultant Paid Social H/F,Full-time,Internship,2026-01-12,dentsu,https://bit.ly/3lDa6Ff,,,,https://fr.linkedin.com/jobs/view/stage-assistant-consultant-paid-social-h-f-at-dentsu-4345376920?refId=TDT4kYD8Vj5nWFUYbH8V7g%3D%3D&trackingId=lHI%2BQV8K2ZFZfoU57CmqdA%3D%3D&position=19&pageNum=0,0,Skipped,Skipped: Job title 'STAGE - Assistant Consultant Paid Social H/F' doesn't match ML/Data keywords
2026-02-08T02:12:04.777247,https://fr.linkedin.com/jobs/view/oliver-wyman-stage-2a-polytechnique-paris-france-at-oliver-wyman-4359427349?refId=TDT4kYD8Vj5nWFUYbH8V7g%3D%3D&trackingId=E0XVYRIzueZ%2B6SSqXnCXzg%3D%3D&position=20&pageNum=0,Oliver Wyman - Stage 2A Polytechnique - Paris (France),Internship,Not Applicable,2026-01-31,Oliver Wyman,http://www.oliverwyman.com,,,,https://fr.linkedin.com/jobs/view/oliver-wyman-stage-2a-polytechnique-paris-france-at-oliver-wyman-4359427349?refId=TDT4kYD8Vj5nWFUYbH8V7g%3D%3D&trackingId=E0XVYRIzueZ%2B6SSqXnCXzg%3D%3D&position=20&pageNum=0,0,Skipped,Skipped: Job title 'Oliver Wyman - Stage 2A Polytechnique - Paris (France)' doesn't match ML/Data keywords
2026-02-08T02:12:04.779458,https://fr.linkedin.com/jobs/view/stage-marketing-operations-f-h-at-worldline-4332768064?refId=TDT4kYD8Vj5nWFUYbH8V7g%3D%3D&trackingId=6nDVxO%2FZXrKmawzQxLkpLA%3D%3D&position=21&pageNum=0,Stage - Marketing Operations (F/H),Internship,Entry level,2026-02-06,Worldline,http://worldline.com,,,,https://fr.linkedin.com/jobs/view/stage-marketing-operations-f-h-at-worldline-4332768064?refId=TDT4kYD8Vj5nWFUYbH8V7g%3D%3D&trackingId=6nDVxO%2FZXrKmawzQxLkpLA%3D%3D&position=21&pageNum=0,0,Skipped,Skipped: Job title 'Stage - Marketing Operations (F/H)' doesn't match ML/Data keywords
2026-02-08T02:12:04.781603,https://fr.linkedin.com/jobs/view/kering-data-product-owner-stage-at-kering-4361320470?refId=TDT4kYD8Vj5nWFUYbH8V7g%3D%3D&trackingId=vtgAwIhg5Q0oIIwmHJbk7g%3D%3D&position=18&pageNum=0,KERING Data Product Owner (stage),Full-time,Internship,2026-01-13,Kering,https://www.kering.com/en,,,,https://fr.linkedin.com/jobs/view/kering-data-product-owner-stage-at-kering-4361320470?refId=TDT4kYD8Vj5nWFUYbH8V7g%3D%3D&trackingId=vtgAwIhg5Q0oIIwmHJbk7g%3D%3D&position=18&pageNum=0,5,Skipped,Skipped: Role match but missing technical keywords: data scientist intern
2026-02-08T02:12:04.783762,https://fr.linkedin.com/jobs/view/intern-web-editor-gq-at-cond%C3%A9-nast-4362960775?refId=TDT4kYD8Vj5nWFUYbH8V7g%3D%3D&trackingId=%2B%2FOY0Lc%2FB8PxGrRC33p4xQ%3D%3D&position=14&pageNum=0,Intern Web Editor GQ,Full-time,Internship,2026-02-05,Condé Nast,http://www.condenast.com,,,,https://fr.linkedin.com/jobs/view/intern-web-editor-gq-at-cond%C3%A9-nast-4362960775?refId=TDT4kYD8Vj5nWFUYbH8V7g%3D%3D&trackingId=%2B%2FOY0Lc%2FB8PxGrRC33p4xQ%3D%3D&position=14&pageNum=0,5,Skipped,"Skipped: Role match but missing technical keywords: machine learning engineer intern, data scientist intern, ai engineer intern, research intern"
2026-02-08T02:12:04.785968,https://fr.linkedin.com/jobs/view/stage-global-strategy-intern-h-f-at-edenred-4365982064?refId=TDT4kYD8Vj5nWFUYbH8V7g%3D%3D&trackingId=OBeWqKSWvLIT7If%2F6w1VSA%3D%3D&position=16&pageNum=0,Stage - Global Strategy Intern (H/F),Internship,Internship,2026-01-27,Edenred,https://www.edenred.com,,,,https://fr.linkedin.com/jobs/view/stage-global-strategy-intern-h-f-at-edenred-4365982064?refId=TDT4kYD8Vj5nWFUYbH8V7g%3D%3D&trackingId=OBeWqKSWvLIT7If%2F6w1VSA%3D%3D&position=16&pageNum=0,5,Skipped,"Skipped: Role match but missing technical keywords: machine learning engineer intern, data scientist intern, ai engineer intern, research intern"
2026-02-08T02:12:04.788302,https://fr.linkedin.com/jobs/view/strategy-consultant-internship-private-equity-paris-f-h-at-indefi-4362145931?refId=TDT4kYD8Vj5nWFUYbH8V7g%3D%3D&trackingId=kluoyr6MdGCacE0v0JN1pA%3D%3D&position=13&pageNum=0,Strategy Consultant Internship - Private Equity - Paris F/H,Internship,Internship,2026-01-22,INDEFI,http://www.indefi.com,,,,https://fr.linkedin.com/jobs/view/strategy-consultant-internship-private-equity-paris-f-h-at-indefi-4362145931?refId=TDT4kYD8Vj5nWFUYbH8V7g%3D%3D&trackingId=kluoyr6MdGCacE0v0JN1pA%3D%3D&position=13&pageNum=0,5,Skipped,"Skipped: Role match but missing technical keywords: machine learning engineer intern, data scientist intern, ai engineer intern, research intern"
2026-02-08T02:12:04.790680,https://fr.linkedin.com/jobs/view/corporate-strategy-analyst-stage-paris-at-papernest-4367849121?refId=TDT4kYD8Vj5nWFUYbH8V7g%3D%3D&trackingId=AeFL6bExzQ8Ks95jWICv5A%3D%3D&position=17&pageNum=0,Corporate Strategy Analyst - Stage - Paris,Other,Not Applicable,2026-01-21,papernest,http://www.papernest.com,,,,https://fr.linkedin.com/jobs/view/corporate-strategy-analyst-stage-paris-at-papernest-4367849121?refId=TDT4kYD8Vj5nWFUYbH8V7g%3D%3D&trackingId=AeFL6bExzQ8Ks95jWICv5A%3D%3D&position=17&pageNum=0,0,Skipped,Skipped: Job title 'Corporate Strategy Analyst - Stage - Paris' doesn't match ML/Data keywords
2026-02-08T02:12:10.326008,https://fr.linkedin.com/jobs/view/data-analyst-assistant-operations-europe-stage-f-h-at-christian-dior-couture-4328475713?refId=TDT4kYD8Vj5nWFUYbH8V7g%3D%3D&trackingId=cAzGvHA2yNHZ2ccVYquH8w%3D%3D&position=8&pageNum=0,Data Analyst Assistant Operations Europe - Stage F/H,Full-time,Internship,2026-02-02,Christian Dior Couture,https://www.dior.com/carrieres/index.html,,,,https://fr.linkedin.com/jobs/view/data-analyst-assistant-operations-europe-stage-f-h-at-christian-dior-couture-4328475713?refId=TDT4kYD8Vj5nWFUYbH8V7g%3D%3D&trackingId=cAzGvHA2yNHZ2ccVYquH8w%3D%3D&position=8&pageNum=0,5,Skipped,Skipped: Role match but missing technical keywords: data scientist intern
2026-02-08T02:12:10.330165,https://fr.linkedin.com/jobs/view/vc-analyst-intern-at-wind-4353019038?refId=TDT4kYD8Vj5nWFUYbH8V7g%3D%3D&trackingId=iu%2B3C4iBlyDkhbup6EqcXw%3D%3D&position=12&pageNum=0,VC Analyst Intern,Internship,Internship,2026-01-15,Wind,http://wind.capital,,,,https://fr.linkedin.com/jobs/view/vc-analyst-intern-at-wind-4353019038?refId=TDT4kYD8Vj5nWFUYbH8V7g%3D%3D&trackingId=iu%2B3C4iBlyDkhbup6EqcXw%3D%3D&position=12&pageNum=0,5,Skipped,"Skipped: Role match but missing technical keywords: machine learning engineer intern, data scientist intern, ai engineer intern, research intern"
2026-02-08T02:12:10.333952,https://fr.linkedin.com/jobs/view/internship-chief-of-staff-at-twoway-4357429590?refId=TDT4kYD8Vj5nWFUYbH8V7g%3D%3D&trackingId=2%2FgPiHY1i%2Fy2o5AyZdxKrQ%3D%3D&position=9&pageNum=0,[Internship] Chief of Staff,Internship,Internship,2026-02-03,TwoWay,https://www.twoway.finance/,,,,https://fr.linkedin.com/jobs/view/internship-chief-of-staff-at-twoway-4357429590?refId=TDT4kYD8Vj5nWFUYbH8V7g%3D%3D&trackingId=2%2FgPiHY1i%2Fy2o5AyZdxKrQ%3D%3D&position=9&pageNum=0,5,Skipped,"Skipped: Role match but missing technical keywords: machine learning engineer intern, data scientist intern, ai engineer intern, research intern"
2026-02-08T02:12:10.342243,https://fr.linkedin.com/jobs/view/founder-associate-intern-at-n%C5%ABmi%C2%AE-4336590083?refId=TDT4kYD8Vj5nWFUYbH8V7g%3D%3D&trackingId=4U5L%2FZ5zntj%2BBZdRIH36AQ%3D%3D&position=10&pageNum=0,Founder associate intern,Internship,Internship,2025-10-23,Nūmi®,https://www.numi.life/,,,,https://fr.linkedin.com/jobs/view/founder-associate-intern-at-n%C5%ABmi%C2%AE-4336590083?refId=TDT4kYD8Vj5nWFUYbH8V7g%3D%3D&trackingId=4U5L%2FZ5zntj%2BBZdRIH36AQ%3D%3D&position=10&pageNum=0,5,Skipped,"Skipped: Role match but missing technical keywords: machine learning engineer intern, data scientist intern, ai engineer intern, research intern"
2026-02-08T02:12:10.346354,https://fr.linkedin.com/jobs/view/technology-growth-equity-investment-intern-starting-july-september-2026-for-6-months-at-revaia-4365517336?refId=TDT4kYD8Vj5nWFUYbH8V7g%3D%3D&trackingId=%2BhBFhY4DJR9%2F1H%2FQuyE9Ug%3D%3D&position=11&pageNum=0,Technology Growth Equity - Investment Intern - Starting July/September 2026 for 6 months,Internship,Internship,2026-01-23,Revaia,https://revaia.com,,,,https://fr.linkedin.com/jobs/view/technology-growth-equity-investment-intern-starting-july-september-2026-for-6-months-at-revaia-4365517336?refId=TDT4kYD8Vj5nWFUYbH8V7g%3D%3D&trackingId=%2BhBFhY4DJR9%2F1H%2FQuyE9Ug%3D%3D&position=11&pageNum=0,5,Skipped,"Skipped: Role match but missing technical keywords: machine learning engineer intern, data scientist intern, ai engineer intern, research intern"
2026-02-08T02:12:10.350835,https://fr.linkedin.com/jobs/view/intern-chinese-project-analyst-h-f-at-richemont-4360856769?refId=TDT4kYD8Vj5nWFUYbH8V7g%3D%3D&trackingId=9JI8hZwggGaIYhkx91%2BsXQ%3D%3D&position=6&pageNum=0,Intern - Chinese Project Analyst (H/F),Full-time,Internship,2026-01-19,Richemont,http://www.richemont.com/,,,,https://fr.linkedin.com/jobs/view/intern-chinese-project-analyst-h-f-at-richemont-4360856769?refId=TDT4kYD8Vj5nWFUYbH8V7g%3D%3D&trackingId=9JI8hZwggGaIYhkx91%2BsXQ%3D%3D&position=6&pageNum=0,5,Skipped,"Skipped: Role match but missing technical keywords: machine learning engineer intern, data scientist intern, ai engineer intern, research intern"
2026-02-08T02:12:10.355212,https://fr.linkedin.com/jobs/view/stage-marketing-analyst-consumer-insight-h-f-at-richemont-4368757407?refId=TDT4kYD8Vj5nWFUYbH8V7g%3D%3D&trackingId=%2FLkfwuAKrZxpVBMAoDYudg%3D%3D&position=5&pageNum=0,Stage - Marketing Analyst Consumer Insight (H/F),Full-time,Internship,2026-02-04,Richemont,http://www.richemont.com/,,,,https://fr.linkedin.com/jobs/view/stage-marketing-analyst-consumer-insight-h-f-at-richemont-4368757407?refId=TDT4kYD8Vj5nWFUYbH8V7g%3D%3D&trackingId=%2FLkfwuAKrZxpVBMAoDYudg%3D%3D&position=5&pageNum=0,0,Skipped,Skipped: Job title 'Stage - Marketing Analyst Consumer Insight (H/F)' doesn't match ML/Data keywords
2026-02-08T02:12:10.359252,https://fr.linkedin.com/jobs/view/software-engineering-full-stack-intern-in-sydney-australia-at-inautalent-4366978981?refId=TDT4kYD8Vj5nWFUYbH8V7g%3D%3D&trackingId=2pKtRIGC4A%2FcHqrFOf89uA%3D%3D&position=3&pageNum=0,"Software Engineering (Full-Stack) Intern - in Sydney, Australia",Full-time,Internship,2026-01-29,INAUTALENT,https://inautalent.com/,,,,https://fr.linkedin.com/jobs/view/software-engineering-full-stack-intern-in-sydney-australia-at-inautalent-4366978981?refId=TDT4kYD8Vj5nWFUYbH8V7g%3D%3D&trackingId=2pKtRIGC4A%2FcHqrFOf89uA%3D%3D&position=3&pageNum=0,5,Skipped,"Skipped: Role match but missing technical keywords: machine learning engineer intern, data scientist intern, ai engineer intern, research intern"
2026-02-08T02:12:10.363081,https://fr.linkedin.com/jobs/view/stage-assistant-e-chef-de-projet-marketing-ev%C3%A8nementiel-horlogerie-joaillerie-europe-juillet-2026-at-chanel-4329220344?refId=TDT4kYD8Vj5nWFUYbH8V7g%3D%3D&trackingId=9adg51Ng8zLXDyPSTfoiYg%3D%3D&position=1&pageNum=0,STAGE - Assistant(e) Chef de Projet Marketing & Evènementiel - Horlogerie Joaillerie EUROPE - Juillet 2026,Full-time,Internship,2026-02-04,CHANEL,http://www.chanel.com,,,,https://fr.linkedin.com/jobs/view/stage-assistant-e-chef-de-projet-marketing-ev%C3%A8nementiel-horlogerie-joaillerie-europe-juillet-2026-at-chanel-4329220344?refId=TDT4kYD8Vj5nWFUYbH8V7g%3D%3D&trackingId=9adg51Ng8zLXDyPSTfoiYg%3D%3D&position=1&pageNum=0,0,Skipped,Skipped: Job title 'STAGE - Assistant(e) Chef de Projet Marketing & Evènementiel - Horlogerie Joaillerie EUROPE - Juillet 2026' doesn't match ML/Data keywords
2026-02-08T02:12:10.367313,https://fr.linkedin.com/jobs/view/software-engineering-full-stack-intern-in-sydney-australia-at-inautalent-4366981885?refId=TDT4kYD8Vj5nWFUYbH8V7g%3D%3D&trackingId=Sqw4SyVslZJNoNVxLEdZNA%3D%3D&position=4&pageNum=0,"Software Engineering (Full-Stack) Intern - in Sydney, Australia",Full-time,Internship,2026-01-29,INAUTALENT,https://inautalent.com/,,,,https://fr.linkedin.com/jobs/view/software-engineering-full-stack-intern-in-sydney-australia-at-inautalent-4366981885?refId=TDT4kYD8Vj5nWFUYbH8V7g%3D%3D&trackingId=Sqw4SyVslZJNoNVxLEdZNA%3D%3D&position=4&pageNum=0,5,Skipped,"Skipped: Role match but missing technical keywords: machine learning engineer intern, data scientist intern, ai engineer intern, research intern"
2026-02-08T02:12:10.370368,https://fr.linkedin.com/jobs/view/stage-controlling-global-h-f-at-urgo-medical-4368275622?refId=TDT4kYD8Vj5nWFUYbH8V7g%3D%3D&trackingId=KyeLz%2FCnjBf4JvooFWukkw%3D%3D&position=7&pageNum=0,Stage Controlling Global (H/F),Internship,Internship,2026-02-03,Urgo Medical,http://urgomedical.com,,,,https://fr.linkedin.com/jobs/view/stage-controlling-global-h-f-at-urgo-medical-4368275622?refId=TDT4kYD8Vj5nWFUYbH8V7g%3D%3D&trackingId=KyeLz%2FCnjBf4JvooFWukkw%3D%3D&position=7&pageNum=0,0,Skipped,Skipped: Job title 'Stage Controlling Global (H/F)' doesn't match ML/Data keywords
2026-02-08T02:12:10.374124,https://fr.linkedin.com/jobs/view/solutions-engineer-intern-at-bigblue-4332308160?refId=yFhH1xivIxDLvR09urA0ew%3D%3D&trackingId=a21eGsX%2BTYhkExJy2sNeyg%3D%3D&position=7&pageNum=1,Solutions Engineer intern,Internship,Not Applicable,2025-10-27,Bigblue,https://www.bigblue.co/,,,,https://fr.linkedin.com/jobs/view/solutions-engineer-intern-at-bigblue-4332308160?refId=yFhH1xivIxDLvR09urA0ew%3D%3D&trackingId=a21eGsX%2BTYhkExJy2sNeyg%3D%3D&position=7&pageNum=1,5,Skipped,"Skipped: Role match but missing technical keywords: machine learning engineer intern, data scientist intern, ai engineer intern, research intern"
2026-02-08T02:12:10.377595,https://fr.linkedin.com/jobs/view/operations-intern-r%C3%A9gion-centre-start-date-2026-at-amazon-4308670140?refId=yFhH1xivIxDLvR09urA0ew%3D%3D&trackingId=fMAlcvvNor83YcvyLt5BwQ%3D%3D&position=24&pageNum=1,Operations Intern - Région Centre - Start Date 2026,Full-time,Internship,2026-02-05,Amazon,https://www.aboutamazon.com/,,,,https://fr.linkedin.com/jobs/view/operations-intern-r%C3%A9gion-centre-start-date-2026-at-amazon-4308670140?refId=yFhH1xivIxDLvR09urA0ew%3D%3D&trackingId=fMAlcvvNor83YcvyLt5BwQ%3D%3D&position=24&pageNum=1,5,Skipped,"Skipped: Role match but missing technical keywords: machine learning engineer intern, data scientist intern, ai engineer intern, research intern"
2026-02-08T02:12:10.380389,https://fr.linkedin.com/jobs/view/intern-film-grain-analysis-at-interdigital-inc-4365350699?refId=yFhH1xivIxDLvR09urA0ew%3D%3D&trackingId=TTufTbIQwywO9TStZrC9gw%3D%3D&position=8&pageNum=1,"Intern, Film Grain Analysis",Internship,Internship,2026-01-22,"InterDigital, Inc.",http://www.interdigital.com,,,,https://fr.linkedin.com/jobs/view/intern-film-grain-analysis-at-interdigital-inc-4365350699?refId=yFhH1xivIxDLvR09urA0ew%3D%3D&trackingId=TTufTbIQwywO9TStZrC9gw%3D%3D&position=8&pageNum=1,5,Skipped,"Skipped: Role match but missing technical keywords: machine learning engineer intern, data scientist intern, ai engineer intern, research intern"
2026-02-08T02:12:10.382672,https://fr.linkedin.com/jobs/view/stage-aliad-venture-capital-operations-controller-intern-h-f-at-air-liquide-4369972084?refId=yFhH1xivIxDLvR09urA0ew%3D%3D&trackingId=iM%2Bhd5m4KtnVVwqxNEa3XQ%3D%3D&position=25&pageNum=1,Stage - ALIAD - Venture Capital & Operations Controller Intern H/F,Full-time,Internship,2026-02-06,Air Liquide,http://www.airliquide.com,,,,https://fr.linkedin.com/jobs/view/stage-aliad-venture-capital-operations-controller-intern-h-f-at-air-liquide-4369972084?refId=yFhH1xivIxDLvR09urA0ew%3D%3D&trackingId=iM%2Bhd5m4KtnVVwqxNEa3XQ%3D%3D&position=25&pageNum=1,5,Skipped,"Skipped: Role match but missing technical keywords: machine learning engineer intern, data scientist intern, ai engineer intern, research intern"
2026-02-08T02:12:14.318495,https://fr.linkedin.com/jobs/view/stage-en-tourisme-at-indie-campers-4346307286?refId=yFhH1xivIxDLvR09urA0ew%3D%3D&trackingId=QrS%2BHMov5Y6o5O6QSC57tw%3D%3D&position=22&pageNum=1,Stage en Tourisme,Full-time,Internship,2025-12-26,Indie Campers,https://indiecampers.com,,,,https://fr.linkedin.com/jobs/view/stage-en-tourisme-at-indie-campers-4346307286?refId=yFhH1xivIxDLvR09urA0ew%3D%3D&trackingId=QrS%2BHMov5Y6o5O6QSC57tw%3D%3D&position=22&pageNum=1,0,Skipped,Skipped: Job title 'Stage en Tourisme' doesn't match ML/Data keywords
2026-02-08T02:12:14.321006,https://fr.linkedin.com/jobs/view/financial-analyst-intern-at-acca-careers-4365741298?refId=yFhH1xivIxDLvR09urA0ew%3D%3D&trackingId=rQ3egVgwyracXZgDzQZIcA%3D%3D&position=21&pageNum=1,Financial Analyst Intern,Internship,Internship,2026-01-23,ACCA Careers,https://jobs.accaglobal.com/,,,,https://fr.linkedin.com/jobs/view/financial-analyst-intern-at-acca-careers-4365741298?refId=yFhH1xivIxDLvR09urA0ew%3D%3D&trackingId=rQ3egVgwyracXZgDzQZIcA%3D%3D&position=21&pageNum=1,5,Skipped,"Skipped: Role match but missing technical keywords: machine learning engineer intern, data scientist intern, ai engineer intern, research intern"
2026-02-08T02:12:14.324697,https://fr.linkedin.com/jobs/view/fp-a-analyst-europe-apprentice-or-intern-f-h-at-catalina-marketing-costa-rica-4348313459?refId=yFhH1xivIxDLvR09urA0ew%3D%3D&trackingId=2M6B0KrPg%2BjfsZkLvbHPNg%3D%3D&position=20&pageNum=1,FP&A Analyst Europe Apprentice or Intern F/H,Internship,Internship,2025-12-03,Catalina Marketing Costa Rica,https://www.catalina.com,,,,https://fr.linkedin.com/jobs/view/fp-a-analyst-europe-apprentice-or-intern-f-h-at-catalina-marketing-costa-rica-4348313459?refId=yFhH1xivIxDLvR09urA0ew%3D%3D&trackingId=2M6B0KrPg%2BjfsZkLvbHPNg%3D%3D&position=20&pageNum=1,5,Skipped,"Skipped: Role match but missing technical keywords: machine learning engineer intern, data scientist intern, ai engineer intern, research intern"
2026-02-08T02:12:14.327727,https://fr.linkedin.com/jobs/view/stage-go-to-market-product-intern-at-havas-media-france-4265332688?refId=yFhH1xivIxDLvR09urA0ew%3D%3D&trackingId=IOtLtnlyWW2753%2FlTrm9pg%3D%3D&position=19&pageNum=1,STAGE - GO TO MARKET PRODUCT INTERN,Full-time,Internship,2025-09-11,Havas Media France,https://havasmedianetwork.com,,,,https://fr.linkedin.com/jobs/view/stage-go-to-market-product-intern-at-havas-media-france-4265332688?refId=yFhH1xivIxDLvR09urA0ew%3D%3D&trackingId=IOtLtnlyWW2753%2FlTrm9pg%3D%3D&position=19&pageNum=1,5,Skipped,"Skipped: Role match but missing technical keywords: machine learning engineer intern, data scientist intern, ai engineer intern, research intern"
2026-02-08T02:12:14.330287,https://fr.linkedin.com/jobs/view/strategy-operations-intern-paris-at-sunday-4362605280?refId=yFhH1xivIxDLvR09urA0ew%3D%3D&trackingId=sVfjHYZo4aen0TtssYg6Uw%3D%3D&position=18&pageNum=1,Strategy & Operations Intern - Paris,Full-time,Internship,2026-01-22,sunday,http://www.sundayapp.com,,,,https://fr.linkedin.com/jobs/view/strategy-operations-intern-paris-at-sunday-4362605280?refId=yFhH1xivIxDLvR09urA0ew%3D%3D&trackingId=sVfjHYZo4aen0TtssYg6Uw%3D%3D&position=18&pageNum=1,5,Skipped,"Skipped: Role match but missing technical keywords: machine learning engineer intern, data scientist intern, ai engineer intern, research intern"
2026-02-08T02:12:14.332595,https://fr.linkedin.com/jobs/view/stage-aliad-venture-capital-operations-controller-intern-h-f-at-air-liquide-4361372947?refId=yFhH1xivIxDLvR09urA0ew%3D%3D&trackingId=V%2F6DvbXlKbYbFyaoC5u2zw%3D%3D&position=13&pageNum=1,Stage - ALIAD - Venture Capital & Operations Controller Intern H/F,Full-time,Internship,2026-02-04,Air Liquide,http://www.airliquide.com,,,,https://fr.linkedin.com/jobs/view/stage-aliad-venture-capital-operations-controller-intern-h-f-at-air-liquide-4361372947?refId=yFhH1xivIxDLvR09urA0ew%3D%3D&trackingId=V%2F6DvbXlKbYbFyaoC5u2zw%3D%3D&position=13&pageNum=1,5,Skipped,"Skipped: Role match but missing technical keywords: machine learning engineer intern, data scientist intern, ai engineer intern, research intern"
2026-02-08T02:12:21.810815,https://fr.linkedin.com/jobs/view/talent-acquisition-coordinator-internship-at-alice-bob-4369951744?refId=yFhH1xivIxDLvR09urA0ew%3D%3D&trackingId=uNZR9yroR9f09CxN5gHYJw%3D%3D&position=14&pageNum=1,Talent Acquisition Coordinator - Internship,Internship,Not Applicable,2026-02-06,Alice & Bob,https://alice-bob.com/,,,,https://fr.linkedin.com/jobs/view/talent-acquisition-coordinator-internship-at-alice-bob-4369951744?refId=yFhH1xivIxDLvR09urA0ew%3D%3D&trackingId=uNZR9yroR9f09CxN5gHYJw%3D%3D&position=14&pageNum=1,5,Skipped,"Skipped: Role match but missing technical keywords: machine learning engineer intern, data scientist intern, ai engineer intern, research intern"
2026-02-08T02:12:21.814753,https://fr.linkedin.com/jobs/view/assistant-chef-de-projet-si-europe-f-h-stage-at-christian-dior-couture-4328665539?refId=TDT4kYD8Vj5nWFUYbH8V7g%3D%3D&trackingId=uU8kcnZDxsB1qIA3Bq2YhQ%3D%3D&position=2&pageNum=0,Assistant Chef de Projet SI Europe F/H - STAGE,Full-time,Internship,2026-02-02,Christian Dior Couture,https://www.dior.com/carrieres/index.html,,,,https://fr.linkedin.com/jobs/view/assistant-chef-de-projet-si-europe-f-h-stage-at-christian-dior-couture-4328665539?refId=TDT4kYD8Vj5nWFUYbH8V7g%3D%3D&trackingId=uU8kcnZDxsB1qIA3Bq2YhQ%3D%3D&position=2&pageNum=0,0,Skipped,Skipped: Job title 'Assistant Chef de Projet SI Europe F/H - STAGE' doesn't match ML/Data keywords
2026-02-08T02:12:21.818112,https://fr.linkedin.com/jobs/view/business-program-management-apprentice-at-microsoft-4365270837?refId=yFhH1xivIxDLvR09urA0ew%3D%3D&trackingId=HuFaUqkwtL9bXDOeGiPszA%3D%3D&position=16&pageNum=1,Business Program Management Apprentice,Full-time,Not Applicable,2026-01-22,Microsoft,https://news.microsoft.com/,,,,https://fr.linkedin.com/jobs/view/business-program-management-apprentice-at-microsoft-4365270837?refId=yFhH1xivIxDLvR09urA0ew%3D%3D&trackingId=HuFaUqkwtL9bXDOeGiPszA%3D%3D&position=16&pageNum=1,0,Skipped,Skipped: Job title 'Business Program Management Apprentice' doesn't match ML/Data keywords
2026-02-08T02:12:21.821330,https://fr.linkedin.com/jobs/view/automotive-recruiter-intern-at-mechanics-body-shops-marketplace-4264768443?refId=yFhH1xivIxDLvR09urA0ew%3D%3D&trackingId=wx9GDqfvjpZ78sQRrfo2UA%3D%3D&position=11&pageNum=1,Automotive Recruiter Intern,Internship,Internship,2025-07-09,Mechanics & Body Shops Marketplace,https://www.mechanicsmarketplace.com,,,,https://fr.linkedin.com/jobs/view/automotive-recruiter-intern-at-mechanics-body-shops-marketplace-4264768443?refId=yFhH1xivIxDLvR09urA0ew%3D%3D&trackingId=wx9GDqfvjpZ78sQRrfo2UA%3D%3D&position=11&pageNum=1,5,Skipped,"Skipped: Role match but missing technical keywords: machine learning engineer intern, data scientist intern, ai engineer intern, research intern"
2026-02-08T02:12:21.825166,https://fr.linkedin.com/jobs/view/client-experience-retail-assistant-stage-h-f-at-lemaire-4358818219?refId=yFhH1xivIxDLvR09urA0ew%3D%3D&trackingId=a3EKdmiw9Y%2BrGL8aEZDOYw%3D%3D&position=15&pageNum=1,Client Experience Retail Assistant - Stage (H/F),Internship,Internship,2026-02-04,LEMAIRE,http://www.lemaire.fr/,,,,https://fr.linkedin.com/jobs/view/client-experience-retail-assistant-stage-h-f-at-lemaire-4358818219?refId=yFhH1xivIxDLvR09urA0ew%3D%3D&trackingId=a3EKdmiw9Y%2BrGL8aEZDOYw%3D%3D&position=15&pageNum=1,0,Skipped,Skipped: Job title 'Client Experience Retail Assistant - Stage (H/F)' doesn't match ML/Data keywords
2026-02-08T02:12:21.828233,https://fr.linkedin.com/jobs/view/balenciaga-e-commerce-content-production-intern-march-2026-f-h-at-balenciaga-4365087443?refId=yFhH1xivIxDLvR09urA0ew%3D%3D&trackingId=snc%2Br3Gvz9LRCKQF3Q76AA%3D%3D&position=4&pageNum=1,BALENCIAGA - E-Commerce Content Production Intern - March 2026 (F/H),Full-time,Not Applicable,2026-01-21,BALENCIAGA,http://www.balenciaga.com,,,,https://fr.linkedin.com/jobs/view/balenciaga-e-commerce-content-production-intern-march-2026-f-h-at-balenciaga-4365087443?refId=yFhH1xivIxDLvR09urA0ew%3D%3D&trackingId=snc%2Br3Gvz9LRCKQF3Q76AA%3D%3D&position=4&pageNum=1,5,Skipped,"Skipped: Role match but missing technical keywords: machine learning engineer intern, data scientist intern, ai engineer intern, research intern"
2026-02-08T02:12:21.831222,https://fr.linkedin.com/jobs/view/operations-intern-%C3%AEle-de-france-start-date-2026-at-amazon-4308423942?refId=yFhH1xivIxDLvR09urA0ew%3D%3D&trackingId=wV6Ufpd%2BdrxTJJQsAQXxjw%3D%3D&position=9&pageNum=1,Operations Intern - Île de France - Start Date 2026,Full-time,Internship,2026-02-06,Amazon,https://www.aboutamazon.com/,,,,https://fr.linkedin.com/jobs/view/operations-intern-%C3%AEle-de-france-start-date-2026-at-amazon-4308423942?refId=yFhH1xivIxDLvR09urA0ew%3D%3D&trackingId=wV6Ufpd%2BdrxTJJQsAQXxjw%3D%3D&position=9&pageNum=1,5,Skipped,"Skipped: Role match but missing technical keywords: machine learning engineer intern, data scientist intern, ai engineer intern, research intern"
2026-02-08T02:12:21.833724,https://fr.linkedin.com/jobs/view/operations-intern-%C3%AEle-de-france-start-date-2026-at-amazon-4308419993?refId=yFhH1xivIxDLvR09urA0ew%3D%3D&trackingId=PoSPAS88rAImWRFYqaQ%2BNA%3D%3D&position=6&pageNum=1,Operations Intern - Île de France - Start Date 2026,Full-time,Internship,2026-02-06,Amazon,https://www.aboutamazon.com/,,,,https://fr.linkedin.com/jobs/view/operations-intern-%C3%AEle-de-france-start-date-2026-at-amazon-4308419993?refId=yFhH1xivIxDLvR09urA0ew%3D%3D&trackingId=PoSPAS88rAImWRFYqaQ%2BNA%3D%3D&position=6&pageNum=1,5,Skipped,"Skipped: Role match but missing technical keywords: machine learning engineer intern, data scientist intern, ai engineer intern, research intern"
2026-02-08T02:12:21.837645,https://fr.linkedin.com/jobs/view/intern-analyst-portfolio-manager-assistant-active-advisory-at-ubs-4328860268?refId=yFhH1xivIxDLvR09urA0ew%3D%3D&trackingId=YCWavid5kzTp8bBc7T61Gg%3D%3D&position=10&pageNum=1,Intern - Analyst & Portfolio Manager Assistant - Active Advisory,Full-time,Entry level,2026-02-03,UBS,http://www.ubs.com/about,,,,https://fr.linkedin.com/jobs/view/intern-analyst-portfolio-manager-assistant-active-advisory-at-ubs-4328860268?refId=yFhH1xivIxDLvR09urA0ew%3D%3D&trackingId=YCWavid5kzTp8bBc7T61Gg%3D%3D&position=10&pageNum=1,5,Skipped,"Skipped: Role match but missing technical keywords: machine learning engineer intern, data scientist intern, ai engineer intern, research intern"
2026-02-08T02:12:21.841978,https://fr.linkedin.com/jobs/view/stage-engineering-compliance-h-f-at-klepierre-4366810515?refId=yFhH1xivIxDLvR09urA0ew%3D%3D&trackingId=aAAplg5cw%2FZxJCukZBCZNQ%3D%3D&position=5&pageNum=1,Stage - Engineering Compliance H/F,Internship,Internship,2026-01-29,KLEPIERRE,http://www.klepierre.com,,,,https://fr.linkedin.com/jobs/view/stage-engineering-compliance-h-f-at-klepierre-4366810515?refId=yFhH1xivIxDLvR09urA0ew%3D%3D&trackingId=aAAplg5cw%2FZxJCukZBCZNQ%3D%3D&position=5&pageNum=1,5,Skipped,"Skipped: Role match but missing technical keywords: machine learning engineer intern, ai engineer intern"
2026-02-08T02:12:21.845743,https://fr.linkedin.com/jobs/view/intern-trader-assistant-at-engie-international-supply-energy-management-4350686142?refId=yFhH1xivIxDLvR09urA0ew%3D%3D&trackingId=aVgH1J%2BZmsbFHzed85wFOg%3D%3D&position=3&pageNum=1,Intern - Trader Assistant,Internship,Internship,2026-01-21,ENGIE - International Supply & Energy Management,https://gems.engie.com,,,,https://fr.linkedin.com/jobs/view/intern-trader-assistant-at-engie-international-supply-energy-management-4350686142?refId=yFhH1xivIxDLvR09urA0ew%3D%3D&trackingId=aVgH1J%2BZmsbFHzed85wFOg%3D%3D&position=3&pageNum=1,5,Skipped,"Skipped: Role match but missing technical keywords: machine learning engineer intern, data scientist intern, ai engineer intern, research intern"
2026-02-08T02:12:21.849341,https://fr.linkedin.com/jobs/view/stage-en-tourisme-at-indie-campers-4366942411?refId=OlFbuCuERjQrtvFzFrUiVg%3D%3D&trackingId=d9wNkn12%2Fr%2BZMV4EMt4t3w%3D%3D&position=25&pageNum=2,Stage en Tourisme,Full-time,Internship,2026-01-28,Indie Campers,https://indiecampers.com,,,,https://fr.linkedin.com/jobs/view/stage-en-tourisme-at-indie-campers-4366942411?refId=OlFbuCuERjQrtvFzFrUiVg%3D%3D&trackingId=d9wNkn12%2Fr%2BZMV4EMt4t3w%3D%3D&position=25&pageNum=2,0,Skipped,Skipped: Job title 'Stage en Tourisme' doesn't match ML/Data keywords
2026-02-08T02:12:21.852709,https://fr.linkedin.com/jobs/view/financial-analyst-intern-at-amazon-4335233610?refId=yFhH1xivIxDLvR09urA0ew%3D%3D&trackingId=t1G1aOVBkg1giLTzaRc3Ng%3D%3D&position=2&pageNum=1,Financial Analyst Intern,Full-time,Not Applicable,2026-02-04,Amazon,https://www.aboutamazon.com/,,,,https://fr.linkedin.com/jobs/view/financial-analyst-intern-at-amazon-4335233610?refId=yFhH1xivIxDLvR09urA0ew%3D%3D&trackingId=t1G1aOVBkg1giLTzaRc3Ng%3D%3D&position=2&pageNum=1,5,Skipped,"Skipped: Role match but missing technical keywords: machine learning engineer intern, data scientist intern, ai engineer intern, research intern"
2026-02-08T02:12:56.059398,https://fr.linkedin.com/jobs/view/global-editorial-content-marketing-stage-intern-paris-at-cozycozy-com-4337099031?refId=TDT4kYD8Vj5nWFUYbH8V7g%3D%3D&trackingId=lQ3UhALmdZBf3pExPHbyxg%3D%3D&position=24&pageNum=0,"Global Editorial Content Marketing Stage / Intern, Paris",Internship,Not Applicable,2025-11-20,cozycozy.com,https://www.cozycozy.com,,,,https://fr.linkedin.com/jobs/view/global-editorial-content-marketing-stage-intern-paris-at-cozycozy-com-4337099031?refId=TDT4kYD8Vj5nWFUYbH8V7g%3D%3D&trackingId=lQ3UhALmdZBf3pExPHbyxg%3D%3D&position=24&pageNum=0,5,Skipped,"Skipped: Role match but missing technical keywords: machine learning engineer intern, data scientist intern, ai engineer intern, research intern"
2026-02-08T02:12:56.063140,https://fr.linkedin.com/jobs/view/strategy-consultant-internship-private-equity-lyon-f-h-at-indefi-4325718969?refId=TDT4kYD8Vj5nWFUYbH8V7g%3D%3D&trackingId=bM17Rl%2BXmOa2EV%2F7H6pJZg%3D%3D&position=25&pageNum=0,Strategy Consultant Internship - Private Equity - Lyon F/H,Internship,Internship,2025-12-04,INDEFI,http://www.indefi.com,,,,https://fr.linkedin.com/jobs/view/strategy-consultant-internship-private-equity-lyon-f-h-at-indefi-4325718969?refId=TDT4kYD8Vj5nWFUYbH8V7g%3D%3D&trackingId=bM17Rl%2BXmOa2EV%2F7H6pJZg%3D%3D&position=25&pageNum=0,5,Skipped,"Skipped: Role match but missing technical keywords: machine learning engineer intern, data scientist intern, ai engineer intern, research intern"
2026-02-08T02:12:56.067098,https://fr.linkedin.com/jobs/view/revenue-operations-intern-at-swan-4329689579?refId=TDT4kYD8Vj5nWFUYbH8V7g%3D%3D&trackingId=tsDtDVlfh43mSk37a6Zqzw%3D%3D&position=22&pageNum=0,Revenue Operations Intern,Internship,Internship,2025-12-31,Swan,https://swan.io,,,,https://fr.linkedin.com/jobs/view/revenue-operations-intern-at-swan-4329689579?refId=TDT4kYD8Vj5nWFUYbH8V7g%3D%3D&trackingId=tsDtDVlfh43mSk37a6Zqzw%3D%3D&position=22&pageNum=0,5,Skipped,"Skipped: Role match but missing technical keywords: machine learning engineer intern, data scientist intern, ai engineer intern, research intern"
2026-02-08T02:12:56.070909,https://fr.linkedin.com/jobs/view/intern-global-talent-acquisition-project-management-h-f-at-lacoste-4297589491?refId=TDT4kYD8Vj5nWFUYbH8V7g%3D%3D&trackingId=DUZqCHP9qjh1Rx60ZJ29Yw%3D%3D&position=23&pageNum=0,Intern Global Talent Acquisition Project Management (H/F),Full-time,Not Applicable,2025-09-08,Lacoste,https://corporate.lacoste.com/,,,,https://fr.linkedin.com/jobs/view/intern-global-talent-acquisition-project-management-h-f-at-lacoste-4297589491?refId=TDT4kYD8Vj5nWFUYbH8V7g%3D%3D&trackingId=DUZqCHP9qjh1Rx60ZJ29Yw%3D%3D&position=23&pageNum=0,5,Skipped,"Skipped: Role match but missing technical keywords: machine learning engineer intern, data scientist intern, ai engineer intern, research intern"
2026-02-08T02:12:56.074815,https://fr.linkedin.com/jobs/view/stage-assistant-consultant-paid-social-h-f-at-dentsu-4345376920?refId=TDT4kYD8Vj5nWFUYbH8V7g%3D%3D&trackingId=lHI%2BQV8K2ZFZfoU57CmqdA%3D%3D&position=19&pageNum=0,STAGE - Assistant Consultant Paid Social H/F,Full-time,Internship,2026-01-12,dentsu,https://bit.ly/3lDa6Ff,,,,https://fr.linkedin.com/jobs/view/stage-assistant-consultant-paid-social-h-f-at-dentsu-4345376920?refId=TDT4kYD8Vj5nWFUYbH8V7g%3D%3D&trackingId=lHI%2BQV8K2ZFZfoU57CmqdA%3D%3D&position=19&pageNum=0,0,Skipped,Skipped: Job title 'STAGE - Assistant Consultant Paid Social H/F' doesn't match ML/Data keywords
2026-02-08T02:12:56.078275,https://fr.linkedin.com/jobs/view/oliver-wyman-stage-2a-polytechnique-paris-france-at-oliver-wyman-4359427349?refId=TDT4kYD8Vj5nWFUYbH8V7g%3D%3D&trackingId=E0XVYRIzueZ%2B6SSqXnCXzg%3D%3D&position=20&pageNum=0,Oliver Wyman - Stage 2A Polytechnique - Paris (France),Internship,Not Applicable,2026-01-31,Oliver Wyman,http://www.oliverwyman.com,,,,https://fr.linkedin.com/jobs/view/oliver-wyman-stage-2a-polytechnique-paris-france-at-oliver-wyman-4359427349?refId=TDT4kYD8Vj5nWFUYbH8V7g%3D%3D&trackingId=E0XVYRIzueZ%2B6SSqXnCXzg%3D%3D&position=20&pageNum=0,0,Skipped,Skipped: Job title 'Oliver Wyman - Stage 2A Polytechnique - Paris (France)' doesn't match ML/Data keywords
2026-02-08T02:12:56.082179,https://fr.linkedin.com/jobs/view/stage-marketing-operations-f-h-at-worldline-4332768064?refId=TDT4kYD8Vj5nWFUYbH8V7g%3D%3D&trackingId=6nDVxO%2FZXrKmawzQxLkpLA%3D%3D&position=21&pageNum=0,Stage - Marketing Operations (F/H),Internship,Entry level,2026-02-06,Worldline,http://worldline.com,,,,https://fr.linkedin.com/jobs/view/stage-marketing-operations-f-h-at-worldline-4332768064?refId=TDT4kYD8Vj5nWFUYbH8V7g%3D%3D&trackingId=6nDVxO%2FZXrKmawzQxLkpLA%3D%3D&position=21&pageNum=0,0,Skipped,Skipped: Job title 'Stage - Marketing Operations (F/H)' doesn't match ML/Data keywords
2026-02-08T02:12:56.086039,https://fr.linkedin.com/jobs/view/kering-data-product-owner-stage-at-kering-4361320470?refId=TDT4kYD8Vj5nWFUYbH8V7g%3D%3D&trackingId=vtgAwIhg5Q0oIIwmHJbk7g%3D%3D&position=18&pageNum=0,KERING Data Product Owner (stage),Full-time,Internship,2026-01-13,Kering,https://www.kering.com/en,,,,https://fr.linkedin.com/jobs/view/kering-data-product-owner-stage-at-kering-4361320470?refId=TDT4kYD8Vj5nWFUYbH8V7g%3D%3D&trackingId=vtgAwIhg5Q0oIIwmHJbk7g%3D%3D&position=18&pageNum=0,5,Skipped,Skipped: Role match but missing technical keywords: data scientist intern
2026-02-08T02:12:56.089860,https://fr.linkedin.com/jobs/view/intern-web-editor-gq-at-cond%C3%A9-nast-4362960775?refId=TDT4kYD8Vj5nWFUYbH8V7g%3D%3D&trackingId=%2B%2FOY0Lc%2FB8PxGrRC33p4xQ%3D%3D&position=14&pageNum=0,Intern Web Editor GQ,Full-time,Internship,2026-02-05,Condé Nast,http://www.condenast.com,,,,https://fr.linkedin.com/jobs/view/intern-web-editor-gq-at-cond%C3%A9-nast-4362960775?refId=TDT4kYD8Vj5nWFUYbH8V7g%3D%3D&trackingId=%2B%2FOY0Lc%2FB8PxGrRC33p4xQ%3D%3D&position=14&pageNum=0,5,Skipped,"Skipped: Role match but missing technical keywords: machine learning engineer intern, data scientist intern, ai engineer intern, research intern"
2026-02-08T02:12:56.093311,https://fr.linkedin.com/jobs/view/stage-global-strategy-intern-h-f-at-edenred-4365982064?refId=TDT4kYD8Vj5nWFUYbH8V7g%3D%3D&trackingId=OBeWqKSWvLIT7If%2F6w1VSA%3D%3D&position=16&pageNum=0,Stage - Global Strategy Intern (H/F),Internship,Internship,2026-01-27,Edenred,https://www.edenred.com,,,,https://fr.linkedin.com/jobs/view/stage-global-strategy-intern-h-f-at-edenred-4365982064?refId=TDT4kYD8Vj5nWFUYbH8V7g%3D%3D&trackingId=OBeWqKSWvLIT7If%2F6w1VSA%3D%3D&position=16&pageNum=0,5,Skipped,"Skipped: Role match but missing technical keywords: machine learning engineer intern, data scientist intern, ai engineer intern, research intern"
2026-02-08T02:12:56.096870,https://fr.linkedin.com/jobs/view/strategy-consultant-internship-private-equity-paris-f-h-at-indefi-4362145931?refId=TDT4kYD8Vj5nWFUYbH8V7g%3D%3D&trackingId=kluoyr6MdGCacE0v0JN1pA%3D%3D&position=13&pageNum=0,Strategy Consultant Internship - Private Equity - Paris F/H,Internship,Internship,2026-01-22,INDEFI,http://www.indefi.com,,,,https://fr.linkedin.com/jobs/view/strategy-consultant-internship-private-equity-paris-f-h-at-indefi-4362145931?refId=TDT4kYD8Vj5nWFUYbH8V7g%3D%3D&trackingId=kluoyr6MdGCacE0v0JN1pA%3D%3D&position=13&pageNum=0,5,Skipped,"Skipped: Role match but missing technical keywords: machine learning engineer intern, data scientist intern, ai engineer intern, research intern"
2026-02-08T02:12:56.100979,https://fr.linkedin.com/jobs/view/corporate-strategy-analyst-stage-paris-at-papernest-4367849121?refId=TDT4kYD8Vj5nWFUYbH8V7g%3D%3D&trackingId=AeFL6bExzQ8Ks95jWICv5A%3D%3D&position=17&pageNum=0,Corporate Strategy Analyst - Stage - Paris,Other,Not Applicable,2026-01-21,papernest,http://www.papernest.com,,,,https://fr.linkedin.com/jobs/view/corporate-strategy-analyst-stage-paris-at-papernest-4367849121?refId=TDT4kYD8Vj5nWFUYbH8V7g%3D%3D&trackingId=AeFL6bExzQ8Ks95jWICv5A%3D%3D&position=17&pageNum=0,0,Skipped,Skipped: Job title 'Corporate Strategy Analyst - Stage - Paris' doesn't match ML/Data keywords
2026-02-08T02:12:59.944298,https://fr.linkedin.com/jobs/view/data-analyst-assistant-operations-europe-stage-f-h-at-christian-dior-couture-4328475713?refId=TDT4kYD8Vj5nWFUYbH8V7g%3D%3D&trackingId=cAzGvHA2yNHZ2ccVYquH8w%3D%3D&position=8&pageNum=0,Data Analyst Assistant Operations Europe - Stage F/H,Full-time,Internship,2026-02-02,Christian Dior Couture,https://www.dior.com/carrieres/index.html,,,,https://fr.linkedin.com/jobs/view/data-analyst-assistant-operations-europe-stage-f-h-at-christian-dior-couture-4328475713?refId=TDT4kYD8Vj5nWFUYbH8V7g%3D%3D&trackingId=cAzGvHA2yNHZ2ccVYquH8w%3D%3D&position=8&pageNum=0,5,Skipped,Skipped: Role match but missing technical keywords: data scientist intern
2026-02-08T02:12:59.947469,https://fr.linkedin.com/jobs/view/vc-analyst-intern-at-wind-4353019038?refId=TDT4kYD8Vj5nWFUYbH8V7g%3D%3D&trackingId=iu%2B3C4iBlyDkhbup6EqcXw%3D%3D&position=12&pageNum=0,VC Analyst Intern,Internship,Internship,2026-01-15,Wind,http://wind.capital,,,,https://fr.linkedin.com/jobs/view/vc-analyst-intern-at-wind-4353019038?refId=TDT4kYD8Vj5nWFUYbH8V7g%3D%3D&trackingId=iu%2B3C4iBlyDkhbup6EqcXw%3D%3D&position=12&pageNum=0,5,Skipped,"Skipped: Role match but missing technical keywords: machine learning engineer intern, data scientist intern, ai engineer intern, research intern"
2026-02-08T02:12:59.951923,https://fr.linkedin.com/jobs/view/internship-chief-of-staff-at-twoway-4357429590?refId=TDT4kYD8Vj5nWFUYbH8V7g%3D%3D&trackingId=2%2FgPiHY1i%2Fy2o5AyZdxKrQ%3D%3D&position=9&pageNum=0,[Internship] Chief of Staff,Internship,Internship,2026-02-03,TwoWay,https://www.twoway.finance/,,,,https://fr.linkedin.com/jobs/view/internship-chief-of-staff-at-twoway-4357429590?refId=TDT4kYD8Vj5nWFUYbH8V7g%3D%3D&trackingId=2%2FgPiHY1i%2Fy2o5AyZdxKrQ%3D%3D&position=9&pageNum=0,5,Skipped,"Skipped: Role match but missing technical keywords: machine learning engineer intern, data scientist intern, ai engineer intern, research intern"
2026-02-08T02:12:59.968184,https://fr.linkedin.com/jobs/view/founder-associate-intern-at-n%C5%ABmi%C2%AE-4336590083?refId=TDT4kYD8Vj5nWFUYbH8V7g%3D%3D&trackingId=4U5L%2FZ5zntj%2BBZdRIH36AQ%3D%3D&position=10&pageNum=0,Founder associate intern,Internship,Internship,2025-10-23,Nūmi®,https://www.numi.life/,,,,https://fr.linkedin.com/jobs/view/founder-associate-intern-at-n%C5%ABmi%C2%AE-4336590083?refId=TDT4kYD8Vj5nWFUYbH8V7g%3D%3D&trackingId=4U5L%2FZ5zntj%2BBZdRIH36AQ%3D%3D&position=10&pageNum=0,5,Skipped,"Skipped: Role match but missing technical keywords: machine learning engineer intern, data scientist intern, ai engineer intern, research intern"
2026-02-08T02:12:59.972248,https://fr.linkedin.com/jobs/view/technology-growth-equity-investment-intern-starting-july-september-2026-for-6-months-at-revaia-4365517336?refId=TDT4kYD8Vj5nWFUYbH8V7g%3D%3D&trackingId=%2BhBFhY4DJR9%2F1H%2FQuyE9Ug%3D%3D&position=11&pageNum=0,Technology Growth Equity - Investment Intern - Starting July/September 2026 for 6 months,Internship,Internship,2026-01-23,Revaia,https://revaia.com,,,,https://fr.linkedin.com/jobs/view/technology-growth-equity-investment-intern-starting-july-september-2026-for-6-months-at-revaia-4365517336?refId=TDT4kYD8Vj5nWFUYbH8V7g%3D%3D&trackingId=%2BhBFhY4DJR9%2F1H%2FQuyE9Ug%3D%3D&position=11&pageNum=0,5,Skipped,"Skipped: Role match but missing technical keywords: machine learning engineer intern, data scientist intern, ai engineer intern, research intern"
2026-02-08T02:12:59.976806,https://fr.linkedin.com/jobs/view/intern-chinese-project-analyst-h-f-at-richemont-4360856769?refId=TDT4kYD8Vj5nWFUYbH8V7g%3D%3D&trackingId=9JI8hZwggGaIYhkx91%2BsXQ%3D%3D&position=6&pageNum=0,Intern - Chinese Project Analyst (H/F),Full-time,Internship,2026-01-19,Richemont,http://www.richemont.com/,,,,https://fr.linkedin.com/jobs/view/intern-chinese-project-analyst-h-f-at-richemont-4360856769?refId=TDT4kYD8Vj5nWFUYbH8V7g%3D%3D&trackingId=9JI8hZwggGaIYhkx91%2BsXQ%3D%3D&position=6&pageNum=0,5,Skipped,"Skipped: Role match but missing technical keywords: machine learning engineer intern, data scientist intern, ai engineer intern, research intern"
2026-02-08T02:12:59.979454,https://fr.linkedin.com/jobs/view/stage-marketing-analyst-consumer-insight-h-f-at-richemont-4368757407?refId=TDT4kYD8Vj5nWFUYbH8V7g%3D%3D&trackingId=%2FLkfwuAKrZxpVBMAoDYudg%3D%3D&position=5&pageNum=0,Stage - Marketing Analyst Consumer Insight (H/F),Full-time,Internship,2026-02-04,Richemont,http://www.richemont.com/,,,,https://fr.linkedin.com/jobs/view/stage-marketing-analyst-consumer-insight-h-f-at-richemont-4368757407?refId=TDT4kYD8Vj5nWFUYbH8V7g%3D%3D&trackingId=%2FLkfwuAKrZxpVBMAoDYudg%3D%3D&position=5&pageNum=0,0,Skipped,Skipped: Job title 'Stage - Marketing Analyst Consumer Insight (H/F)' doesn't match ML/Data keywords
2026-02-08T02:12:59.983245,https://fr.linkedin.com/jobs/view/software-engineering-full-stack-intern-in-sydney-australia-at-inautalent-4366978981?refId=TDT4kYD8Vj5nWFUYbH8V7g%3D%3D&trackingId=2pKtRIGC4A%2FcHqrFOf89uA%3D%3D&position=3&pageNum=0,"Software Engineering (Full-Stack) Intern - in Sydney, Australia",Full-time,Internship,2026-01-29,INAUTALENT,https://inautalent.com/,,,,https://fr.linkedin.com/jobs/view/software-engineering-full-stack-intern-in-sydney-australia-at-inautalent-4366978981?refId=TDT4kYD8Vj5nWFUYbH8V7g%3D%3D&trackingId=2pKtRIGC4A%2FcHqrFOf89uA%3D%3D&position=3&pageNum=0,5,Skipped,"Skipped: Role match but missing technical keywords: machine learning engineer intern, data scientist intern, ai engineer intern, research intern"
2026-02-08T02:12:59.986712,https://fr.linkedin.com/jobs/view/stage-assistant-e-chef-de-projet-marketing-ev%C3%A8nementiel-horlogerie-joaillerie-europe-juillet-2026-at-chanel-4329220344?refId=TDT4kYD8Vj5nWFUYbH8V7g%3D%3D&trackingId=9adg51Ng8zLXDyPSTfoiYg%3D%3D&position=1&pageNum=0,STAGE - Assistant(e) Chef de Projet Marketing & Evènementiel - Horlogerie Joaillerie EUROPE - Juillet 2026,Full-time,Internship,2026-02-04,CHANEL,http://www.chanel.com,,,,https://fr.linkedin.com/jobs/view/stage-assistant-e-chef-de-projet-marketing-ev%C3%A8nementiel-horlogerie-joaillerie-europe-juillet-2026-at-chanel-4329220344?refId=TDT4kYD8Vj5nWFUYbH8V7g%3D%3D&trackingId=9adg51Ng8zLXDyPSTfoiYg%3D%3D&position=1&pageNum=0,0,Skipped,Skipped: Job title 'STAGE - Assistant(e) Chef de Projet Marketing & Evènementiel - Horlogerie Joaillerie EUROPE - Juillet 2026' doesn't match ML/Data keywords
2026-02-08T02:12:59.990027,https://fr.linkedin.com/jobs/view/software-engineering-full-stack-intern-in-sydney-australia-at-inautalent-4366981885?refId=TDT4kYD8Vj5nWFUYbH8V7g%3D%3D&trackingId=Sqw4SyVslZJNoNVxLEdZNA%3D%3D&position=4&pageNum=0,"Software Engineering (Full-Stack) Intern - in Sydney, Australia",Full-time,Internship,2026-01-29,INAUTALENT,https://inautalent.com/,,,,https://fr.linkedin.com/jobs/view/software-engineering-full-stack-intern-in-sydney-australia-at-inautalent-4366981885?refId=TDT4kYD8Vj5nWFUYbH8V7g%3D%3D&trackingId=Sqw4SyVslZJNoNVxLEdZNA%3D%3D&position=4&pageNum=0,5,Skipped,"Skipped: Role match but missing technical keywords: machine learning engineer intern, data scientist intern, ai engineer intern, research intern"
2026-02-08T02:12:59.992745,https://fr.linkedin.com/jobs/view/stage-controlling-global-h-f-at-urgo-medical-4368275622?refId=TDT4kYD8Vj5nWFUYbH8V7g%3D%3D&trackingId=KyeLz%2FCnjBf4JvooFWukkw%3D%3D&position=7&pageNum=0,Stage Controlling Global (H/F),Internship,Internship,2026-02-03,Urgo Medical,http://urgomedical.com,,,,https://fr.linkedin.com/jobs/view/stage-controlling-global-h-f-at-urgo-medical-4368275622?refId=TDT4kYD8Vj5nWFUYbH8V7g%3D%3D&trackingId=KyeLz%2FCnjBf4JvooFWukkw%3D%3D&position=7&pageNum=0,0,Skipped,Skipped: Job title 'Stage Controlling Global (H/F)' doesn't match ML/Data keywords
2026-02-08T02:12:59.995079,https://fr.linkedin.com/jobs/view/solutions-engineer-intern-at-bigblue-4332308160?refId=yFhH1xivIxDLvR09urA0ew%3D%3D&trackingId=a21eGsX%2BTYhkExJy2sNeyg%3D%3D&position=7&pageNum=1,Solutions Engineer intern,Internship,Not Applicable,2025-10-27,Bigblue,https://www.bigblue.co/,,,,https://fr.linkedin.com/jobs/view/solutions-engineer-intern-at-bigblue-4332308160?refId=yFhH1xivIxDLvR09urA0ew%3D%3D&trackingId=a21eGsX%2BTYhkExJy2sNeyg%3D%3D&position=7&pageNum=1,5,Skipped,"Skipped: Role match but missing technical keywords: machine learning engineer intern, data scientist intern, ai engineer intern, research intern"
2026-02-08T02:12:59.997458,https://fr.linkedin.com/jobs/view/operations-intern-r%C3%A9gion-centre-start-date-2026-at-amazon-4308670140?refId=yFhH1xivIxDLvR09urA0ew%3D%3D&trackingId=fMAlcvvNor83YcvyLt5BwQ%3D%3D&position=24&pageNum=1,Operations Intern - Région Centre - Start Date 2026,Full-time,Internship,2026-02-05,Amazon,https://www.aboutamazon.com/,,,,https://fr.linkedin.com/jobs/view/operations-intern-r%C3%A9gion-centre-start-date-2026-at-amazon-4308670140?refId=yFhH1xivIxDLvR09urA0ew%3D%3D&trackingId=fMAlcvvNor83YcvyLt5BwQ%3D%3D&position=24&pageNum=1,5,Skipped,"Skipped: Role match but missing technical keywords: machine learning engineer intern, data scientist intern, ai engineer intern, research intern"
2026-02-08T02:13:00.001360,https://fr.linkedin.com/jobs/view/intern-film-grain-analysis-at-interdigital-inc-4365350699?refId=yFhH1xivIxDLvR09urA0ew%3D%3D&trackingId=TTufTbIQwywO9TStZrC9gw%3D%3D&position=8&pageNum=1,"Intern, Film Grain Analysis",Internship,Internship,2026-01-22,"InterDigital, Inc.",http://www.interdigital.com,,,,https://fr.linkedin.com/jobs/view/intern-film-grain-analysis-at-interdigital-inc-4365350699?refId=yFhH1xivIxDLvR09urA0ew%3D%3D&trackingId=TTufTbIQwywO9TStZrC9gw%3D%3D&position=8&pageNum=1,5,Skipped,"Skipped: Role match but missing technical keywords: machine learning engineer intern, data scientist intern, ai engineer intern, research intern"
2026-02-08T02:13:00.004503,https://fr.linkedin.com/jobs/view/stage-aliad-venture-capital-operations-controller-intern-h-f-at-air-liquide-4369972084?refId=yFhH1xivIxDLvR09urA0ew%3D%3D&trackingId=iM%2Bhd5m4KtnVVwqxNEa3XQ%3D%3D&position=25&pageNum=1,Stage - ALIAD - Venture Capital & Operations Controller Intern H/F,Full-time,Internship,2026-02-06,Air Liquide,http://www.airliquide.com,,,,https://fr.linkedin.com/jobs/view/stage-aliad-venture-capital-operations-controller-intern-h-f-at-air-liquide-4369972084?refId=yFhH1xivIxDLvR09urA0ew%3D%3D&trackingId=iM%2Bhd5m4KtnVVwqxNEa3XQ%3D%3D&position=25&pageNum=1,5,Skipped,"Skipped: Role match but missing technical keywords: machine learning engineer intern, data scientist intern, ai engineer intern, research intern"
2026-02-08T02:13:03.596381,https://fr.linkedin.com/jobs/view/stage-en-tourisme-at-indie-campers-4346307286?refId=yFhH1xivIxDLvR09urA0ew%3D%3D&trackingId=QrS%2BHMov5Y6o5O6QSC57tw%3D%3D&position=22&pageNum=1,Stage en Tourisme,Full-time,Internship,2025-12-26,Indie Campers,https://indiecampers.com,,,,https://fr.linkedin.com/jobs/view/stage-en-tourisme-at-indie-campers-4346307286?refId=yFhH1xivIxDLvR09urA0ew%3D%3D&trackingId=QrS%2BHMov5Y6o5O6QSC57tw%3D%3D&position=22&pageNum=1,0,Skipped,Skipped: Job title 'Stage en Tourisme' doesn't match ML/Data keywords
2026-02-08T02:13:03.599242,https://fr.linkedin.com/jobs/view/financial-analyst-intern-at-acca-careers-4365741298?refId=yFhH1xivIxDLvR09urA0ew%3D%3D&trackingId=rQ3egVgwyracXZgDzQZIcA%3D%3D&position=21&pageNum=1,Financial Analyst Intern,Internship,Internship,2026-01-23,ACCA Careers,https://jobs.accaglobal.com/,,,,https://fr.linkedin.com/jobs/view/financial-analyst-intern-at-acca-careers-4365741298?refId=yFhH1xivIxDLvR09urA0ew%3D%3D&trackingId=rQ3egVgwyracXZgDzQZIcA%3D%3D&position=21&pageNum=1,5,Skipped,"Skipped: Role match but missing technical keywords: machine learning engineer intern, data scientist intern, ai engineer intern, research intern"
2026-02-08T02:13:03.601643,https://fr.linkedin.com/jobs/view/fp-a-analyst-europe-apprentice-or-intern-f-h-at-catalina-marketing-costa-rica-4348313459?refId=yFhH1xivIxDLvR09urA0ew%3D%3D&trackingId=2M6B0KrPg%2BjfsZkLvbHPNg%3D%3D&position=20&pageNum=1,FP&A Analyst Europe Apprentice or Intern F/H,Internship,Internship,2025-12-03,Catalina Marketing Costa Rica,https://www.catalina.com,,,,https://fr.linkedin.com/jobs/view/fp-a-analyst-europe-apprentice-or-intern-f-h-at-catalina-marketing-costa-rica-4348313459?refId=yFhH1xivIxDLvR09urA0ew%3D%3D&trackingId=2M6B0KrPg%2BjfsZkLvbHPNg%3D%3D&position=20&pageNum=1,5,Skipped,"Skipped: Role match but missing technical keywords: machine learning engineer intern, data scientist intern, ai engineer intern, research intern"
2026-02-08T02:13:03.603875,https://fr.linkedin.com/jobs/view/stage-go-to-market-product-intern-at-havas-media-france-4265332688?refId=yFhH1xivIxDLvR09urA0ew%3D%3D&trackingId=IOtLtnlyWW2753%2FlTrm9pg%3D%3D&position=19&pageNum=1,STAGE - GO TO MARKET PRODUCT INTERN,Full-time,Internship,2025-09-11,Havas Media France,https://havasmedianetwork.com,,,,https://fr.linkedin.com/jobs/view/stage-go-to-market-product-intern-at-havas-media-france-4265332688?refId=yFhH1xivIxDLvR09urA0ew%3D%3D&trackingId=IOtLtnlyWW2753%2FlTrm9pg%3D%3D&position=19&pageNum=1,5,Skipped,"Skipped: Role match but missing technical keywords: machine learning engineer intern, data scientist intern, ai engineer intern, research intern"
2026-02-08T02:13:03.606581,https://fr.linkedin.com/jobs/view/strategy-operations-intern-paris-at-sunday-4362605280?refId=yFhH1xivIxDLvR09urA0ew%3D%3D&trackingId=sVfjHYZo4aen0TtssYg6Uw%3D%3D&position=18&pageNum=1,Strategy & Operations Intern - Paris,Full-time,Internship,2026-01-22,sunday,http://www.sundayapp.com,,,,https://fr.linkedin.com/jobs/view/strategy-operations-intern-paris-at-sunday-4362605280?refId=yFhH1xivIxDLvR09urA0ew%3D%3D&trackingId=sVfjHYZo4aen0TtssYg6Uw%3D%3D&position=18&pageNum=1,5,Skipped,"Skipped: Role match but missing technical keywords: machine learning engineer intern, data scientist intern, ai engineer intern, research intern"
2026-02-08T02:13:03.609354,https://fr.linkedin.com/jobs/view/stage-aliad-venture-capital-operations-controller-intern-h-f-at-air-liquide-4361372947?refId=yFhH1xivIxDLvR09urA0ew%3D%3D&trackingId=V%2F6DvbXlKbYbFyaoC5u2zw%3D%3D&position=13&pageNum=1,Stage - ALIAD - Venture Capital & Operations Controller Intern H/F,Full-time,Internship,2026-02-04,Air Liquide,http://www.airliquide.com,,,,https://fr.linkedin.com/jobs/view/stage-aliad-venture-capital-operations-controller-intern-h-f-at-air-liquide-4361372947?refId=yFhH1xivIxDLvR09urA0ew%3D%3D&trackingId=V%2F6DvbXlKbYbFyaoC5u2zw%3D%3D&position=13&pageNum=1,5,Skipped,"Skipped: Role match but missing technical keywords: machine learning engineer intern, data scientist intern, ai engineer intern, research intern"
2026-02-08T02:13:10.914909,https://fr.linkedin.com/jobs/view/talent-acquisition-coordinator-internship-at-alice-bob-4369951744?refId=yFhH1xivIxDLvR09urA0ew%3D%3D&trackingId=uNZR9yroR9f09CxN5gHYJw%3D%3D&position=14&pageNum=1,Talent Acquisition Coordinator - Internship,Internship,Not Applicable,2026-02-06,Alice & Bob,https://alice-bob.com/,,,,https://fr.linkedin.com/jobs/view/talent-acquisition-coordinator-internship-at-alice-bob-4369951744?refId=yFhH1xivIxDLvR09urA0ew%3D%3D&trackingId=uNZR9yroR9f09CxN5gHYJw%3D%3D&position=14&pageNum=1,5,Skipped,"Skipped: Role match but missing technical keywords: machine learning engineer intern, data scientist intern, ai engineer intern, research intern"
2026-02-08T02:13:10.918628,https://fr.linkedin.com/jobs/view/assistant-chef-de-projet-si-europe-f-h-stage-at-christian-dior-couture-4328665539?refId=TDT4kYD8Vj5nWFUYbH8V7g%3D%3D&trackingId=uU8kcnZDxsB1qIA3Bq2YhQ%3D%3D&position=2&pageNum=0,Assistant Chef de Projet SI Europe F/H - STAGE,Full-time,Internship,2026-02-02,Christian Dior Couture,https://www.dior.com/carrieres/index.html,,,,https://fr.linkedin.com/jobs/view/assistant-chef-de-projet-si-europe-f-h-stage-at-christian-dior-couture-4328665539?refId=TDT4kYD8Vj5nWFUYbH8V7g%3D%3D&trackingId=uU8kcnZDxsB1qIA3Bq2YhQ%3D%3D&position=2&pageNum=0,0,Skipped,Skipped: Job title 'Assistant Chef de Projet SI Europe F/H - STAGE' doesn't match ML/Data keywords
2026-02-08T02:13:10.922029,https://fr.linkedin.com/jobs/view/business-program-management-apprentice-at-microsoft-4365270837?refId=yFhH1xivIxDLvR09urA0ew%3D%3D&trackingId=HuFaUqkwtL9bXDOeGiPszA%3D%3D&position=16&pageNum=1,Business Program Management Apprentice,Full-time,Not Applicable,2026-01-22,Microsoft,https://news.microsoft.com/,,,,https://fr.linkedin.com/jobs/view/business-program-management-apprentice-at-microsoft-4365270837?refId=yFhH1xivIxDLvR09urA0ew%3D%3D&trackingId=HuFaUqkwtL9bXDOeGiPszA%3D%3D&position=16&pageNum=1,0,Skipped,Skipped: Job title 'Business Program Management Apprentice' doesn't match ML/Data keywords
2026-02-08T02:13:10.925364,https://fr.linkedin.com/jobs/view/automotive-recruiter-intern-at-mechanics-body-shops-marketplace-4264768443?refId=yFhH1xivIxDLvR09urA0ew%3D%3D&trackingId=wx9GDqfvjpZ78sQRrfo2UA%3D%3D&position=11&pageNum=1,Automotive Recruiter Intern,Internship,Internship,2025-07-09,Mechanics & Body Shops Marketplace,https://www.mechanicsmarketplace.com,,,,https://fr.linkedin.com/jobs/view/automotive-recruiter-intern-at-mechanics-body-shops-marketplace-4264768443?refId=yFhH1xivIxDLvR09urA0ew%3D%3D&trackingId=wx9GDqfvjpZ78sQRrfo2UA%3D%3D&position=11&pageNum=1,5,Skipped,"Skipped: Role match but missing technical keywords: machine learning engineer intern, data scientist intern, ai engineer intern, research intern"
2026-02-08T02:13:10.928248,https://fr.linkedin.com/jobs/view/client-experience-retail-assistant-stage-h-f-at-lemaire-4358818219?refId=yFhH1xivIxDLvR09urA0ew%3D%3D&trackingId=a3EKdmiw9Y%2BrGL8aEZDOYw%3D%3D&position=15&pageNum=1,Client Experience Retail Assistant - Stage (H/F),Internship,Internship,2026-02-04,LEMAIRE,http://www.lemaire.fr/,,,,https://fr.linkedin.com/jobs/view/client-experience-retail-assistant-stage-h-f-at-lemaire-4358818219?refId=yFhH1xivIxDLvR09urA0ew%3D%3D&trackingId=a3EKdmiw9Y%2BrGL8aEZDOYw%3D%3D&position=15&pageNum=1,0,Skipped,Skipped: Job title 'Client Experience Retail Assistant - Stage (H/F)' doesn't match ML/Data keywords
2026-02-08T02:13:10.931653,https://fr.linkedin.com/jobs/view/balenciaga-e-commerce-content-production-intern-march-2026-f-h-at-balenciaga-4365087443?refId=yFhH1xivIxDLvR09urA0ew%3D%3D&trackingId=snc%2Br3Gvz9LRCKQF3Q76AA%3D%3D&position=4&pageNum=1,BALENCIAGA - E-Commerce Content Production Intern - March 2026 (F/H),Full-time,Not Applicable,2026-01-21,BALENCIAGA,http://www.balenciaga.com,,,,https://fr.linkedin.com/jobs/view/balenciaga-e-commerce-content-production-intern-march-2026-f-h-at-balenciaga-4365087443?refId=yFhH1xivIxDLvR09urA0ew%3D%3D&trackingId=snc%2Br3Gvz9LRCKQF3Q76AA%3D%3D&position=4&pageNum=1,5,Skipped,"Skipped: Role match but missing technical keywords: machine learning engineer intern, data scientist intern, ai engineer intern, research intern"
2026-02-08T02:13:10.934466,https://fr.linkedin.com/jobs/view/operations-intern-%C3%AEle-de-france-start-date-2026-at-amazon-4308423942?refId=yFhH1xivIxDLvR09urA0ew%3D%3D&trackingId=wV6Ufpd%2BdrxTJJQsAQXxjw%3D%3D&position=9&pageNum=1,Operations Intern - Île de France - Start Date 2026,Full-time,Internship,2026-02-06,Amazon,https://www.aboutamazon.com/,,,,https://fr.linkedin.com/jobs/view/operations-intern-%C3%AEle-de-france-start-date-2026-at-amazon-4308423942?refId=yFhH1xivIxDLvR09urA0ew%3D%3D&trackingId=wV6Ufpd%2BdrxTJJQsAQXxjw%3D%3D&position=9&pageNum=1,5,Skipped,"Skipped: Role match but missing technical keywords: machine learning engineer intern, data scientist intern, ai engineer intern, research intern"
2026-02-08T02:13:10.937362,https://fr.linkedin.com/jobs/view/operations-intern-%C3%AEle-de-france-start-date-2026-at-amazon-4308419993?refId=yFhH1xivIxDLvR09urA0ew%3D%3D&trackingId=PoSPAS88rAImWRFYqaQ%2BNA%3D%3D&position=6&pageNum=1,Operations Intern - Île de France - Start Date 2026,Full-time,Internship,2026-02-06,Amazon,https://www.aboutamazon.com/,,,,https://fr.linkedin.com/jobs/view/operations-intern-%C3%AEle-de-france-start-date-2026-at-amazon-4308419993?refId=yFhH1xivIxDLvR09urA0ew%3D%3D&trackingId=PoSPAS88rAImWRFYqaQ%2BNA%3D%3D&position=6&pageNum=1,5,Skipped,"Skipped: Role match but missing technical keywords: machine learning engineer intern, data scientist intern, ai engineer intern, research intern"
2026-02-08T02:13:10.939977,https://fr.linkedin.com/jobs/view/intern-analyst-portfolio-manager-assistant-active-advisory-at-ubs-4328860268?refId=yFhH1xivIxDLvR09urA0ew%3D%3D&trackingId=YCWavid5kzTp8bBc7T61Gg%3D%3D&position=10&pageNum=1,Intern - Analyst & Portfolio Manager Assistant - Active Advisory,Full-time,Entry level,2026-02-03,UBS,http://www.ubs.com/about,,,,https://fr.linkedin.com/jobs/view/intern-analyst-portfolio-manager-assistant-active-advisory-at-ubs-4328860268?refId=yFhH1xivIxDLvR09urA0ew%3D%3D&trackingId=YCWavid5kzTp8bBc7T61Gg%3D%3D&position=10&pageNum=1,5,Skipped,"Skipped: Role match but missing technical keywords: machine learning engineer intern, data scientist intern, ai engineer intern, research intern"
2026-02-08T02:13:10.943144,https://fr.linkedin.com/jobs/view/stage-engineering-compliance-h-f-at-klepierre-4366810515?refId=yFhH1xivIxDLvR09urA0ew%3D%3D&trackingId=aAAplg5cw%2FZxJCukZBCZNQ%3D%3D&position=5&pageNum=1,Stage - Engineering Compliance H/F,Internship,Internship,2026-01-29,KLEPIERRE,http://www.klepierre.com,,,,https://fr.linkedin.com/jobs/view/stage-engineering-compliance-h-f-at-klepierre-4366810515?refId=yFhH1xivIxDLvR09urA0ew%3D%3D&trackingId=aAAplg5cw%2FZxJCukZBCZNQ%3D%3D&position=5&pageNum=1,5,Skipped,"Skipped: Role match but missing technical keywords: machine learning engineer intern, ai engineer intern"
2026-02-08T02:13:10.947645,https://fr.linkedin.com/jobs/view/intern-trader-assistant-at-engie-international-supply-energy-management-4350686142?refId=yFhH1xivIxDLvR09urA0ew%3D%3D&trackingId=aVgH1J%2BZmsbFHzed85wFOg%3D%3D&position=3&pageNum=1,Intern - Trader Assistant,Internship,Internship,2026-01-21,ENGIE - International Supply & Energy Management,https://gems.engie.com,,,,https://fr.linkedin.com/jobs/view/intern-trader-assistant-at-engie-international-supply-energy-management-4350686142?refId=yFhH1xivIxDLvR09urA0ew%3D%3D&trackingId=aVgH1J%2BZmsbFHzed85wFOg%3D%3D&position=3&pageNum=1,5,Skipped,"Skipped: Role match but missing technical keywords: machine learning engineer intern, data scientist intern, ai engineer intern, research intern"
2026-02-08T02:13:10.951427,https://fr.linkedin.com/jobs/view/stage-en-tourisme-at-indie-campers-4366942411?refId=OlFbuCuERjQrtvFzFrUiVg%3D%3D&trackingId=d9wNkn12%2Fr%2BZMV4EMt4t3w%3D%3D&position=25&pageNum=2,Stage en Tourisme,Full-time,Internship,2026-01-28,Indie Campers,https://indiecampers.com,,,,https://fr.linkedin.com/jobs/view/stage-en-tourisme-at-indie-campers-4366942411?refId=OlFbuCuERjQrtvFzFrUiVg%3D%3D&trackingId=d9wNkn12%2Fr%2BZMV4EMt4t3w%3D%3D&position=25&pageNum=2,0,Skipped,Skipped: Job title 'Stage en Tourisme' doesn't match ML/Data keywords
2026-02-08T02:13:10.953916,https://fr.linkedin.com/jobs/view/financial-analyst-intern-at-amazon-4335233610?refId=yFhH1xivIxDLvR09urA0ew%3D%3D&trackingId=t1G1aOVBkg1giLTzaRc3Ng%3D%3D&position=2&pageNum=1,Financial Analyst Intern,Full-time,Not Applicable,2026-02-04,Amazon,https://www.aboutamazon.com/,,,,https://fr.linkedin.com/jobs/view/financial-analyst-intern-at-amazon-4335233610?refId=yFhH1xivIxDLvR09urA0ew%3D%3D&trackingId=t1G1aOVBkg1giLTzaRc3Ng%3D%3D&position=2&pageNum=1,5,Skipped,"Skipped: Role match but missing technical keywords: machine learning engineer intern, data scientist intern, ai engineer intern, research intern"
